time="2026-10-07T20:06:08Z" level=info msg="Using docker host 'unix:///var/run/docker.sock', and daemon socket 'unix:///var/run/docker.sock'"
[session21-final-pipeline/Unit tests + lint (backend)                           ] ⭐ Run Set up job
[session21-final-pipeline/Unit tests + lint (backend)                           ] 🚀  Start image=catthehacker/ubuntu:act-latest
[session21-final-pipeline/SAST (bandit)                                         ] ⭐ Run Set up job
[session21-final-pipeline/SAST (bandit)                                         ] 🚀  Start image=catthehacker/ubuntu:act-latest
[session21-final-pipeline/Secret scan (gitleaks)                                ] ⭐ Run Set up job
[session21-final-pipeline/Secret scan (gitleaks)                                ] 🚀  Start image=catthehacker/ubuntu:act-latest
[session21-final-pipeline/Frontend build                                        ] ⭐ Run Set up job
[session21-final-pipeline/SCA + IaC scan (pip-audit, npm audit, trivy fs/config)] ⭐ Run Set up job
[session21-final-pipeline/Frontend build                                        ] 🚀  Start image=catthehacker/ubuntu:act-latest
[session21-final-pipeline/SCA + IaC scan (pip-audit, npm audit, trivy fs/config)] 🚀  Start image=catthehacker/ubuntu:act-latest
[session21-final-pipeline/Frontend build                                        ]   🐳  docker pull image=catthehacker/ubuntu:act-latest platform=linux/amd64 username= forcePull=true
[session21-final-pipeline/Secret scan (gitleaks)                                ]   🐳  docker pull image=catthehacker/ubuntu:act-latest platform=linux/amd64 username= forcePull=true
[session21-final-pipeline/SAST (bandit)                                         ]   🐳  docker pull image=catthehacker/ubuntu:act-latest platform=linux/amd64 username= forcePull=true
[session21-final-pipeline/SCA + IaC scan (pip-audit, npm audit, trivy fs/config)]   🐳  docker pull image=catthehacker/ubuntu:act-latest platform=linux/amd64 username= forcePull=true
[session21-final-pipeline/Unit tests + lint (backend)                           ]   🐳  docker pull image=catthehacker/ubuntu:act-latest platform=linux/amd64 username= forcePull=true
[session21-final-pipeline/Unit tests + lint (backend)                           ]   🐳  docker create image=catthehacker/ubuntu:act-latest platform=linux/amd64 entrypoint=["tail" "-f" "/dev/null"] cmd=[] network="bridge"
[session21-final-pipeline/Secret scan (gitleaks)                                ]   🐳  docker create image=catthehacker/ubuntu:act-latest platform=linux/amd64 entrypoint=["tail" "-f" "/dev/null"] cmd=[] network="bridge"
[session21-final-pipeline/SAST (bandit)                                         ]   🐳  docker create image=catthehacker/ubuntu:act-latest platform=linux/amd64 entrypoint=["tail" "-f" "/dev/null"] cmd=[] network="bridge"
[session21-final-pipeline/Frontend build                                        ]   🐳  docker create image=catthehacker/ubuntu:act-latest platform=linux/amd64 entrypoint=["tail" "-f" "/dev/null"] cmd=[] network="bridge"
[session21-final-pipeline/SAST (bandit)                                         ]   🐳  docker run image=catthehacker/ubuntu:act-latest platform=linux/amd64 entrypoint=["tail" "-f" "/dev/null"] cmd=[] network="bridge"
[session21-final-pipeline/Unit tests + lint (backend)                           ]   🐳  docker run image=catthehacker/ubuntu:act-latest platform=linux/amd64 entrypoint=["tail" "-f" "/dev/null"] cmd=[] network="bridge"
[session21-final-pipeline/Frontend build                                        ]   🐳  docker run image=catthehacker/ubuntu:act-latest platform=linux/amd64 entrypoint=["tail" "-f" "/dev/null"] cmd=[] network="bridge"
[session21-final-pipeline/Secret scan (gitleaks)                                ]   🐳  docker run image=catthehacker/ubuntu:act-latest platform=linux/amd64 entrypoint=["tail" "-f" "/dev/null"] cmd=[] network="bridge"
[session21-final-pipeline/SCA + IaC scan (pip-audit, npm audit, trivy fs/config)]   🐳  docker create image=catthehacker/ubuntu:act-latest platform=linux/amd64 entrypoint=["tail" "-f" "/dev/null"] cmd=[] network="bridge"
[session21-final-pipeline/SAST (bandit)                                         ]   🐳  docker exec cmd=[node --no-warnings -e console.log(process.execPath)] user= workdir=
[session21-final-pipeline/Unit tests + lint (backend)                           ]   🐳  docker exec cmd=[node --no-warnings -e console.log(process.execPath)] user= workdir=
[session21-final-pipeline/Frontend build                                        ]   🐳  docker exec cmd=[node --no-warnings -e console.log(process.execPath)] user= workdir=
[session21-final-pipeline/Secret scan (gitleaks)                                ]   🐳  docker exec cmd=[node --no-warnings -e console.log(process.execPath)] user= workdir=
[session21-final-pipeline/Unit tests + lint (backend)                           ]   ✅  Success - Set up job
[session21-final-pipeline/SAST (bandit)                                         ]   ✅  Success - Set up job
[session21-final-pipeline/Frontend build                                        ]   ✅  Success - Set up job
[session21-final-pipeline/Secret scan (gitleaks)                                ]   ✅  Success - Set up job
[session21-final-pipeline/Unit tests + lint (backend)                           ]   ☁  git clone 'https://github.com/actions/setup-python' # ref=v5
[session21-final-pipeline/SAST (bandit)                                         ]   ☁  git clone 'https://github.com/actions/setup-python' # ref=v5
[session21-final-pipeline/Frontend build                                        ]   ☁  git clone 'https://github.com/actions/setup-node' # ref=v4
[session21-final-pipeline/SCA + IaC scan (pip-audit, npm audit, trivy fs/config)]   🐳  docker run image=catthehacker/ubuntu:act-latest platform=linux/amd64 entrypoint=["tail" "-f" "/dev/null"] cmd=[] network="bridge"
[session21-final-pipeline/Secret scan (gitleaks)                                ] ⭐ Run Main actions/checkout@v4
[session21-final-pipeline/Secret scan (gitleaks)                                ]   🐳  docker cp src=/tmp/act-ws/. dst=/tmp/act-ws
[session21-final-pipeline/Secret scan (gitleaks)                                ]   ✅  Success - Main actions/checkout@v4 [121.940618ms]
[session21-final-pipeline/Secret scan (gitleaks)                                ] ⭐ Run Main Install gitleaks
[session21-final-pipeline/Secret scan (gitleaks)                                ]   🐳  docker exec cmd=[bash -e /var/run/act/workflow/1] user= workdir=session-21-final-devops-project/final-devops-project
[session21-final-pipeline/SCA + IaC scan (pip-audit, npm audit, trivy fs/config)]   🐳  docker exec cmd=[node --no-warnings -e console.log(process.execPath)] user= workdir=
[session21-final-pipeline/SCA + IaC scan (pip-audit, npm audit, trivy fs/config)]   ✅  Success - Set up job
[session21-final-pipeline/SCA + IaC scan (pip-audit, npm audit, trivy fs/config)]   ☁  git clone 'https://github.com/actions/setup-python' # ref=v5
[session21-final-pipeline/Secret scan (gitleaks)                                ]   ✅  Success - Main Install gitleaks [1.073160915s]
[session21-final-pipeline/Secret scan (gitleaks)                                ] ⭐ Run Main gitleaks (whole project directory)
[session21-final-pipeline/Secret scan (gitleaks)                                ]   🐳  docker exec cmd=[bash -e /var/run/act/workflow/2] user= workdir=session-21-final-devops-project/final-devops-project
[session21-final-pipeline/Unit tests + lint (backend)                           ]   ☁  git clone 'https://github.com/actions/upload-artifact' # ref=v4
[session21-final-pipeline/Secret scan (gitleaks)                                ]   | [90m8:06PM[0m [32mINF[0m [1mscanned ~231879 bytes (231.88 KB) in 51.5ms[0m
[session21-final-pipeline/Secret scan (gitleaks)                                ]   | [90m8:06PM[0m [32mINF[0m [1mno leaks found[0m
[session21-final-pipeline/Secret scan (gitleaks)                                ]   ✅  Success - Main gitleaks (whole project directory) [548.047801ms]
[session21-final-pipeline/Secret scan (gitleaks)                                ] ⭐ Run Complete job
[session21-final-pipeline/Secret scan (gitleaks)                                ] Cleaning up container for job Secret scan (gitleaks)
[session21-final-pipeline/Secret scan (gitleaks)                                ]   ✅  Success - Complete job
[session21-final-pipeline/Secret scan (gitleaks)                                ] 🏁  Job succeeded
[session21-final-pipeline/SAST (bandit)                                         ] ⭐ Run Main actions/checkout@v4
[session21-final-pipeline/SAST (bandit)                                         ]   🐳  docker cp src=/tmp/act-ws/. dst=/tmp/act-ws
[session21-final-pipeline/SAST (bandit)                                         ]   ✅  Success - Main actions/checkout@v4 [84.342755ms]
[session21-final-pipeline/SAST (bandit)                                         ] ⭐ Run Main actions/setup-python@v5
[session21-final-pipeline/SAST (bandit)                                         ]   🐳  docker cp src=/home/vansh/.cache/act/actions-setup-python@v5/ dst=/var/run/act/actions/actions-setup-python@v5/
[session21-final-pipeline/SAST (bandit)                                         ]   🐳  docker exec cmd=[/opt/acttoolcache/node/24.19.0/x64/bin/node /var/run/act/actions/actions-setup-python@v5/dist/setup/index.js] user= workdir=
[session21-final-pipeline/SAST (bandit)                                         ]   ❓  ::group::Installed versions
[session21-final-pipeline/SAST (bandit)                                         ]   | (node:31) [DEP0040] DeprecationWarning: The `punycode` module is deprecated. Please use a userland alternative instead.
[session21-final-pipeline/SAST (bandit)                                         ]   | (Use `node --trace-deprecation ...` to show where the warning was created)
[session21-final-pipeline/SAST (bandit)                                         ]   | Successfully set up CPython (3.12.15)
[session21-final-pipeline/SAST (bandit)                                         ]   ❓  ::endgroup::
[session21-final-pipeline/SAST (bandit)                                         ]   ❓ add-matcher /run/act/actions/actions-setup-python@v5/.github/python.json
[session21-final-pipeline/SAST (bandit)                                         ]   ✅  Success - Main actions/setup-python@v5 [669.386959ms]
[session21-final-pipeline/SAST (bandit)                                         ]   ⚙  ::set-env:: pythonLocation=/opt/hostedtoolcache/Python/3.12.15/x64
[session21-final-pipeline/SAST (bandit)                                         ]   ⚙  ::set-env:: PKG_CONFIG_PATH=/opt/hostedtoolcache/Python/3.12.15/x64/lib/pkgconfig
[session21-final-pipeline/SAST (bandit)                                         ]   ⚙  ::set-env:: Python_ROOT_DIR=/opt/hostedtoolcache/Python/3.12.15/x64
[session21-final-pipeline/SAST (bandit)                                         ]   ⚙  ::set-env:: Python2_ROOT_DIR=/opt/hostedtoolcache/Python/3.12.15/x64
[session21-final-pipeline/SAST (bandit)                                         ]   ⚙  ::set-env:: Python3_ROOT_DIR=/opt/hostedtoolcache/Python/3.12.15/x64
[session21-final-pipeline/SAST (bandit)                                         ]   ⚙  ::set-env:: LD_LIBRARY_PATH=/opt/hostedtoolcache/Python/3.12.15/x64/lib
[session21-final-pipeline/SAST (bandit)                                         ]   ⚙  ::set-output:: python-version=3.12.15
[session21-final-pipeline/SAST (bandit)                                         ]   ⚙  ::set-output:: python-path=/opt/hostedtoolcache/Python/3.12.15/x64/bin/python
[session21-final-pipeline/SAST (bandit)                                         ]   ⚙  ::add-path:: /opt/hostedtoolcache/Python/3.12.15/x64
[session21-final-pipeline/SAST (bandit)                                         ]   ⚙  ::add-path:: /opt/hostedtoolcache/Python/3.12.15/x64/bin
[session21-final-pipeline/SAST (bandit)                                         ] ⭐ Run Main pip install bandit==1.9.4
[session21-final-pipeline/SAST (bandit)                                         ]   🐳  docker exec cmd=[bash -e /var/run/act/workflow/2] user= workdir=session-21-final-devops-project/final-devops-project
[session21-final-pipeline/Frontend build                                        ] ⭐ Run Main actions/checkout@v4
[session21-final-pipeline/Frontend build                                        ]   🐳  docker cp src=/tmp/act-ws/. dst=/tmp/act-ws
[session21-final-pipeline/Frontend build                                        ]   ✅  Success - Main actions/checkout@v4 [104.527545ms]
[session21-final-pipeline/Frontend build                                        ] ⭐ Run Main actions/setup-node@v4
[session21-final-pipeline/Frontend build                                        ]   🐳  docker cp src=/home/vansh/.cache/act/actions-setup-node@v4/ dst=/var/run/act/actions/actions-setup-node@v4/
[session21-final-pipeline/SAST (bandit)                                         ]   | Requirement already satisfied: bandit==1.9.4 in /opt/hostedtoolcache/Python/3.12.15/x64/lib/python3.12/site-packages (1.9.4)
[session21-final-pipeline/SAST (bandit)                                         ]   | Requirement already satisfied: PyYAML>=5.3.1 in /opt/hostedtoolcache/Python/3.12.15/x64/lib/python3.12/site-packages (from bandit==1.9.4) (6.0.3)
[session21-final-pipeline/SAST (bandit)                                         ]   | Requirement already satisfied: stevedore>=1.20.0 in /opt/hostedtoolcache/Python/3.12.15/x64/lib/python3.12/site-packages (from bandit==1.9.4) (5.9.1)
[session21-final-pipeline/SAST (bandit)                                         ]   | Requirement already satisfied: rich in /opt/hostedtoolcache/Python/3.12.15/x64/lib/python3.12/site-packages (from bandit==1.9.4) (15.0.0)
[session21-final-pipeline/SAST (bandit)                                         ]   | Requirement already satisfied: markdown-it-py>=2.2.0 in /opt/hostedtoolcache/Python/3.12.15/x64/lib/python3.12/site-packages (from rich->bandit==1.9.4) (4.2.0)
[session21-final-pipeline/SAST (bandit)                                         ]   | Requirement already satisfied: pygments<3.0.0,>=2.13.0 in /opt/hostedtoolcache/Python/3.12.15/x64/lib/python3.12/site-packages (from rich->bandit==1.9.4) (2.21.0)
[session21-final-pipeline/SAST (bandit)                                         ]   | Requirement already satisfied: mdurl~=0.1 in /opt/hostedtoolcache/Python/3.12.15/x64/lib/python3.12/site-packages (from markdown-it-py>=2.2.0->rich->bandit==1.9.4) (0.1.2)
[session21-final-pipeline/SAST (bandit)                                         ]   | WARNING: Running pip as the 'root' user can result in broken permissions and conflicting behaviour with the system package manager, possibly rendering your system unusable. It is recommended to use a virtual environment instead: https://pip.pypa.io/warnings/venv. Use the --root-user-action option if you know what you are doing and want to suppress this warning.
[session21-final-pipeline/SAST (bandit)                                         ]   ✅  Success - Main pip install bandit==1.9.4 [860.611863ms]
[session21-final-pipeline/SAST (bandit)                                         ] ⭐ Run Main Bandit (fail on medium+ severity, medium+ confidence)
[session21-final-pipeline/SAST (bandit)                                         ]   🐳  docker exec cmd=[bash -e /var/run/act/workflow/3] user= workdir=session-21-final-devops-project/final-devops-project
[session21-final-pipeline/SAST (bandit)                                         ]   | [main]	INFO	profile include tests: None
[session21-final-pipeline/SAST (bandit)                                         ]   | [main]	INFO	profile exclude tests: None
[session21-final-pipeline/SAST (bandit)                                         ]   | [main]	INFO	cli include tests: None
[session21-final-pipeline/SAST (bandit)                                         ]   | [main]	INFO	cli exclude tests: None
[session21-final-pipeline/SAST (bandit)                                         ]   | [main]	INFO	using config: security/bandit.yaml
[session21-final-pipeline/SAST (bandit)                                         ]   | [main]	INFO	running on Python 3.12.15
[session21-final-pipeline/SAST (bandit)                                         ]   | Run started:2026-10-07 20:06:17.125018+00:00
[session21-final-pipeline/SAST (bandit)                                         ]   | 
[session21-final-pipeline/SAST (bandit)                                         ]   | Test results:
[session21-final-pipeline/SAST (bandit)                                         ]   | 	No issues identified.
[session21-final-pipeline/SAST (bandit)                                         ]   | 
[session21-final-pipeline/SAST (bandit)                                         ]   | Code scanned:
[session21-final-pipeline/SAST (bandit)                                         ]   | 	Total lines of code: 195
[session21-final-pipeline/SAST (bandit)                                         ]   | 	Total lines skipped (#nosec): 0
[session21-final-pipeline/SAST (bandit)                                         ]   | 	Total potential issues skipped due to specifically being disabled (e.g., #nosec BXXX): 0
[session21-final-pipeline/SAST (bandit)                                         ]   | 
[session21-final-pipeline/SAST (bandit)                                         ]   | Run metrics:
[session21-final-pipeline/SAST (bandit)                                         ]   | 	Total issues (by severity):
[session21-final-pipeline/SAST (bandit)                                         ]   | 		Undefined: 0
[session21-final-pipeline/SAST (bandit)                                         ]   | 		Low: 0
[session21-final-pipeline/SAST (bandit)                                         ]   | 		Medium: 0
[session21-final-pipeline/SAST (bandit)                                         ]   | 		High: 0
[session21-final-pipeline/SAST (bandit)                                         ]   | 	Total issues (by confidence):
[session21-final-pipeline/SAST (bandit)                                         ]   | 		Undefined: 0
[session21-final-pipeline/SAST (bandit)                                         ]   | 		Low: 0
[session21-final-pipeline/SAST (bandit)                                         ]   | 		Medium: 0
[session21-final-pipeline/SAST (bandit)                                         ]   | 		High: 0
[session21-final-pipeline/SAST (bandit)                                         ]   | Files skipped (0):
[session21-final-pipeline/SCA + IaC scan (pip-audit, npm audit, trivy fs/config)]   ☁  git clone 'https://github.com/actions/setup-node' # ref=v4
[session21-final-pipeline/Frontend build                                        ]   🐳  docker exec cmd=[/opt/acttoolcache/node/24.19.0/x64/bin/node /var/run/act/actions/actions-setup-node@v4/dist/setup/index.js] user= workdir=
[session21-final-pipeline/SAST (bandit)                                         ]   ✅  Success - Main Bandit (fail on medium+ severity, medium+ confidence) [319.19022ms]
[session21-final-pipeline/SAST (bandit)                                         ] ⭐ Run Post actions/setup-python@v5
[session21-final-pipeline/SAST (bandit)                                         ]   🐳  docker exec cmd=[/opt/acttoolcache/node/24.19.0/x64/bin/node /var/run/act/actions/actions-setup-python@v5/dist/cache-save/index.js] user= workdir=
[session21-final-pipeline/Frontend build                                        ]   | Found in cache @ /opt/hostedtoolcache/node/22.23.3/x64
[session21-final-pipeline/Frontend build                                        ]   | (node:30) [DEP0040] DeprecationWarning: The `punycode` module is deprecated. Please use a userland alternative instead.
[session21-final-pipeline/Frontend build                                        ]   | (Use `node --trace-deprecation ...` to show where the warning was created)
[session21-final-pipeline/Frontend build                                        ]   ❓  ::group::Environment details
[session21-final-pipeline/SAST (bandit)                                         ]   | (node:74) [DEP0040] DeprecationWarning: The `punycode` module is deprecated. Please use a userland alternative instead.
[session21-final-pipeline/SAST (bandit)                                         ]   | (Use `node --trace-deprecation ...` to show where the warning was created)
[session21-final-pipeline/SAST (bandit)                                         ]   ✅  Success - Post actions/setup-python@v5 [193.481344ms]
[session21-final-pipeline/SAST (bandit)                                         ] ⭐ Run Complete job
[session21-final-pipeline/SAST (bandit)                                         ] Cleaning up container for job SAST (bandit)
[session21-final-pipeline/Frontend build                                        ]   | node: v22.23.3
[session21-final-pipeline/Frontend build                                        ]   | npm: 10.9.9
[session21-final-pipeline/Frontend build                                        ]   | yarn: 
[session21-final-pipeline/Frontend build                                        ]   ❓  ::endgroup::
[session21-final-pipeline/Frontend build                                        ]   ❓ add-matcher /run/act/actions/actions-setup-node@v4/.github/tsc.json
[session21-final-pipeline/Frontend build                                        ]   ❓ add-matcher /run/act/actions/actions-setup-node@v4/.github/eslint-stylish.json
[session21-final-pipeline/Frontend build                                        ]   ❓ add-matcher /run/act/actions/actions-setup-node@v4/.github/eslint-compact.json
[session21-final-pipeline/Frontend build                                        ]   ✅  Success - Main actions/setup-node@v4 [1.044814288s]
[session21-final-pipeline/Frontend build                                        ]   ⚙  ::set-output:: node-version=v22.23.3
[session21-final-pipeline/Frontend build                                        ]   ⚙  ::add-path:: /opt/hostedtoolcache/node/22.23.3/x64/bin
[session21-final-pipeline/Frontend build                                        ] ⭐ Run Main npm ci + build
[session21-final-pipeline/Frontend build                                        ]   🐳  docker exec cmd=[bash -e /var/run/act/workflow/2] user= workdir=session-21-final-devops-project/final-devops-project/application/frontend
[session21-final-pipeline/SAST (bandit)                                         ]   ✅  Success - Complete job
[session21-final-pipeline/SAST (bandit)                                         ] 🏁  Job succeeded
[session21-final-pipeline/Unit tests + lint (backend)                           ] ⭐ Run Main actions/checkout@v4
[session21-final-pipeline/Unit tests + lint (backend)                           ]   🐳  docker cp src=/tmp/act-ws/. dst=/tmp/act-ws
[session21-final-pipeline/Unit tests + lint (backend)                           ]   ✅  Success - Main actions/checkout@v4 [105.720208ms]
[session21-final-pipeline/Unit tests + lint (backend)                           ] ⭐ Run Main actions/setup-python@v5
[session21-final-pipeline/Unit tests + lint (backend)                           ]   🐳  docker cp src=/home/vansh/.cache/act/actions-setup-python@v5/ dst=/var/run/act/actions/actions-setup-python@v5/
[session21-final-pipeline/Unit tests + lint (backend)                           ]   🐳  docker exec cmd=[/opt/acttoolcache/node/24.19.0/x64/bin/node /var/run/act/actions/actions-setup-python@v5/dist/setup/index.js] user= workdir=
[session21-final-pipeline/Unit tests + lint (backend)                           ]   ❓  ::group::Installed versions
[session21-final-pipeline/Unit tests + lint (backend)                           ]   | (node:31) [DEP0040] DeprecationWarning: The `punycode` module is deprecated. Please use a userland alternative instead.
[session21-final-pipeline/Unit tests + lint (backend)                           ]   | (Use `node --trace-deprecation ...` to show where the warning was created)
[session21-final-pipeline/Unit tests + lint (backend)                           ]   | Successfully set up CPython (3.12.15)
[session21-final-pipeline/Unit tests + lint (backend)                           ]   ❓  ::endgroup::
[session21-final-pipeline/Unit tests + lint (backend)                           ]   ❓ add-matcher /run/act/actions/actions-setup-python@v5/.github/python.json
[session21-final-pipeline/Unit tests + lint (backend)                           ]   ✅  Success - Main actions/setup-python@v5 [931.778737ms]
[session21-final-pipeline/Unit tests + lint (backend)                           ]   ⚙  ::set-env:: LD_LIBRARY_PATH=/opt/hostedtoolcache/Python/3.12.15/x64/lib
[session21-final-pipeline/Unit tests + lint (backend)                           ]   ⚙  ::set-env:: pythonLocation=/opt/hostedtoolcache/Python/3.12.15/x64
[session21-final-pipeline/Unit tests + lint (backend)                           ]   ⚙  ::set-env:: PKG_CONFIG_PATH=/opt/hostedtoolcache/Python/3.12.15/x64/lib/pkgconfig
[session21-final-pipeline/Unit tests + lint (backend)                           ]   ⚙  ::set-env:: Python_ROOT_DIR=/opt/hostedtoolcache/Python/3.12.15/x64
[session21-final-pipeline/Unit tests + lint (backend)                           ]   ⚙  ::set-env:: Python2_ROOT_DIR=/opt/hostedtoolcache/Python/3.12.15/x64
[session21-final-pipeline/Unit tests + lint (backend)                           ]   ⚙  ::set-env:: Python3_ROOT_DIR=/opt/hostedtoolcache/Python/3.12.15/x64
[session21-final-pipeline/Unit tests + lint (backend)                           ]   ⚙  ::set-output:: python-version=3.12.15
[session21-final-pipeline/Unit tests + lint (backend)                           ]   ⚙  ::set-output:: python-path=/opt/hostedtoolcache/Python/3.12.15/x64/bin/python
[session21-final-pipeline/Unit tests + lint (backend)                           ]   ⚙  ::add-path:: /opt/hostedtoolcache/Python/3.12.15/x64
[session21-final-pipeline/Unit tests + lint (backend)                           ]   ⚙  ::add-path:: /opt/hostedtoolcache/Python/3.12.15/x64/bin
[session21-final-pipeline/Unit tests + lint (backend)                           ] ⭐ Run Main Install dependencies
[session21-final-pipeline/SCA + IaC scan (pip-audit, npm audit, trivy fs/config)] ⭐ Run Main actions/checkout@v4
[session21-final-pipeline/Unit tests + lint (backend)                           ]   🐳  docker exec cmd=[bash -e /var/run/act/workflow/2] user= workdir=session-21-final-devops-project/final-devops-project/application/backend
[session21-final-pipeline/SCA + IaC scan (pip-audit, npm audit, trivy fs/config)]   🐳  docker cp src=/tmp/act-ws/. dst=/tmp/act-ws
[session21-final-pipeline/SCA + IaC scan (pip-audit, npm audit, trivy fs/config)]   ✅  Success - Main actions/checkout@v4 [118.324745ms]
[session21-final-pipeline/SCA + IaC scan (pip-audit, npm audit, trivy fs/config)] ⭐ Run Main actions/setup-python@v5
[session21-final-pipeline/SCA + IaC scan (pip-audit, npm audit, trivy fs/config)]   🐳  docker cp src=/home/vansh/.cache/act/actions-setup-python@v5/ dst=/var/run/act/actions/actions-setup-python@v5/
[session21-final-pipeline/Unit tests + lint (backend)                           ]   | Requirement already satisfied: fastapi==0.142.2 in /opt/hostedtoolcache/Python/3.12.15/x64/lib/python3.12/site-packages (from -r /tmp/act-ws/session-21-final-devops-project/final-devops-project/application/backend/requirements.txt (line 4)) (0.142.2)
[session21-final-pipeline/Unit tests + lint (backend)                           ]   | Requirement already satisfied: starlette==1.7.0 in /opt/hostedtoolcache/Python/3.12.15/x64/lib/python3.12/site-packages (from -r /tmp/act-ws/session-21-final-devops-project/final-devops-project/application/backend/requirements.txt (line 5)) (1.7.0)
[session21-final-pipeline/Unit tests + lint (backend)                           ]   | Requirement already satisfied: uvicorn==0.38.0 in /opt/hostedtoolcache/Python/3.12.15/x64/lib/python3.12/site-packages (from uvicorn[standard]==0.38.0->-r /tmp/act-ws/session-21-final-devops-project/final-devops-project/application/backend/requirements.txt (line 6)) (0.38.0)
[session21-final-pipeline/Unit tests + lint (backend)                           ]   | Requirement already satisfied: sqlalchemy==2.0.44 in /opt/hostedtoolcache/Python/3.12.15/x64/lib/python3.12/site-packages (from -r /tmp/act-ws/session-21-final-devops-project/final-devops-project/application/backend/requirements.txt (line 7)) (2.0.44)
[session21-final-pipeline/Unit tests + lint (backend)                           ]   | Requirement already satisfied: psycopg==3.2.12 in /opt/hostedtoolcache/Python/3.12.15/x64/lib/python3.12/site-packages (from psycopg[binary]==3.2.12->-r /tmp/act-ws/session-21-final-devops-project/final-devops-project/application/backend/requirements.txt (line 8)) (3.2.12)
[session21-final-pipeline/Unit tests + lint (backend)                           ]   | Requirement already satisfied: pydantic-settings==2.11.0 in /opt/hostedtoolcache/Python/3.12.15/x64/lib/python3.12/site-packages (from -r /tmp/act-ws/session-21-final-devops-project/final-devops-project/application/backend/requirements.txt (line 9)) (2.11.0)
[session21-final-pipeline/Unit tests + lint (backend)                           ]   | Requirement already satisfied: prometheus-fastapi-instrumentator==8.1.0 in /opt/hostedtoolcache/Python/3.12.15/x64/lib/python3.12/site-packages (from -r /tmp/act-ws/session-21-final-devops-project/final-devops-project/application/backend/requirements.txt (line 10)) (8.1.0)
[session21-final-pipeline/Unit tests + lint (backend)                           ]   | Requirement already satisfied: prometheus-client==0.23.1 in /opt/hostedtoolcache/Python/3.12.15/x64/lib/python3.12/site-packages (from -r /tmp/act-ws/session-21-final-devops-project/final-devops-project/application/backend/requirements.txt (line 11)) (0.23.1)
[session21-final-pipeline/Unit tests + lint (backend)                           ]   | Requirement already satisfied: alembic==1.17.1 in /opt/hostedtoolcache/Python/3.12.15/x64/lib/python3.12/site-packages (from -r /tmp/act-ws/session-21-final-devops-project/final-devops-project/application/backend/requirements.txt (line 12)) (1.17.1)
[session21-final-pipeline/Unit tests + lint (backend)                           ]   | Requirement already satisfied: pytest==8.4.2 in /opt/hostedtoolcache/Python/3.12.15/x64/lib/python3.12/site-packages (from -r requirements-dev.txt (line 2)) (8.4.2)
[session21-final-pipeline/Unit tests + lint (backend)                           ]   | Requirement already satisfied: pytest-cov==7.0.0 in /opt/hostedtoolcache/Python/3.12.15/x64/lib/python3.12/site-packages (from -r requirements-dev.txt (line 3)) (7.0.0)
[session21-final-pipeline/Unit tests + lint (backend)                           ]   | Requirement already satisfied: httpx==0.28.1 in /opt/hostedtoolcache/Python/3.12.15/x64/lib/python3.12/site-packages (from -r requirements-dev.txt (line 4)) (0.28.1)
[session21-final-pipeline/Unit tests + lint (backend)                           ]   | Requirement already satisfied: ruff==0.14.3 in /opt/hostedtoolcache/Python/3.12.15/x64/lib/python3.12/site-packages (from -r requirements-dev.txt (line 5)) (0.14.3)
[session21-final-pipeline/Unit tests + lint (backend)                           ]   | Requirement already satisfied: pydantic>=2.9.0 in /opt/hostedtoolcache/Python/3.12.15/x64/lib/python3.12/site-packages (from fastapi==0.142.2->-r /tmp/act-ws/session-21-final-devops-project/final-devops-project/application/backend/requirements.txt (line 4)) (2.13.5)
[session21-final-pipeline/Unit tests + lint (backend)                           ]   | Requirement already satisfied: typing-extensions>=4.8.0 in /opt/hostedtoolcache/Python/3.12.15/x64/lib/python3.12/site-packages (from fastapi==0.142.2->-r /tmp/act-ws/session-21-final-devops-project/final-devops-project/application/backend/requirements.txt (line 4)) (4.16.0)
[session21-final-pipeline/Unit tests + lint (backend)                           ]   | Requirement already satisfied: typing-inspection>=0.4.2 in /opt/hostedtoolcache/Python/3.12.15/x64/lib/python3.12/site-packages (from fastapi==0.142.2->-r /tmp/act-ws/session-21-final-devops-project/final-devops-project/application/backend/requirements.txt (line 4)) (0.4.4)
[session21-final-pipeline/Unit tests + lint (backend)                           ]   | Requirement already satisfied: annotated-doc>=0.0.2 in /opt/hostedtoolcache/Python/3.12.15/x64/lib/python3.12/site-packages (from fastapi==0.142.2->-r /tmp/act-ws/session-21-final-devops-project/final-devops-project/application/backend/requirements.txt (line 4)) (0.0.5)
[session21-final-pipeline/Unit tests + lint (backend)                           ]   | Requirement already satisfied: opentelemetry-api>=1.44.0 in /opt/hostedtoolcache/Python/3.12.15/x64/lib/python3.12/site-packages (from fastapi==0.142.2->-r /tmp/act-ws/session-21-final-devops-project/final-devops-project/application/backend/requirements.txt (line 4)) (1.45.1)
[session21-final-pipeline/Unit tests + lint (backend)                           ]   | Requirement already satisfied: anyio<5,>=4.0.0 in /opt/hostedtoolcache/Python/3.12.15/x64/lib/python3.12/site-packages (from starlette==1.7.0->-r /tmp/act-ws/session-21-final-devops-project/final-devops-project/application/backend/requirements.txt (line 5)) (4.15.1)
[session21-final-pipeline/Unit tests + lint (backend)                           ]   | Requirement already satisfied: click>=7.0 in /opt/hostedtoolcache/Python/3.12.15/x64/lib/python3.12/site-packages (from uvicorn==0.38.0->uvicorn[standard]==0.38.0->-r /tmp/act-ws/session-21-final-devops-project/final-devops-project/application/backend/requirements.txt (line 6)) (8.4.2)
[session21-final-pipeline/Unit tests + lint (backend)                           ]   | Requirement already satisfied: h11>=0.8 in /opt/hostedtoolcache/Python/3.12.15/x64/lib/python3.12/site-packages (from uvicorn==0.38.0->uvicorn[standard]==0.38.0->-r /tmp/act-ws/session-21-final-devops-project/final-devops-project/application/backend/requirements.txt (line 6)) (0.16.0)
[session21-final-pipeline/Unit tests + lint (backend)                           ]   | Requirement already satisfied: greenlet>=1 in /opt/hostedtoolcache/Python/3.12.15/x64/lib/python3.12/site-packages (from sqlalchemy==2.0.44->-r /tmp/act-ws/session-21-final-devops-project/final-devops-project/application/backend/requirements.txt (line 7)) (3.5.6)
[session21-final-pipeline/Unit tests + lint (backend)                           ]   | Requirement already satisfied: python-dotenv>=0.21.0 in /opt/hostedtoolcache/Python/3.12.15/x64/lib/python3.12/site-packages (from pydantic-settings==2.11.0->-r /tmp/act-ws/session-21-final-devops-project/final-devops-project/application/backend/requirements.txt (line 9)) (1.2.4)
[session21-final-pipeline/Unit tests + lint (backend)                           ]   | Requirement already satisfied: Mako in /opt/hostedtoolcache/Python/3.12.15/x64/lib/python3.12/site-packages (from alembic==1.17.1->-r /tmp/act-ws/session-21-final-devops-project/final-devops-project/application/backend/requirements.txt (line 12)) (1.4.3)
[session21-final-pipeline/Unit tests + lint (backend)                           ]   | Requirement already satisfied: iniconfig>=1 in /opt/hostedtoolcache/Python/3.12.15/x64/lib/python3.12/site-packages (from pytest==8.4.2->-r requirements-dev.txt (line 2)) (2.3.1)
[session21-final-pipeline/Unit tests + lint (backend)                           ]   | Requirement already satisfied: packaging>=20 in /opt/hostedtoolcache/Python/3.12.15/x64/lib/python3.12/site-packages (from pytest==8.4.2->-r requirements-dev.txt (line 2)) (26.3)
[session21-final-pipeline/Unit tests + lint (backend)                           ]   | Requirement already satisfied: pluggy<2,>=1.5 in /opt/hostedtoolcache/Python/3.12.15/x64/lib/python3.12/site-packages (from pytest==8.4.2->-r requirements-dev.txt (line 2)) (1.6.0)
[session21-final-pipeline/Unit tests + lint (backend)                           ]   | Requirement already satisfied: pygments>=2.7.2 in /opt/hostedtoolcache/Python/3.12.15/x64/lib/python3.12/site-packages (from pytest==8.4.2->-r requirements-dev.txt (line 2)) (2.21.0)
[session21-final-pipeline/Unit tests + lint (backend)                           ]   | Requirement already satisfied: coverage>=7.10.6 in /opt/hostedtoolcache/Python/3.12.15/x64/lib/python3.12/site-packages (from coverage[toml]>=7.10.6->pytest-cov==7.0.0->-r requirements-dev.txt (line 3)) (7.16.2)
[session21-final-pipeline/Unit tests + lint (backend)                           ]   | Requirement already satisfied: certifi in /opt/hostedtoolcache/Python/3.12.15/x64/lib/python3.12/site-packages (from httpx==0.28.1->-r requirements-dev.txt (line 4)) (2026.7.22)
[session21-final-pipeline/Unit tests + lint (backend)                           ]   | Requirement already satisfied: httpcore==1.* in /opt/hostedtoolcache/Python/3.12.15/x64/lib/python3.12/site-packages (from httpx==0.28.1->-r requirements-dev.txt (line 4)) (1.0.9)
[session21-final-pipeline/Unit tests + lint (backend)                           ]   | Requirement already satisfied: idna in /opt/hostedtoolcache/Python/3.12.15/x64/lib/python3.12/site-packages (from httpx==0.28.1->-r requirements-dev.txt (line 4)) (3.20)
[session21-final-pipeline/Unit tests + lint (backend)                           ]   | Requirement already satisfied: psycopg-binary==3.2.12 in /opt/hostedtoolcache/Python/3.12.15/x64/lib/python3.12/site-packages (from psycopg[binary]==3.2.12->-r /tmp/act-ws/session-21-final-devops-project/final-devops-project/application/backend/requirements.txt (line 8)) (3.2.12)
[session21-final-pipeline/Unit tests + lint (backend)                           ]   | Requirement already satisfied: httptools>=0.6.3 in /opt/hostedtoolcache/Python/3.12.15/x64/lib/python3.12/site-packages (from uvicorn[standard]==0.38.0->-r /tmp/act-ws/session-21-final-devops-project/final-devops-project/application/backend/requirements.txt (line 6)) (0.8.0)
[session21-final-pipeline/Unit tests + lint (backend)                           ]   | Requirement already satisfied: pyyaml>=5.1 in /opt/hostedtoolcache/Python/3.12.15/x64/lib/python3.12/site-packages (from uvicorn[standard]==0.38.0->-r /tmp/act-ws/session-21-final-devops-project/final-devops-project/application/backend/requirements.txt (line 6)) (6.0.3)
[session21-final-pipeline/Unit tests + lint (backend)                           ]   | Requirement already satisfied: uvloop>=0.15.1 in /opt/hostedtoolcache/Python/3.12.15/x64/lib/python3.12/site-packages (from uvicorn[standard]==0.38.0->-r /tmp/act-ws/session-21-final-devops-project/final-devops-project/application/backend/requirements.txt (line 6)) (0.23.0)
[session21-final-pipeline/Unit tests + lint (backend)                           ]   | Requirement already satisfied: watchfiles>=0.13 in /opt/hostedtoolcache/Python/3.12.15/x64/lib/python3.12/site-packages (from uvicorn[standard]==0.38.0->-r /tmp/act-ws/session-21-final-devops-project/final-devops-project/application/backend/requirements.txt (line 6)) (1.3.0)
[session21-final-pipeline/Unit tests + lint (backend)                           ]   | Requirement already satisfied: websockets>=10.4 in /opt/hostedtoolcache/Python/3.12.15/x64/lib/python3.12/site-packages (from uvicorn[standard]==0.38.0->-r /tmp/act-ws/session-21-final-devops-project/final-devops-project/application/backend/requirements.txt (line 6)) (17.2)
[session21-final-pipeline/Unit tests + lint (backend)                           ]   | Requirement already satisfied: annotated-types>=0.6.0 in /opt/hostedtoolcache/Python/3.12.15/x64/lib/python3.12/site-packages (from pydantic>=2.9.0->fastapi==0.142.2->-r /tmp/act-ws/session-21-final-devops-project/final-devops-project/application/backend/requirements.txt (line 4)) (0.8.0)
[session21-final-pipeline/Unit tests + lint (backend)                           ]   | Requirement already satisfied: pydantic-core==2.46.5 in /opt/hostedtoolcache/Python/3.12.15/x64/lib/python3.12/site-packages (from pydantic>=2.9.0->fastapi==0.142.2->-r /tmp/act-ws/session-21-final-devops-project/final-devops-project/application/backend/requirements.txt (line 4)) (2.46.5)
[session21-final-pipeline/Unit tests + lint (backend)                           ]   | Requirement already satisfied: MarkupSafe>=2.0 in /opt/hostedtoolcache/Python/3.12.15/x64/lib/python3.12/site-packages (from Mako->alembic==1.17.1->-r /tmp/act-ws/session-21-final-devops-project/final-devops-project/application/backend/requirements.txt (line 12)) (3.0.4)
[session21-final-pipeline/Frontend build                                        ]   | 
[session21-final-pipeline/Frontend build                                        ]   | added 66 packages in 3s
[session21-final-pipeline/Unit tests + lint (backend)                           ]   | WARNING: Running pip as the 'root' user can result in broken permissions and conflicting behaviour with the system package manager, possibly rendering your system unusable. It is recommended to use a virtual environment instead: https://pip.pypa.io/warnings/venv. Use the --root-user-action option if you know what you are doing and want to suppress this warning.
[session21-final-pipeline/SCA + IaC scan (pip-audit, npm audit, trivy fs/config)]   🐳  docker exec cmd=[/opt/acttoolcache/node/24.19.0/x64/bin/node /var/run/act/actions/actions-setup-python@v5/dist/setup/index.js] user= workdir=
[session21-final-pipeline/Unit tests + lint (backend)                           ]   ✅  Success - Main Install dependencies [1.115622206s]
[session21-final-pipeline/Unit tests + lint (backend)                           ] ⭐ Run Main Lint (ruff)
[session21-final-pipeline/Frontend build                                        ]   | 
[session21-final-pipeline/Frontend build                                        ]   | > taskboard-frontend@1.0.0 build
[session21-final-pipeline/Frontend build                                        ]   | > vite build
[session21-final-pipeline/Frontend build                                        ]   | 
[session21-final-pipeline/Unit tests + lint (backend)                           ]   🐳  docker exec cmd=[bash -e /var/run/act/workflow/3] user= workdir=session-21-final-devops-project/final-devops-project/application/backend
[session21-final-pipeline/SCA + IaC scan (pip-audit, npm audit, trivy fs/config)]   ❓  ::group::Installed versions
[session21-final-pipeline/SCA + IaC scan (pip-audit, npm audit, trivy fs/config)]   | (node:31) [DEP0040] DeprecationWarning: The `punycode` module is deprecated. Please use a userland alternative instead.
[session21-final-pipeline/SCA + IaC scan (pip-audit, npm audit, trivy fs/config)]   | (Use `node --trace-deprecation ...` to show where the warning was created)
[session21-final-pipeline/SCA + IaC scan (pip-audit, npm audit, trivy fs/config)]   | Successfully set up CPython (3.12.15)
[session21-final-pipeline/SCA + IaC scan (pip-audit, npm audit, trivy fs/config)]   ❓  ::endgroup::
[session21-final-pipeline/SCA + IaC scan (pip-audit, npm audit, trivy fs/config)]   ❓ add-matcher /run/act/actions/actions-setup-python@v5/.github/python.json
[session21-final-pipeline/SCA + IaC scan (pip-audit, npm audit, trivy fs/config)]   ✅  Success - Main actions/setup-python@v5 [1.004026611s]
[session21-final-pipeline/SCA + IaC scan (pip-audit, npm audit, trivy fs/config)]   ⚙  ::set-env:: PKG_CONFIG_PATH=/opt/hostedtoolcache/Python/3.12.15/x64/lib/pkgconfig
[session21-final-pipeline/SCA + IaC scan (pip-audit, npm audit, trivy fs/config)]   ⚙  ::set-env:: Python_ROOT_DIR=/opt/hostedtoolcache/Python/3.12.15/x64
[session21-final-pipeline/SCA + IaC scan (pip-audit, npm audit, trivy fs/config)]   ⚙  ::set-env:: Python2_ROOT_DIR=/opt/hostedtoolcache/Python/3.12.15/x64
[session21-final-pipeline/SCA + IaC scan (pip-audit, npm audit, trivy fs/config)]   ⚙  ::set-env:: Python3_ROOT_DIR=/opt/hostedtoolcache/Python/3.12.15/x64
[session21-final-pipeline/SCA + IaC scan (pip-audit, npm audit, trivy fs/config)]   ⚙  ::set-env:: LD_LIBRARY_PATH=/opt/hostedtoolcache/Python/3.12.15/x64/lib
[session21-final-pipeline/SCA + IaC scan (pip-audit, npm audit, trivy fs/config)]   ⚙  ::set-env:: pythonLocation=/opt/hostedtoolcache/Python/3.12.15/x64
[session21-final-pipeline/SCA + IaC scan (pip-audit, npm audit, trivy fs/config)]   ⚙  ::set-output:: python-version=3.12.15
[session21-final-pipeline/SCA + IaC scan (pip-audit, npm audit, trivy fs/config)]   ⚙  ::set-output:: python-path=/opt/hostedtoolcache/Python/3.12.15/x64/bin/python
[session21-final-pipeline/Unit tests + lint (backend)                           ]   | All checks passed!
[session21-final-pipeline/SCA + IaC scan (pip-audit, npm audit, trivy fs/config)]   ⚙  ::add-path:: /opt/hostedtoolcache/Python/3.12.15/x64
[session21-final-pipeline/SCA + IaC scan (pip-audit, npm audit, trivy fs/config)]   ⚙  ::add-path:: /opt/hostedtoolcache/Python/3.12.15/x64/bin
[session21-final-pipeline/Unit tests + lint (backend)                           ]   ✅  Success - Main Lint (ruff) [107.902721ms]
[session21-final-pipeline/SCA + IaC scan (pip-audit, npm audit, trivy fs/config)] ⭐ Run Main pip install pip-audit==2.10.1
[session21-final-pipeline/Unit tests + lint (backend)                           ] ⭐ Run Main Pytest with coverage
[session21-final-pipeline/SCA + IaC scan (pip-audit, npm audit, trivy fs/config)]   🐳  docker exec cmd=[bash -e /var/run/act/workflow/2] user= workdir=session-21-final-devops-project/final-devops-project
[session21-final-pipeline/Unit tests + lint (backend)                           ]   🐳  docker exec cmd=[bash -e /var/run/act/workflow/4] user= workdir=session-21-final-devops-project/final-devops-project/application/backend
[session21-final-pipeline/Frontend build                                        ]   | [36mvite v7.3.7 [32mbuilding client environment for production...[36m[39m
[session21-final-pipeline/Frontend build                                        ]   | transforming...
[session21-final-pipeline/SCA + IaC scan (pip-audit, npm audit, trivy fs/config)]   | Requirement already satisfied: pip-audit==2.10.1 in /opt/hostedtoolcache/Python/3.12.15/x64/lib/python3.12/site-packages (2.10.1)
[session21-final-pipeline/SCA + IaC scan (pip-audit, npm audit, trivy fs/config)]   | Requirement already satisfied: CacheControl>=0.13.0 in /opt/hostedtoolcache/Python/3.12.15/x64/lib/python3.12/site-packages (from CacheControl[filecache]>=0.13.0->pip-audit==2.10.1) (0.14.4)
[session21-final-pipeline/SCA + IaC scan (pip-audit, npm audit, trivy fs/config)]   | Requirement already satisfied: cyclonedx-python-lib<12,>=5 in /opt/hostedtoolcache/Python/3.12.15/x64/lib/python3.12/site-packages (from pip-audit==2.10.1) (11.12.0)
[session21-final-pipeline/SCA + IaC scan (pip-audit, npm audit, trivy fs/config)]   | Requirement already satisfied: packaging>=23.0.0 in /opt/hostedtoolcache/Python/3.12.15/x64/lib/python3.12/site-packages (from pip-audit==2.10.1) (26.3)
[session21-final-pipeline/SCA + IaC scan (pip-audit, npm audit, trivy fs/config)]   | Requirement already satisfied: pip-api>=0.0.28 in /opt/hostedtoolcache/Python/3.12.15/x64/lib/python3.12/site-packages (from pip-audit==2.10.1) (0.0.35)
[session21-final-pipeline/SCA + IaC scan (pip-audit, npm audit, trivy fs/config)]   | Requirement already satisfied: pip-requirements-parser>=32.0.0 in /opt/hostedtoolcache/Python/3.12.15/x64/lib/python3.12/site-packages (from pip-audit==2.10.1) (32.0.1)
[session21-final-pipeline/SCA + IaC scan (pip-audit, npm audit, trivy fs/config)]   | Requirement already satisfied: requests>=2.31.0 in /opt/hostedtoolcache/Python/3.12.15/x64/lib/python3.12/site-packages (from pip-audit==2.10.1) (2.34.2)
[session21-final-pipeline/SCA + IaC scan (pip-audit, npm audit, trivy fs/config)]   | Requirement already satisfied: rich>=12.4 in /opt/hostedtoolcache/Python/3.12.15/x64/lib/python3.12/site-packages (from pip-audit==2.10.1) (15.0.0)
[session21-final-pipeline/SCA + IaC scan (pip-audit, npm audit, trivy fs/config)]   | Requirement already satisfied: tomli>=2.2.1 in /opt/hostedtoolcache/Python/3.12.15/x64/lib/python3.12/site-packages (from pip-audit==2.10.1) (2.4.1)
[session21-final-pipeline/SCA + IaC scan (pip-audit, npm audit, trivy fs/config)]   | Requirement already satisfied: tomli-w>=1.2.0 in /opt/hostedtoolcache/Python/3.12.15/x64/lib/python3.12/site-packages (from pip-audit==2.10.1) (1.2.0)
[session21-final-pipeline/SCA + IaC scan (pip-audit, npm audit, trivy fs/config)]   | Requirement already satisfied: platformdirs>=4.2.0 in /opt/hostedtoolcache/Python/3.12.15/x64/lib/python3.12/site-packages (from pip-audit==2.10.1) (4.12.3)
[session21-final-pipeline/SCA + IaC scan (pip-audit, npm audit, trivy fs/config)]   | Requirement already satisfied: license-expression<31,>=30 in /opt/hostedtoolcache/Python/3.12.15/x64/lib/python3.12/site-packages (from cyclonedx-python-lib<12,>=5->pip-audit==2.10.1) (30.4.4)
[session21-final-pipeline/SCA + IaC scan (pip-audit, npm audit, trivy fs/config)]   | Requirement already satisfied: packageurl-python<2,>=0.11 in /opt/hostedtoolcache/Python/3.12.15/x64/lib/python3.12/site-packages (from cyclonedx-python-lib<12,>=5->pip-audit==2.10.1) (0.17.6)
[session21-final-pipeline/SCA + IaC scan (pip-audit, npm audit, trivy fs/config)]   | Requirement already satisfied: py-serializable<3.0.0,>=2.1.0 in /opt/hostedtoolcache/Python/3.12.15/x64/lib/python3.12/site-packages (from cyclonedx-python-lib<12,>=5->pip-audit==2.10.1) (2.1.0)
[session21-final-pipeline/SCA + IaC scan (pip-audit, npm audit, trivy fs/config)]   | Requirement already satisfied: sortedcontainers<3.0.0,>=2.4.0 in /opt/hostedtoolcache/Python/3.12.15/x64/lib/python3.12/site-packages (from cyclonedx-python-lib<12,>=5->pip-audit==2.10.1) (2.4.0)
[session21-final-pipeline/SCA + IaC scan (pip-audit, npm audit, trivy fs/config)]   | Requirement already satisfied: typing_extensions<5.0,>=4.6 in /opt/hostedtoolcache/Python/3.12.15/x64/lib/python3.12/site-packages (from cyclonedx-python-lib<12,>=5->pip-audit==2.10.1) (4.16.0)
[session21-final-pipeline/SCA + IaC scan (pip-audit, npm audit, trivy fs/config)]   | Requirement already satisfied: boolean.py>=4.0 in /opt/hostedtoolcache/Python/3.12.15/x64/lib/python3.12/site-packages (from license-expression<31,>=30->cyclonedx-python-lib<12,>=5->pip-audit==2.10.1) (5.0)
[session21-final-pipeline/SCA + IaC scan (pip-audit, npm audit, trivy fs/config)]   | Requirement already satisfied: defusedxml<0.8.0,>=0.7.1 in /opt/hostedtoolcache/Python/3.12.15/x64/lib/python3.12/site-packages (from py-serializable<3.0.0,>=2.1.0->cyclonedx-python-lib<12,>=5->pip-audit==2.10.1) (0.7.1)
[session21-final-pipeline/SCA + IaC scan (pip-audit, npm audit, trivy fs/config)]   | Requirement already satisfied: msgpack<2.0.0,>=0.5.2 in /opt/hostedtoolcache/Python/3.12.15/x64/lib/python3.12/site-packages (from CacheControl>=0.13.0->CacheControl[filecache]>=0.13.0->pip-audit==2.10.1) (1.2.3)
[session21-final-pipeline/SCA + IaC scan (pip-audit, npm audit, trivy fs/config)]   | Requirement already satisfied: filelock>=3.8.0 in /opt/hostedtoolcache/Python/3.12.15/x64/lib/python3.12/site-packages (from CacheControl[filecache]>=0.13.0->pip-audit==2.10.1) (4.0.12)
[session21-final-pipeline/SCA + IaC scan (pip-audit, npm audit, trivy fs/config)]   | Requirement already satisfied: pip in /opt/hostedtoolcache/Python/3.12.15/x64/lib/python3.12/site-packages (from pip-api>=0.0.28->pip-audit==2.10.1) (26.2.1)
[session21-final-pipeline/SCA + IaC scan (pip-audit, npm audit, trivy fs/config)]   | Requirement already satisfied: pyparsing in /opt/hostedtoolcache/Python/3.12.15/x64/lib/python3.12/site-packages (from pip-requirements-parser>=32.0.0->pip-audit==2.10.1) (3.3.3)
[session21-final-pipeline/SCA + IaC scan (pip-audit, npm audit, trivy fs/config)]   | Requirement already satisfied: charset_normalizer<4,>=2 in /opt/hostedtoolcache/Python/3.12.15/x64/lib/python3.12/site-packages (from requests>=2.31.0->pip-audit==2.10.1) (3.5.2)
[session21-final-pipeline/SCA + IaC scan (pip-audit, npm audit, trivy fs/config)]   | Requirement already satisfied: idna<4,>=2.5 in /opt/hostedtoolcache/Python/3.12.15/x64/lib/python3.12/site-packages (from requests>=2.31.0->pip-audit==2.10.1) (3.20)
[session21-final-pipeline/SCA + IaC scan (pip-audit, npm audit, trivy fs/config)]   | Requirement already satisfied: urllib3<3,>=1.26 in /opt/hostedtoolcache/Python/3.12.15/x64/lib/python3.12/site-packages (from requests>=2.31.0->pip-audit==2.10.1) (2.8.0)
[session21-final-pipeline/SCA + IaC scan (pip-audit, npm audit, trivy fs/config)]   | Requirement already satisfied: certifi>=2023.5.7 in /opt/hostedtoolcache/Python/3.12.15/x64/lib/python3.12/site-packages (from requests>=2.31.0->pip-audit==2.10.1) (2026.7.22)
[session21-final-pipeline/SCA + IaC scan (pip-audit, npm audit, trivy fs/config)]   | Requirement already satisfied: markdown-it-py>=2.2.0 in /opt/hostedtoolcache/Python/3.12.15/x64/lib/python3.12/site-packages (from rich>=12.4->pip-audit==2.10.1) (4.2.0)
[session21-final-pipeline/SCA + IaC scan (pip-audit, npm audit, trivy fs/config)]   | Requirement already satisfied: pygments<3.0.0,>=2.13.0 in /opt/hostedtoolcache/Python/3.12.15/x64/lib/python3.12/site-packages (from rich>=12.4->pip-audit==2.10.1) (2.21.0)
[session21-final-pipeline/SCA + IaC scan (pip-audit, npm audit, trivy fs/config)]   | Requirement already satisfied: mdurl~=0.1 in /opt/hostedtoolcache/Python/3.12.15/x64/lib/python3.12/site-packages (from markdown-it-py>=2.2.0->rich>=12.4->pip-audit==2.10.1) (0.1.2)
[session21-final-pipeline/SCA + IaC scan (pip-audit, npm audit, trivy fs/config)]   | WARNING: Running pip as the 'root' user can result in broken permissions and conflicting behaviour with the system package manager, possibly rendering your system unusable. It is recommended to use a virtual environment instead: https://pip.pypa.io/warnings/venv. Use the --root-user-action option if you know what you are doing and want to suppress this warning.
[session21-final-pipeline/SCA + IaC scan (pip-audit, npm audit, trivy fs/config)]   ✅  Success - Main pip install pip-audit==2.10.1 [998.348977ms]
[session21-final-pipeline/SCA + IaC scan (pip-audit, npm audit, trivy fs/config)] ⭐ Run Main pip-audit (Python dependencies, OSV/PyPI advisory DB)
[session21-final-pipeline/SCA + IaC scan (pip-audit, npm audit, trivy fs/config)]   🐳  docker exec cmd=[bash -e /var/run/act/workflow/3] user= workdir=session-21-final-devops-project/final-devops-project
[session21-final-pipeline/Frontend build                                        ]   | [32m✓[39m 28 modules transformed.
[session21-final-pipeline/Frontend build                                        ]   | rendering chunks...
[session21-final-pipeline/Frontend build                                        ]   | computing gzip size...
[session21-final-pipeline/Frontend build                                        ]   | [2mdist/[22m[32mindex.html                 [39m[1m[2m  0.34 kB[22m[1m[22m[2m │ gzip:  0.25 kB[22m
[session21-final-pipeline/Frontend build                                        ]   | [2mdist/[22m[2massets/[22m[35mindex-CcorwgzN.css  [39m[1m[2m  6.41 kB[22m[1m[22m[2m │ gzip:  2.05 kB[22m
[session21-final-pipeline/Frontend build                                        ]   | [2mdist/[22m[2massets/[22m[36mindex-OwUaWGz6.js   [39m[1m[2m199.97 kB[22m[1m[22m[2m │ gzip: 62.66 kB[22m
[session21-final-pipeline/Frontend build                                        ]   | [32m✓ built in 2.56s[39m
[session21-final-pipeline/Frontend build                                        ]   ✅  Success - Main npm ci + build [6.066523581s]
[session21-final-pipeline/Unit tests + lint (backend)                           ]   | ============================= test session starts ==============================
[session21-final-pipeline/Unit tests + lint (backend)                           ]   | platform linux -- Python 3.12.15, pytest-8.4.2, pluggy-1.6.0 -- /opt/hostedtoolcache/Python/3.12.15/x64/bin/python
[session21-final-pipeline/Unit tests + lint (backend)                           ]   | cachedir: .pytest_cache
[session21-final-pipeline/Unit tests + lint (backend)                           ]   | rootdir: /tmp/act-ws/session-21-final-devops-project/final-devops-project/application/backend
[session21-final-pipeline/Unit tests + lint (backend)                           ]   | configfile: pytest.ini
[session21-final-pipeline/Unit tests + lint (backend)                           ]   | testpaths: tests
[session21-final-pipeline/Unit tests + lint (backend)                           ]   | plugins: anyio-4.15.1, cov-7.0.0, platformdirs-4.12.3
[session21-final-pipeline/Frontend build                                        ] ⭐ Run Post actions/setup-node@v4
[session21-final-pipeline/Frontend build                                        ]   🐳  docker exec cmd=[/opt/acttoolcache/node/24.19.0/x64/bin/node /var/run/act/actions/actions-setup-node@v4/dist/cache-save/index.js] user= workdir=
[session21-final-pipeline/Unit tests + lint (backend)                           ]   | collecting ... collected 12 items
[session21-final-pipeline/Unit tests + lint (backend)                           ]   | 
[session21-final-pipeline/Unit tests + lint (backend)                           ]   | tests/test_health.py::test_health_is_up PASSED                           [  8%]
[session21-final-pipeline/Unit tests + lint (backend)                           ]   | tests/test_health.py::test_ready_checks_database PASSED                  [ 16%]
[session21-final-pipeline/Unit tests + lint (backend)                           ]   | tests/test_health.py::test_root_and_info PASSED                          [ 25%]
[session21-final-pipeline/Frontend build                                        ]   | (node:128) [DEP0040] DeprecationWarning: The `punycode` module is deprecated. Please use a userland alternative instead.
[session21-final-pipeline/Frontend build                                        ]   | (Use `node --trace-deprecation ...` to show where the warning was created)
[session21-final-pipeline/Frontend build                                        ]   ✅  Success - Post actions/setup-node@v4 [231.788761ms]
[session21-final-pipeline/Unit tests + lint (backend)                           ]   | tests/test_health.py::test_metrics_endpoint_exposes_prometheus_format PASSED [ 33%]
[session21-final-pipeline/Frontend build                                        ] ⭐ Run Complete job
[session21-final-pipeline/Frontend build                                        ] Cleaning up container for job Frontend build
[session21-final-pipeline/Unit tests + lint (backend)                           ]   | tests/test_health.py::test_ready_returns_503_when_database_down PASSED   [ 41%]
[session21-final-pipeline/Unit tests + lint (backend)                           ]   | tests/test_tasks.py::test_create_and_get_task PASSED                     [ 50%]
[session21-final-pipeline/Unit tests + lint (backend)                           ]   | tests/test_tasks.py::test_list_tasks_newest_first PASSED                 [ 58%]
[session21-final-pipeline/Unit tests + lint (backend)                           ]   | tests/test_tasks.py::test_update_task_status PASSED                      [ 66%]
[session21-final-pipeline/Unit tests + lint (backend)                           ]   | tests/test_tasks.py::test_delete_task PASSED                             [ 75%]
[session21-final-pipeline/Unit tests + lint (backend)                           ]   | tests/test_tasks.py::test_stats_counts_by_status PASSED                  [ 83%]
[session21-final-pipeline/Unit tests + lint (backend)                           ]   | tests/test_tasks.py::test_missing_task_returns_404 PASSED                [ 91%]
[session21-final-pipeline/Frontend build                                        ]   ✅  Success - Complete job
[session21-final-pipeline/Frontend build                                        ] 🏁  Job succeeded
[session21-final-pipeline/Unit tests + lint (backend)                           ]   | tests/test_tasks.py::test_validation_rejects_bad_payload PASSED          [100%]
[session21-final-pipeline/Unit tests + lint (backend)                           ]   | 
[session21-final-pipeline/Unit tests + lint (backend)                           ]   | =============================== warnings summary ===============================
[session21-final-pipeline/Unit tests + lint (backend)                           ]   | ../../../../../../opt/hostedtoolcache/Python/3.12.15/x64/lib/python3.12/site-packages/fastapi/testclient.py:1
[session21-final-pipeline/Unit tests + lint (backend)                           ]   |   /opt/hostedtoolcache/Python/3.12.15/x64/lib/python3.12/site-packages/fastapi/testclient.py:1: StarletteDeprecationWarning: Using `httpx` with `starlette.testclient` is deprecated; install `httpx2` instead.
[session21-final-pipeline/Unit tests + lint (backend)                           ]   |     from starlette.testclient import TestClient as TestClient  # noqa
[session21-final-pipeline/Unit tests + lint (backend)                           ]   | 
[session21-final-pipeline/Unit tests + lint (backend)                           ]   | -- Docs: https://docs.pytest.org/en/stable/how-to/capture-warnings.html
[session21-final-pipeline/Unit tests + lint (backend)                           ]   | - generated xml file: /tmp/act-ws/session-21-final-devops-project/final-devops-project/application/backend/pytest-report.xml -
[session21-final-pipeline/Unit tests + lint (backend)                           ]   | ================================ tests coverage ================================
[session21-final-pipeline/Unit tests + lint (backend)                           ]   | _______________ coverage: platform linux, python 3.12.15-final-0 _______________
[session21-final-pipeline/Unit tests + lint (backend)                           ]   | 
[session21-final-pipeline/Unit tests + lint (backend)                           ]   | Name              Stmts   Miss  Cover   Missing
[session21-final-pipeline/Unit tests + lint (backend)                           ]   | -----------------------------------------------
[session21-final-pipeline/Unit tests + lint (backend)                           ]   | app/__init__.py       0      0   100%
[session21-final-pipeline/Unit tests + lint (backend)                           ]   | app/config.py        20      1    95%   30
[session21-final-pipeline/Unit tests + lint (backend)                           ]   | app/db.py            13      0   100%
[session21-final-pipeline/Unit tests + lint (backend)                           ]   | app/main.py         105      2    98%   55-56
[session21-final-pipeline/Unit tests + lint (backend)                           ]   | app/models.py        13      0   100%
[session21-final-pipeline/Unit tests + lint (backend)                           ]   | app/schemas.py       26      0   100%
[session21-final-pipeline/Unit tests + lint (backend)                           ]   | -----------------------------------------------
[session21-final-pipeline/Unit tests + lint (backend)                           ]   | TOTAL               177      3    98%
[session21-final-pipeline/Unit tests + lint (backend)                           ]   | Required test coverage of 80% reached. Total coverage: 98.31%
[session21-final-pipeline/Unit tests + lint (backend)                           ]   | ======================== 12 passed, 1 warning in 1.06s =========================
[session21-final-pipeline/Unit tests + lint (backend)                           ]   ✅  Success - Main Pytest with coverage [4.178067163s]
[session21-final-pipeline/Unit tests + lint (backend)                           ] ⭐ Run Post actions/setup-python@v5
[session21-final-pipeline/Unit tests + lint (backend)                           ]   🐳  docker exec cmd=[/opt/acttoolcache/node/24.19.0/x64/bin/node /var/run/act/actions/actions-setup-python@v5/dist/cache-save/index.js] user= workdir=
[session21-final-pipeline/Unit tests + lint (backend)                           ]   | (node:129) [DEP0040] DeprecationWarning: The `punycode` module is deprecated. Please use a userland alternative instead.
[session21-final-pipeline/Unit tests + lint (backend)                           ]   | (Use `node --trace-deprecation ...` to show where the warning was created)
[session21-final-pipeline/Unit tests + lint (backend)                           ]   ✅  Success - Post actions/setup-python@v5 [184.562473ms]
[session21-final-pipeline/Unit tests + lint (backend)                           ] ⭐ Run Complete job
[session21-final-pipeline/Unit tests + lint (backend)                           ] Cleaning up container for job Unit tests + lint (backend)
[session21-final-pipeline/Unit tests + lint (backend)                           ]   ✅  Success - Complete job
[session21-final-pipeline/Unit tests + lint (backend)                           ] 🏁  Job succeeded
[session21-final-pipeline/SCA + IaC scan (pip-audit, npm audit, trivy fs/config)]   | No known vulnerabilities found
[session21-final-pipeline/SCA + IaC scan (pip-audit, npm audit, trivy fs/config)]   ✅  Success - Main pip-audit (Python dependencies, OSV/PyPI advisory DB) [13.413215068s]
[session21-final-pipeline/SCA + IaC scan (pip-audit, npm audit, trivy fs/config)] ⭐ Run Main actions/setup-node@v4
[session21-final-pipeline/SCA + IaC scan (pip-audit, npm audit, trivy fs/config)]   🐳  docker cp src=/home/vansh/.cache/act/actions-setup-node@v4/ dst=/var/run/act/actions/actions-setup-node@v4/
[session21-final-pipeline/SCA + IaC scan (pip-audit, npm audit, trivy fs/config)]   🐳  docker exec cmd=[/opt/acttoolcache/node/24.19.0/x64/bin/node /var/run/act/actions/actions-setup-node@v4/dist/setup/index.js] user= workdir=
[session21-final-pipeline/SCA + IaC scan (pip-audit, npm audit, trivy fs/config)]   | Found in cache @ /opt/hostedtoolcache/node/22.23.3/x64
[session21-final-pipeline/SCA + IaC scan (pip-audit, npm audit, trivy fs/config)]   | (node:130) [DEP0040] DeprecationWarning: The `punycode` module is deprecated. Please use a userland alternative instead.
[session21-final-pipeline/SCA + IaC scan (pip-audit, npm audit, trivy fs/config)]   | (Use `node --trace-deprecation ...` to show where the warning was created)
[session21-final-pipeline/SCA + IaC scan (pip-audit, npm audit, trivy fs/config)]   ❓  ::group::Environment details
[session21-final-pipeline/SCA + IaC scan (pip-audit, npm audit, trivy fs/config)]   | node: v22.23.3
[session21-final-pipeline/SCA + IaC scan (pip-audit, npm audit, trivy fs/config)]   | npm: 10.9.9
[session21-final-pipeline/SCA + IaC scan (pip-audit, npm audit, trivy fs/config)]   | yarn: 
[session21-final-pipeline/SCA + IaC scan (pip-audit, npm audit, trivy fs/config)]   ❓  ::endgroup::
[session21-final-pipeline/SCA + IaC scan (pip-audit, npm audit, trivy fs/config)]   ❓ add-matcher /run/act/actions/actions-setup-node@v4/.github/tsc.json
[session21-final-pipeline/SCA + IaC scan (pip-audit, npm audit, trivy fs/config)]   ❓ add-matcher /run/act/actions/actions-setup-node@v4/.github/eslint-stylish.json
[session21-final-pipeline/SCA + IaC scan (pip-audit, npm audit, trivy fs/config)]   ❓ add-matcher /run/act/actions/actions-setup-node@v4/.github/eslint-compact.json
[session21-final-pipeline/SCA + IaC scan (pip-audit, npm audit, trivy fs/config)]   ✅  Success - Main actions/setup-node@v4 [835.832935ms]
[session21-final-pipeline/SCA + IaC scan (pip-audit, npm audit, trivy fs/config)]   ⚙  ::set-output:: node-version=v22.23.3
[session21-final-pipeline/SCA + IaC scan (pip-audit, npm audit, trivy fs/config)]   ⚙  ::add-path:: /opt/hostedtoolcache/node/22.23.3/x64/bin
[session21-final-pipeline/SCA + IaC scan (pip-audit, npm audit, trivy fs/config)] ⭐ Run Main npm audit (frontend dependencies)
[session21-final-pipeline/SCA + IaC scan (pip-audit, npm audit, trivy fs/config)]   🐳  docker exec cmd=[bash -e /var/run/act/workflow/5] user= workdir=session-21-final-devops-project/final-devops-project/application/frontend
[session21-final-pipeline/SCA + IaC scan (pip-audit, npm audit, trivy fs/config)]   | found 0 vulnerabilities
[session21-final-pipeline/SCA + IaC scan (pip-audit, npm audit, trivy fs/config)]   ✅  Success - Main npm audit (frontend dependencies) [757.710633ms]
[session21-final-pipeline/SCA + IaC scan (pip-audit, npm audit, trivy fs/config)] ⭐ Run Main Install Trivy
[session21-final-pipeline/SCA + IaC scan (pip-audit, npm audit, trivy fs/config)]   🐳  docker exec cmd=[bash -e /var/run/act/workflow/6] user= workdir=session-21-final-devops-project/final-devops-project
[session21-final-pipeline/SCA + IaC scan (pip-audit, npm audit, trivy fs/config)]   | aquasecurity/trivy info checking GitHub for tag 'v0.75.0'
[session21-final-pipeline/SCA + IaC scan (pip-audit, npm audit, trivy fs/config)]   | aquasecurity/trivy info found version: 0.75.0 for v0.75.0/Linux/64bit
[session21-final-pipeline/SCA + IaC scan (pip-audit, npm audit, trivy fs/config)]   | aquasecurity/trivy info installed /usr/local/bin/trivy
[session21-final-pipeline/SCA + IaC scan (pip-audit, npm audit, trivy fs/config)]   ✅  Success - Main Install Trivy [8.571698384s]
[session21-final-pipeline/SCA + IaC scan (pip-audit, npm audit, trivy fs/config)] ⭐ Run Main Trivy filesystem scan (vulnerabilities in lock files)
[session21-final-pipeline/SCA + IaC scan (pip-audit, npm audit, trivy fs/config)]   🐳  docker exec cmd=[bash -e /var/run/act/workflow/7] user= workdir=session-21-final-devops-project/final-devops-project
[session21-final-pipeline/SCA + IaC scan (pip-audit, npm audit, trivy fs/config)]   | 2026-10-07T20:06:45Z	INFO	[vulndb] Need to update DB
[session21-final-pipeline/SCA + IaC scan (pip-audit, npm audit, trivy fs/config)]   | 2026-10-07T20:06:45Z	INFO	[vulndb] Downloading vulnerability DB...
[session21-final-pipeline/SCA + IaC scan (pip-audit, npm audit, trivy fs/config)]   | 2026-10-07T20:06:45Z	INFO	[vulndb] Downloading artifact...	repo="mirror.gcr.io/aquasec/trivy-db:2"
[session21-final-pipeline/SCA + IaC scan (pip-audit, npm audit, trivy fs/config)]   | 207.25 KiB / 119.53 MiB [>___________________________________________________________] 0.17% ? p/s ?1.56 MiB / 119.53 MiB [>_____________________________________________________________] 1.31% ? p/s ?3.42 MiB / 119.53 MiB [->____________________________________________________________] 2.86% ? p/s ?5.20 MiB / 119.53 MiB [-->______________________________________________] 4.35% 8.34 MiB p/s ETA 13s8.50 MiB / 119.53 MiB [--->_____________________________________________] 7.11% 8.34 MiB p/s ETA 13s10.09 MiB / 119.53 MiB [---->___________________________________________] 8.44% 8.34 MiB p/s ETA 13s11.19 MiB / 119.53 MiB [---->___________________________________________] 9.36% 8.45 MiB p/s ETA 12s13.19 MiB / 119.53 MiB [----->_________________________________________] 11.03% 8.45 MiB p/s ETA 12s15.12 MiB / 119.53 MiB [----->_________________________________________] 12.65% 8.45 MiB p/s ETA 12s17.06 MiB / 119.53 MiB [------>________________________________________] 14.27% 8.53 MiB p/s ETA 12s18.97 MiB / 119.53 MiB [------->_______________________________________] 15.87% 8.53 MiB p/s ETA 11s20.87 MiB / 119.53 MiB [-------->______________________________________] 17.46% 8.53 MiB p/s ETA 11s23.00 MiB / 119.53 MiB [--------->_____________________________________] 19.24% 8.62 MiB p/s ETA 11s24.50 MiB / 119.53 MiB [--------->_____________________________________] 20.50% 8.62 MiB p/s ETA 11s26.12 MiB / 119.53 MiB [---------->____________________________________] 21.85% 8.62 MiB p/s ETA 10s27.72 MiB / 119.53 MiB [---------->____________________________________] 23.19% 8.57 MiB p/s ETA 10s29.34 MiB / 119.53 MiB [----------->___________________________________] 24.55% 8.57 MiB p/s ETA 10s30.94 MiB / 119.53 MiB [------------>__________________________________] 25.88% 8.57 MiB p/s ETA 10s32.41 MiB / 119.53 MiB [------------>__________________________________] 27.11% 8.52 MiB p/s ETA 10s34.69 MiB / 119.53 MiB [------------->__________________________________] 29.02% 8.52 MiB p/s ETA 9s36.94 MiB / 119.53 MiB [-------------->_________________________________] 30.90% 8.52 MiB p/s ETA 9s38.53 MiB / 119.53 MiB [--------------->________________________________] 32.23% 8.63 MiB p/s ETA 9s40.09 MiB / 119.53 MiB [---------------->_______________________________] 33.54% 8.63 MiB p/s ETA 9s41.75 MiB / 119.53 MiB [---------------->_______________________________] 34.93% 8.63 MiB p/s ETA 9s43.50 MiB / 119.53 MiB [----------------->______________________________] 36.39% 8.61 MiB p/s ETA 8s45.25 MiB / 119.53 MiB [------------------>_____________________________] 37.85% 8.61 MiB p/s ETA 8s46.03 MiB / 119.53 MiB [------------------>_____________________________] 38.51% 8.61 MiB p/s ETA 8s48.50 MiB / 119.53 MiB [------------------->____________________________] 40.57% 8.59 MiB p/s ETA 8s50.47 MiB / 119.53 MiB [-------------------->___________________________] 42.22% 8.59 MiB p/s ETA 8s52.50 MiB / 119.53 MiB [--------------------->__________________________] 43.92% 8.59 MiB p/s ETA 7s54.28 MiB / 119.53 MiB [--------------------->__________________________] 45.41% 8.66 MiB p/s ETA 7s56.06 MiB / 119.53 MiB [---------------------->_________________________] 46.90% 8.66 MiB p/s ETA 7s57.97 MiB / 119.53 MiB [----------------------->________________________] 48.49% 8.66 MiB p/s ETA 7s59.75 MiB / 119.53 MiB [----------------------->________________________] 49.99% 8.69 MiB p/s ETA 6s61.69 MiB / 119.53 MiB [------------------------>_______________________] 51.61% 8.69 MiB p/s ETA 6s63.72 MiB / 119.53 MiB [------------------------->______________________] 53.31% 8.69 MiB p/s ETA 6s65.34 MiB / 119.53 MiB [-------------------------->_____________________] 54.66% 8.73 MiB p/s ETA 6s66.91 MiB / 119.53 MiB [-------------------------->_____________________] 55.97% 8.73 MiB p/s ETA 6s68.62 MiB / 119.53 MiB [--------------------------->____________________] 57.41% 8.73 MiB p/s ETA 5s70.37 MiB / 119.53 MiB [---------------------------->___________________] 58.87% 8.71 MiB p/s ETA 5s72.00 MiB / 119.53 MiB [---------------------------->___________________] 60.23% 8.71 MiB p/s ETA 5s74.09 MiB / 119.53 MiB [----------------------------->__________________] 61.98% 8.71 MiB p/s ETA 5s76.47 MiB / 119.53 MiB [------------------------------>_________________] 63.97% 8.80 MiB p/s ETA 4s78.34 MiB / 119.53 MiB [------------------------------->________________] 65.54% 8.80 MiB p/s ETA 4s80.16 MiB / 119.53 MiB [-------------------------------->_______________] 67.06% 8.80 MiB p/s ETA 4s81.78 MiB / 119.53 MiB [-------------------------------->_______________] 68.42% 8.80 MiB p/s ETA 4s83.50 MiB / 119.53 MiB [--------------------------------->______________] 69.85% 8.80 MiB p/s ETA 4s85.19 MiB / 119.53 MiB [---------------------------------->_____________] 71.27% 8.80 MiB p/s ETA 3s86.94 MiB / 119.53 MiB [---------------------------------->_____________] 72.73% 8.79 MiB p/s ETA 3s89.34 MiB / 119.53 MiB [----------------------------------->____________] 74.74% 8.79 MiB p/s ETA 3s91.47 MiB / 119.53 MiB [------------------------------------>___________] 76.52% 8.79 MiB p/s ETA 3s93.06 MiB / 119.53 MiB [------------------------------------->__________] 77.85% 8.88 MiB p/s ETA 2s94.91 MiB / 119.53 MiB [-------------------------------------->_________] 79.40% 8.88 MiB p/s ETA 2s96.66 MiB / 119.53 MiB [-------------------------------------->_________] 80.86% 8.88 MiB p/s ETA 2s98.56 MiB / 119.53 MiB [--------------------------------------->________] 82.46% 8.90 MiB p/s ETA 2s100.28 MiB / 119.53 MiB [--------------------------------------->_______] 83.89% 8.90 MiB p/s ETA 2s102.53 MiB / 119.53 MiB [---------------------------------------->______] 85.78% 8.90 MiB p/s ETA 1s104.41 MiB / 119.53 MiB [----------------------------------------->_____] 87.34% 8.95 MiB p/s ETA 1s106.19 MiB / 119.53 MiB [----------------------------------------->_____] 88.83% 8.95 MiB p/s ETA 1s107.94 MiB / 119.53 MiB [------------------------------------------>____] 90.30% 8.95 MiB p/s ETA 1s109.62 MiB / 119.53 MiB [------------------------------------------->___] 91.71% 8.94 MiB p/s ETA 1s111.37 MiB / 119.53 MiB [------------------------------------------->___] 93.17% 8.94 MiB p/s ETA 0s113.09 MiB / 119.53 MiB [-------------------------------------------->__] 94.61% 8.94 MiB p/s ETA 0s114.62 MiB / 119.53 MiB [--------------------------------------------->_] 95.89% 8.90 MiB p/s ETA 0s116.94 MiB / 119.53 MiB [--------------------------------------------->_] 97.83% 8.90 MiB p/s ETA 0s118.94 MiB / 119.53 MiB [---------------------------------------------->] 99.50% 8.90 MiB p/s ETA 0s119.53 MiB / 119.53 MiB [--------------------------------------------->] 100.00% 8.85 MiB p/s ETA 0s119.53 MiB / 119.53 MiB [--------------------------------------------->] 100.00% 8.85 MiB p/s ETA 0s119.53 MiB / 119.53 MiB [--------------------------------------------->] 100.00% 8.85 MiB p/s ETA 0s119.53 MiB / 119.53 MiB [--------------------------------------------->] 100.00% 8.28 MiB p/s ETA 0s119.53 MiB / 119.53 MiB [--------------------------------------------->] 100.00% 8.28 MiB p/s ETA 0s119.53 MiB / 119.53 MiB [--------------------------------------------->] 100.00% 8.28 MiB p/s ETA 0s119.53 MiB / 119.53 MiB [--------------------------------------------->] 100.00% 7.75 MiB p/s ETA 0s119.53 MiB / 119.53 MiB [--------------------------------------------->] 100.00% 7.75 MiB p/s ETA 0s119.53 MiB / 119.53 MiB [--------------------------------------------->] 100.00% 7.75 MiB p/s ETA 0s119.53 MiB / 119.53 MiB [--------------------------------------------->] 100.00% 7.25 MiB p/s ETA 0s119.53 MiB / 119.53 MiB [--------------------------------------------->] 100.00% 7.25 MiB p/s ETA 0s119.53 MiB / 119.53 MiB [--------------------------------------------->] 100.00% 7.25 MiB p/s ETA 0s119.53 MiB / 119.53 MiB [--------------------------------------------->] 100.00% 6.78 MiB p/s ETA 0s119.53 MiB / 119.53 MiB [--------------------------------------------->] 100.00% 6.78 MiB p/s ETA 0s119.53 MiB / 119.53 MiB [--------------------------------------------->] 100.00% 6.78 MiB p/s ETA 0s119.53 MiB / 119.53 MiB [--------------------------------------------->] 100.00% 6.34 MiB p/s ETA 0s119.53 MiB / 119.53 MiB [--------------------------------------------->] 100.00% 6.34 MiB p/s ETA 0s119.53 MiB / 119.53 MiB [--------------------------------------------->] 100.00% 6.34 MiB p/s ETA 0s119.53 MiB / 119.53 MiB [--------------------------------------------->] 100.00% 5.93 MiB p/s ETA 0s119.53 MiB / 119.53 MiB [--------------------------------------------->] 100.00% 5.93 MiB p/s ETA 0s119.53 MiB / 119.53 MiB [--------------------------------------------->] 100.00% 5.93 MiB p/s ETA 0s119.53 MiB / 119.53 MiB [--------------------------------------------->] 100.00% 5.55 MiB p/s ETA 0s119.53 MiB / 119.53 MiB [--------------------------------------------->] 100.00% 5.55 MiB p/s ETA 0s119.53 MiB / 119.53 MiB [--------------------------------------------->] 100.00% 5.55 MiB p/s ETA 0s119.53 MiB / 119.53 MiB [--------------------------------------------->] 100.00% 5.19 MiB p/s ETA 0s119.53 MiB / 119.53 MiB [--------------------------------------------->] 100.00% 5.19 MiB p/s ETA 0s119.53 MiB / 119.53 MiB [--------------------------------------------->] 100.00% 5.19 MiB p/s ETA 0s119.53 MiB / 119.53 MiB [--------------------------------------------->] 100.00% 4.86 MiB p/s ETA 0s119.53 MiB / 119.53 MiB [--------------------------------------------->] 100.00% 4.86 MiB p/s ETA 0s119.53 MiB / 119.53 MiB [--------------------------------------------->] 100.00% 4.86 MiB p/s ETA 0s119.53 MiB / 119.53 MiB [--------------------------------------------->] 100.00% 4.54 MiB p/s ETA 0s119.53 MiB / 119.53 MiB [--------------------------------------------->] 100.00% 4.54 MiB p/s ETA 0s119.53 MiB / 119.53 MiB [--------------------------------------------->] 100.00% 4.54 MiB p/s ETA 0s119.53 MiB / 119.53 MiB [--------------------------------------------->] 100.00% 4.25 MiB p/s ETA 0s119.53 MiB / 119.53 MiB [--------------------------------------------->] 100.00% 4.25 MiB p/s ETA 0s119.53 MiB / 119.53 MiB [--------------------------------------------->] 100.00% 4.25 MiB p/s ETA 0s119.53 MiB / 119.53 MiB [--------------------------------------------->] 100.00% 3.98 MiB p/s ETA 0s119.53 MiB / 119.53 MiB [--------------------------------------------->] 100.00% 3.98 MiB p/s ETA 0s119.53 MiB / 119.53 MiB [--------------------------------------------->] 100.00% 3.98 MiB p/s ETA 0s119.53 MiB / 119.53 MiB [--------------------------------------------->] 100.00% 3.72 MiB p/s ETA 0s119.53 MiB / 119.53 MiB [--------------------------------------------->] 100.00% 3.72 MiB p/s ETA 0s119.53 MiB / 119.53 MiB [--------------------------------------------->] 100.00% 3.72 MiB p/s ETA 0s119.53 MiB / 119.53 MiB [--------------------------------------------->] 100.00% 3.48 MiB p/s ETA 0s119.53 MiB / 119.53 MiB [--------------------------------------------->] 100.00% 3.48 MiB p/s ETA 0s119.53 MiB / 119.53 MiB [--------------------------------------------->] 100.00% 3.48 MiB p/s ETA 0s119.53 MiB / 119.53 MiB [--------------------------------------------->] 100.00% 3.26 MiB p/s ETA 0s119.53 MiB / 119.53 MiB [--------------------------------------------->] 100.00% 3.26 MiB p/s ETA 0s119.53 MiB / 119.53 MiB [--------------------------------------------->] 100.00% 3.26 MiB p/s ETA 0s119.53 MiB / 119.53 MiB [--------------------------------------------->] 100.00% 3.05 MiB p/s ETA 0s119.53 MiB / 119.53 MiB [--------------------------------------------->] 100.00% 3.05 MiB p/s ETA 0s119.53 MiB / 119.53 MiB [--------------------------------------------->] 100.00% 3.05 MiB p/s ETA 0s119.53 MiB / 119.53 MiB [--------------------------------------------->] 100.00% 2.85 MiB p/s ETA 0s119.53 MiB / 119.53 MiB [--------------------------------------------->] 100.00% 2.85 MiB p/s ETA 0s119.53 MiB / 119.53 MiB [--------------------------------------------->] 100.00% 2.85 MiB p/s ETA 0s119.53 MiB / 119.53 MiB [--------------------------------------------->] 100.00% 2.67 MiB p/s ETA 0s119.53 MiB / 119.53 MiB [--------------------------------------------->] 100.00% 2.67 MiB p/s ETA 0s119.53 MiB / 119.53 MiB [--------------------------------------------->] 100.00% 2.67 MiB p/s ETA 0s119.53 MiB / 119.53 MiB [--------------------------------------------->] 100.00% 2.49 MiB p/s ETA 0s119.53 MiB / 119.53 MiB [--------------------------------------------->] 100.00% 2.49 MiB p/s ETA 0s119.53 MiB / 119.53 MiB [--------------------------------------------->] 100.00% 2.49 MiB p/s ETA 0s119.53 MiB / 119.53 MiB [--------------------------------------------->] 100.00% 2.33 MiB p/s ETA 0s119.53 MiB / 119.53 MiB [--------------------------------------------->] 100.00% 2.33 MiB p/s ETA 0s119.53 MiB / 119.53 MiB [--------------------------------------------->] 100.00% 2.33 MiB p/s ETA 0s119.53 MiB / 119.53 MiB [--------------------------------------------->] 100.00% 2.18 MiB p/s ETA 0s119.53 MiB / 119.53 MiB [--------------------------------------------->] 100.00% 2.18 MiB p/s ETA 0s119.53 MiB / 119.53 MiB [--------------------------------------------->] 100.00% 2.18 MiB p/s ETA 0s119.53 MiB / 119.53 MiB [--------------------------------------------->] 100.00% 2.04 MiB p/s ETA 0s119.53 MiB / 119.53 MiB [--------------------------------------------->] 100.00% 2.04 MiB p/s ETA 0s119.53 MiB / 119.53 MiB [--------------------------------------------->] 100.00% 2.04 MiB p/s ETA 0s119.53 MiB / 119.53 MiB [--------------------------------------------->] 100.00% 1.91 MiB p/s ETA 0s119.53 MiB / 119.53 MiB [--------------------------------------------->] 100.00% 1.91 MiB p/s ETA 0s119.53 MiB / 119.53 MiB [--------------------------------------------->] 100.00% 1.91 MiB p/s ETA 0s119.53 MiB / 119.53 MiB [--------------------------------------------->] 100.00% 1.79 MiB p/s ETA 0s119.53 MiB / 119.53 MiB [--------------------------------------------->] 100.00% 1.79 MiB p/s ETA 0s119.53 MiB / 119.53 MiB [--------------------------------------------->] 100.00% 1.79 MiB p/s ETA 0s119.53 MiB / 119.53 MiB [--------------------------------------------->] 100.00% 1.67 MiB p/s ETA 0s119.53 MiB / 119.53 MiB [--------------------------------------------->] 100.00% 1.67 MiB p/s ETA 0s119.53 MiB / 119.53 MiB [--------------------------------------------->] 100.00% 1.67 MiB p/s ETA 0s119.53 MiB / 119.53 MiB [--------------------------------------------->] 100.00% 1.56 MiB p/s ETA 0s119.53 MiB / 119.53 MiB [--------------------------------------------->] 100.00% 1.56 MiB p/s ETA 0s119.53 MiB / 119.53 MiB [--------------------------------------------->] 100.00% 1.56 MiB p/s ETA 0s119.53 MiB / 119.53 MiB [--------------------------------------------->] 100.00% 1.46 MiB p/s ETA 0s119.53 MiB / 119.53 MiB [--------------------------------------------->] 100.00% 1.46 MiB p/s ETA 0s119.53 MiB / 119.53 MiB [--------------------------------------------->] 100.00% 1.46 MiB p/s ETA 0s119.53 MiB / 119.53 MiB [--------------------------------------------->] 100.00% 1.37 MiB p/s ETA 0s119.53 MiB / 119.53 MiB [--------------------------------------------->] 100.00% 1.37 MiB p/s ETA 0s119.53 MiB / 119.53 MiB [--------------------------------------------->] 100.00% 1.37 MiB p/s ETA 0s119.53 MiB / 119.53 MiB [--------------------------------------------->] 100.00% 1.28 MiB p/s ETA 0s119.53 MiB / 119.53 MiB [--------------------------------------------->] 100.00% 1.28 MiB p/s ETA 0s119.53 MiB / 119.53 MiB [--------------------------------------------->] 100.00% 1.28 MiB p/s ETA 0s119.53 MiB / 119.53 MiB [--------------------------------------------->] 100.00% 1.20 MiB p/s ETA 0s119.53 MiB / 119.53 MiB [--------------------------------------------->] 100.00% 1.20 MiB p/s ETA 0s119.53 MiB / 119.53 MiB [--------------------------------------------->] 100.00% 1.20 MiB p/s ETA 0s119.53 MiB / 119.53 MiB [--------------------------------------------->] 100.00% 1.12 MiB p/s ETA 0s119.53 MiB / 119.53 MiB [--------------------------------------------->] 100.00% 1.12 MiB p/s ETA 0s119.53 MiB / 119.53 MiB [--------------------------------------------->] 100.00% 1.12 MiB p/s ETA 0s119.53 MiB / 119.53 MiB [--------------------------------------------->] 100.00% 1.05 MiB p/s ETA 0s119.53 MiB / 119.53 MiB [--------------------------------------------->] 100.00% 1.05 MiB p/s ETA 0s119.53 MiB / 119.53 MiB [--------------------------------------------->] 100.00% 1.05 MiB p/s ETA 0s119.53 MiB / 119.53 MiB [------------------------------------------>] 100.00% 1003.66 KiB p/s ETA 0s119.53 MiB / 119.53 MiB [------------------------------------------>] 100.00% 1003.66 KiB p/s ETA 0s119.53 MiB / 119.53 MiB [------------------------------------------>] 100.00% 1003.66 KiB p/s ETA 0s119.53 MiB / 119.53 MiB [------------------------------------------->] 100.00% 938.90 KiB p/s ETA 0s119.53 MiB / 119.53 MiB [------------------------------------------->] 100.00% 938.90 KiB p/s ETA 0s119.53 MiB / 119.53 MiB [------------------------------------------->] 100.00% 938.90 KiB p/s ETA 0s119.53 MiB / 119.53 MiB [------------------------------------------->] 100.00% 878.33 KiB p/s ETA 0s119.53 MiB / 119.53 MiB [------------------------------------------->] 100.00% 878.33 KiB p/s ETA 0s119.53 MiB / 119.53 MiB [------------------------------------------->] 100.00% 878.33 KiB p/s ETA 0s119.53 MiB / 119.53 MiB [------------------------------------------->] 100.00% 821.66 KiB p/s ETA 0s119.53 MiB / 119.53 MiB [------------------------------------------->] 100.00% 821.66 KiB p/s ETA 0s119.53 MiB / 119.53 MiB [------------------------------------------->] 100.00% 821.66 KiB p/s ETA 0s119.53 MiB / 119.53 MiB [------------------------------------------->] 100.00% 768.65 KiB p/s ETA 0s119.53 MiB / 119.53 MiB [------------------------------------------->] 100.00% 768.65 KiB p/s ETA 0s119.53 MiB / 119.53 MiB [------------------------------------------->] 100.00% 768.65 KiB p/s ETA 0s119.53 MiB / 119.53 MiB [------------------------------------------->] 100.00% 719.06 KiB p/s ETA 0s119.53 MiB / 119.53 MiB [------------------------------------------->] 100.00% 719.06 KiB p/s ETA 0s119.53 MiB / 119.53 MiB [------------------------------------------->] 100.00% 719.06 KiB p/s ETA 0s119.53 MiB / 119.53 MiB [------------------------------------------->] 100.00% 672.67 KiB p/s ETA 0s119.53 MiB / 119.53 MiB [------------------------------------------->] 100.00% 672.67 KiB p/s ETA 0s119.53 MiB / 119.53 MiB [------------------------------------------->] 100.00% 672.67 KiB p/s ETA 0s119.53 MiB / 119.53 MiB [------------------------------------------->] 100.00% 629.27 KiB p/s ETA 0s119.53 MiB / 119.53 MiB [------------------------------------------->] 100.00% 629.27 KiB p/s ETA 0s119.53 MiB / 119.53 MiB [------------------------------------------->] 100.00% 629.27 KiB p/s ETA 0s119.53 MiB / 119.53 MiB [------------------------------------------->] 100.00% 588.67 KiB p/s ETA 0s119.53 MiB / 119.53 MiB [------------------------------------------->] 100.00% 588.67 KiB p/s ETA 0s119.53 MiB / 119.53 MiB [------------------------------------------->] 100.00% 588.67 KiB p/s ETA 0s119.53 MiB / 119.53 MiB [------------------------------------------->] 100.00% 550.70 KiB p/s ETA 0s119.53 MiB / 119.53 MiB [------------------------------------------->] 100.00% 550.70 KiB p/s ETA 0s119.53 MiB / 119.53 MiB [------------------------------------------->] 100.00% 550.70 KiB p/s ETA 0s119.53 MiB / 119.53 MiB [------------------------------------------->] 100.00% 515.17 KiB p/s ETA 0s119.53 MiB / 119.53 MiB [------------------------------------------->] 100.00% 515.17 KiB p/s ETA 0s119.53 MiB / 119.53 MiB [------------------------------------------->] 100.00% 515.17 KiB p/s ETA 0s119.53 MiB / 119.53 MiB [------------------------------------------->] 100.00% 481.93 KiB p/s ETA 0s119.53 MiB / 119.53 MiB [------------------------------------------->] 100.00% 481.93 KiB p/s ETA 0s119.53 MiB / 119.53 MiB [------------------------------------------->] 100.00% 481.93 KiB p/s ETA 0s119.53 MiB / 119.53 MiB [------------------------------------------->] 100.00% 450.84 KiB p/s ETA 0s119.53 MiB / 119.53 MiB [------------------------------------------->] 100.00% 450.84 KiB p/s ETA 0s119.53 MiB / 119.53 MiB [------------------------------------------->] 100.00% 450.84 KiB p/s ETA 0s119.53 MiB / 119.53 MiB [------------------------------------------->] 100.00% 421.75 KiB p/s ETA 0s119.53 MiB / 119.53 MiB [------------------------------------------->] 100.00% 421.75 KiB p/s ETA 0s119.53 MiB / 119.53 MiB [------------------------------------------->] 100.00% 421.75 KiB p/s ETA 0s119.53 MiB / 119.53 MiB [------------------------------------------->] 100.00% 394.54 KiB p/s ETA 0s119.53 MiB / 119.53 MiB [------------------------------------------->] 100.00% 394.54 KiB p/s ETA 0s119.53 MiB / 119.53 MiB [------------------------------------------->] 100.00% 394.54 KiB p/s ETA 0s119.53 MiB / 119.53 MiB [------------------------------------------->] 100.00% 369.09 KiB p/s ETA 0s119.53 MiB / 119.53 MiB [------------------------------------------->] 100.00% 369.09 KiB p/s ETA 0s119.53 MiB / 119.53 MiB [------------------------------------------->] 100.00% 369.09 KiB p/s ETA 0s119.53 MiB / 119.53 MiB [------------------------------------------->] 100.00% 345.28 KiB p/s ETA 0s119.53 MiB / 119.53 MiB [------------------------------------------->] 100.00% 345.28 KiB p/s ETA 0s119.53 MiB / 119.53 MiB [------------------------------------------->] 100.00% 345.28 KiB p/s ETA 0s119.53 MiB / 119.53 MiB [------------------------------------------->] 100.00% 323.00 KiB p/s ETA 0s119.53 MiB / 119.53 MiB [------------------------------------------->] 100.00% 323.00 KiB p/s ETA 0s119.53 MiB / 119.53 MiB [------------------------------------------->] 100.00% 323.00 KiB p/s ETA 0s119.53 MiB / 119.53 MiB [------------------------------------------->] 100.00% 302.16 KiB p/s ETA 0s119.53 MiB / 119.53 MiB [------------------------------------------->] 100.00% 302.16 KiB p/s ETA 0s119.53 MiB / 119.53 MiB [------------------------------------------->] 100.00% 302.16 KiB p/s ETA 0s119.53 MiB / 119.53 MiB [------------------------------------------->] 100.00% 282.67 KiB p/s ETA 0s119.53 MiB / 119.53 MiB [------------------------------------------->] 100.00% 282.67 KiB p/s ETA 0s119.53 MiB / 119.53 MiB [------------------------------------------->] 100.00% 282.67 KiB p/s ETA 0s119.53 MiB / 119.53 MiB [------------------------------------------->] 100.00% 264.43 KiB p/s ETA 0s119.53 MiB / 119.53 MiB [------------------------------------------->] 100.00% 264.43 KiB p/s ETA 0s119.53 MiB / 119.53 MiB [------------------------------------------->] 100.00% 264.43 KiB p/s ETA 0s119.53 MiB / 119.53 MiB [------------------------------------------->] 100.00% 247.37 KiB p/s ETA 0s119.53 MiB / 119.53 MiB [------------------------------------------->] 100.00% 247.37 KiB p/s ETA 0s119.53 MiB / 119.53 MiB [------------------------------------------->] 100.00% 247.37 KiB p/s ETA 0s119.53 MiB / 119.53 MiB [------------------------------------------->] 100.00% 231.41 KiB p/s ETA 0s119.53 MiB / 119.53 MiB [------------------------------------------->] 100.00% 231.41 KiB p/s ETA 0s119.53 MiB / 119.53 MiB [------------------------------------------->] 100.00% 231.41 KiB p/s ETA 0s119.53 MiB / 119.53 MiB [------------------------------------------->] 100.00% 216.48 KiB p/s ETA 0s119.53 MiB / 119.53 MiB [------------------------------------------->] 100.00% 216.48 KiB p/s ETA 0s119.53 MiB / 119.53 MiB [------------------------------------------->] 100.00% 216.48 KiB p/s ETA 0s119.53 MiB / 119.53 MiB [------------------------------------------->] 100.00% 202.51 KiB p/s ETA 0s119.53 MiB / 119.53 MiB [------------------------------------------->] 100.00% 202.51 KiB p/s ETA 0s119.53 MiB / 119.53 MiB [------------------------------------------->] 100.00% 202.51 KiB p/s ETA 0s119.53 MiB / 119.53 MiB [------------------------------------------->] 100.00% 189.45 KiB p/s ETA 0s119.53 MiB / 119.53 MiB [------------------------------------------->] 100.00% 189.45 KiB p/s ETA 0s119.53 MiB / 119.53 MiB [------------------------------------------->] 100.00% 189.45 KiB p/s ETA 0s119.53 MiB / 119.53 MiB [------------------------------------------->] 100.00% 177.23 KiB p/s ETA 0s119.53 MiB / 119.53 MiB [------------------------------------------->] 100.00% 177.23 KiB p/s ETA 0s119.53 MiB / 119.53 MiB [------------------------------------------->] 100.00% 177.23 KiB p/s ETA 0s119.53 MiB / 119.53 MiB [------------------------------------------->] 100.00% 165.79 KiB p/s ETA 0s119.53 MiB / 119.53 MiB [------------------------------------------->] 100.00% 165.79 KiB p/s ETA 0s119.53 MiB / 119.53 MiB [------------------------------------------->] 100.00% 165.79 KiB p/s ETA 0s119.53 MiB / 119.53 MiB [------------------------------------------->] 100.00% 155.10 KiB p/s ETA 0s119.53 MiB / 119.53 MiB [------------------------------------------->] 100.00% 155.10 KiB p/s ETA 0s119.53 MiB / 119.53 MiB [------------------------------------------->] 100.00% 155.10 KiB p/s ETA 0s119.53 MiB / 119.53 MiB [------------------------------------------->] 100.00% 145.09 KiB p/s ETA 0s119.53 MiB / 119.53 MiB [------------------------------------------->] 100.00% 145.09 KiB p/s ETA 0s119.53 MiB / 119.53 MiB [-------------------------------------------------] 100.00% 2.35 MiB p/s 51s2026-10-07T20:07:40Z	INFO	[vulndb] Artifact successfully downloaded	repo="mirror.gcr.io/aquasec/trivy-db:2"
[session21-final-pipeline/SCA + IaC scan (pip-audit, npm audit, trivy fs/config)]   | 2026-10-07T20:07:40Z	INFO	[vuln] Vulnerability scanning is enabled
[session21-final-pipeline/SCA + IaC scan (pip-audit, npm audit, trivy fs/config)]   | 2026-10-07T20:07:40Z	INFO	[npm] Run "npm install" to collect the license information of packages	dir="frontend/node_modules"
[session21-final-pipeline/SCA + IaC scan (pip-audit, npm audit, trivy fs/config)]   | 2026-10-07T20:07:40Z	INFO	Suppressing dependencies for development and testing. To display them, try the '--include-dev-deps' flag.
[session21-final-pipeline/SCA + IaC scan (pip-audit, npm audit, trivy fs/config)]   | 2026-10-07T20:07:40Z	INFO	Number of language-specific files	num=2
[session21-final-pipeline/SCA + IaC scan (pip-audit, npm audit, trivy fs/config)]   | 2026-10-07T20:07:40Z	INFO	[npm] Detecting vulnerabilities...
[session21-final-pipeline/SCA + IaC scan (pip-audit, npm audit, trivy fs/config)]   | 2026-10-07T20:07:40Z	INFO	[pip] Detecting vulnerabilities...
[session21-final-pipeline/SCA + IaC scan (pip-audit, npm audit, trivy fs/config)]   | 
[session21-final-pipeline/SCA + IaC scan (pip-audit, npm audit, trivy fs/config)]   | Report Summary
[session21-final-pipeline/SCA + IaC scan (pip-audit, npm audit, trivy fs/config)]   | 
[session21-final-pipeline/SCA + IaC scan (pip-audit, npm audit, trivy fs/config)]   | ┌────────────────────────────┬──────┬─────────────────┐
[session21-final-pipeline/SCA + IaC scan (pip-audit, npm audit, trivy fs/config)]   | │           Target           │ Type │ Vulnerabilities │
[session21-final-pipeline/SCA + IaC scan (pip-audit, npm audit, trivy fs/config)]   | ├────────────────────────────┼──────┼─────────────────┤
[session21-final-pipeline/SCA + IaC scan (pip-audit, npm audit, trivy fs/config)]   | │ backend/requirements.txt   │ pip  │        0        │
[session21-final-pipeline/SCA + IaC scan (pip-audit, npm audit, trivy fs/config)]   | ├────────────────────────────┼──────┼─────────────────┤
[session21-final-pipeline/SCA + IaC scan (pip-audit, npm audit, trivy fs/config)]   | │ frontend/package-lock.json │ npm  │        0        │
[session21-final-pipeline/SCA + IaC scan (pip-audit, npm audit, trivy fs/config)]   | └────────────────────────────┴──────┴─────────────────┘
[session21-final-pipeline/SCA + IaC scan (pip-audit, npm audit, trivy fs/config)]   | Legend:
[session21-final-pipeline/SCA + IaC scan (pip-audit, npm audit, trivy fs/config)]   | - '-': Not scanned
[session21-final-pipeline/SCA + IaC scan (pip-audit, npm audit, trivy fs/config)]   | - '0': Clean (no security findings detected)
[session21-final-pipeline/SCA + IaC scan (pip-audit, npm audit, trivy fs/config)]   | 
[session21-final-pipeline/SCA + IaC scan (pip-audit, npm audit, trivy fs/config)]   ✅  Success - Main Trivy filesystem scan (vulnerabilities in lock files) [53.082304902s]
[session21-final-pipeline/SCA + IaC scan (pip-audit, npm audit, trivy fs/config)] ⭐ Run Main Trivy IaC misconfiguration scan (Dockerfiles, Kubernetes, Helm, Terraform)
[session21-final-pipeline/SCA + IaC scan (pip-audit, npm audit, trivy fs/config)]   🐳  docker exec cmd=[bash -e /var/run/act/workflow/8] user= workdir=session-21-final-devops-project/final-devops-project
[session21-final-pipeline/SCA + IaC scan (pip-audit, npm audit, trivy fs/config)]   | 2026-10-07T20:07:41Z	INFO	[misconfig] Misconfiguration scanning is enabled
[session21-final-pipeline/SCA + IaC scan (pip-audit, npm audit, trivy fs/config)]   | 2026-10-07T20:07:41Z	INFO	[checks-client] Need to update the checks bundle
[session21-final-pipeline/SCA + IaC scan (pip-audit, npm audit, trivy fs/config)]   | 2026-10-07T20:07:41Z	INFO	[checks-client] Downloading the checks bundle...
[session21-final-pipeline/SCA + IaC scan (pip-audit, npm audit, trivy fs/config)]   | 234.65 KiB / 234.65 KiB [--------------------------------------------------------->] 100.00% ? p/s ?234.65 KiB / 234.65 KiB [-----------------------------------------------] 100.00% 3.50 MiB p/s 300ms2026-10-07T20:07:44Z	INFO	[terraform scanner] Scanning root module	file_path="terraform"
[session21-final-pipeline/SCA + IaC scan (pip-audit, npm audit, trivy fs/config)]   | 2026-10-07T20:07:44Z	INFO	Detected config files	num=37
[session21-final-pipeline/SCA + IaC scan (pip-audit, npm audit, trivy fs/config)]   | 
[session21-final-pipeline/SCA + IaC scan (pip-audit, npm audit, trivy fs/config)]   | Report Summary
[session21-final-pipeline/SCA + IaC scan (pip-audit, npm audit, trivy fs/config)]   | 
[session21-final-pipeline/SCA + IaC scan (pip-audit, npm audit, trivy fs/config)]   | ┌──────────────────────────────────────────────────────────────────────┬────────────┬───────────────────┐
[session21-final-pipeline/SCA + IaC scan (pip-audit, npm audit, trivy fs/config)]   | │                                Target                                │    Type    │ Misconfigurations │
[session21-final-pipeline/SCA + IaC scan (pip-audit, npm audit, trivy fs/config)]   | ├──────────────────────────────────────────────────────────────────────┼────────────┼───────────────────┤
[session21-final-pipeline/SCA + IaC scan (pip-audit, npm audit, trivy fs/config)]   | │ docker/backend.Dockerfile                                            │ dockerfile │         0         │
[session21-final-pipeline/SCA + IaC scan (pip-audit, npm audit, trivy fs/config)]   | ├──────────────────────────────────────────────────────────────────────┼────────────┼───────────────────┤
[session21-final-pipeline/SCA + IaC scan (pip-audit, npm audit, trivy fs/config)]   | │ docker/frontend.Dockerfile                                           │ dockerfile │         0         │
[session21-final-pipeline/SCA + IaC scan (pip-audit, npm audit, trivy fs/config)]   | ├──────────────────────────────────────────────────────────────────────┼────────────┼───────────────────┤
[session21-final-pipeline/SCA + IaC scan (pip-audit, npm audit, trivy fs/config)]   | │ gitops/application-github.yaml                                       │ kubernetes │         0         │
[session21-final-pipeline/SCA + IaC scan (pip-audit, npm audit, trivy fs/config)]   | ├──────────────────────────────────────────────────────────────────────┼────────────┼───────────────────┤
[session21-final-pipeline/SCA + IaC scan (pip-audit, npm audit, trivy fs/config)]   | │ gitops/application-local-gitea.yaml                                  │ kubernetes │         0         │
[session21-final-pipeline/SCA + IaC scan (pip-audit, npm audit, trivy fs/config)]   | ├──────────────────────────────────────────────────────────────────────┼────────────┼───────────────────┤
[session21-final-pipeline/SCA + IaC scan (pip-audit, npm audit, trivy fs/config)]   | │ gitops/local-git-server/gitea.yaml                                   │ kubernetes │         0         │
[session21-final-pipeline/SCA + IaC scan (pip-audit, npm audit, trivy fs/config)]   | ├──────────────────────────────────────────────────────────────────────┼────────────┼───────────────────┤
[session21-final-pipeline/SCA + IaC scan (pip-audit, npm audit, trivy fs/config)]   | │ helm/taskboard/templates/backend.yaml                                │    helm    │         0         │
[session21-final-pipeline/SCA + IaC scan (pip-audit, npm audit, trivy fs/config)]   | ├──────────────────────────────────────────────────────────────────────┼────────────┼───────────────────┤
[session21-final-pipeline/SCA + IaC scan (pip-audit, npm audit, trivy fs/config)]   | │ helm/taskboard/templates/configmap.yaml                              │    helm    │         0         │
[session21-final-pipeline/SCA + IaC scan (pip-audit, npm audit, trivy fs/config)]   | ├──────────────────────────────────────────────────────────────────────┼────────────┼───────────────────┤
[session21-final-pipeline/SCA + IaC scan (pip-audit, npm audit, trivy fs/config)]   | │ helm/taskboard/templates/frontend.yaml                               │    helm    │         0         │
[session21-final-pipeline/SCA + IaC scan (pip-audit, npm audit, trivy fs/config)]   | ├──────────────────────────────────────────────────────────────────────┼────────────┼───────────────────┤
[session21-final-pipeline/SCA + IaC scan (pip-audit, npm audit, trivy fs/config)]   | │ helm/taskboard/templates/ingress-hpa.yaml                            │    helm    │         0         │
[session21-final-pipeline/SCA + IaC scan (pip-audit, npm audit, trivy fs/config)]   | ├──────────────────────────────────────────────────────────────────────┼────────────┼───────────────────┤
[session21-final-pipeline/SCA + IaC scan (pip-audit, npm audit, trivy fs/config)]   | │ helm/taskboard/templates/monitoring.yaml                             │    helm    │         0         │
[session21-final-pipeline/SCA + IaC scan (pip-audit, npm audit, trivy fs/config)]   | ├──────────────────────────────────────────────────────────────────────┼────────────┼───────────────────┤
[session21-final-pipeline/SCA + IaC scan (pip-audit, npm audit, trivy fs/config)]   | │ helm/taskboard/templates/postgres.yaml                               │    helm    │         0         │
[session21-final-pipeline/SCA + IaC scan (pip-audit, npm audit, trivy fs/config)]   | ├──────────────────────────────────────────────────────────────────────┼────────────┼───────────────────┤
[session21-final-pipeline/SCA + IaC scan (pip-audit, npm audit, trivy fs/config)]   | │ helm/taskboard/templates/secret.yaml                                 │    helm    │         0         │
[session21-final-pipeline/SCA + IaC scan (pip-audit, npm audit, trivy fs/config)]   | ├──────────────────────────────────────────────────────────────────────┼────────────┼───────────────────┤
[session21-final-pipeline/SCA + IaC scan (pip-audit, npm audit, trivy fs/config)]   | │ kubernetes/00-namespace.yaml                                         │ kubernetes │         0         │
[session21-final-pipeline/SCA + IaC scan (pip-audit, npm audit, trivy fs/config)]   | ├──────────────────────────────────────────────────────────────────────┼────────────┼───────────────────┤
[session21-final-pipeline/SCA + IaC scan (pip-audit, npm audit, trivy fs/config)]   | │ kubernetes/01-config.yaml                                            │ kubernetes │         0         │
[session21-final-pipeline/SCA + IaC scan (pip-audit, npm audit, trivy fs/config)]   | ├──────────────────────────────────────────────────────────────────────┼────────────┼───────────────────┤
[session21-final-pipeline/SCA + IaC scan (pip-audit, npm audit, trivy fs/config)]   | │ kubernetes/02-postgres.yaml                                          │ kubernetes │         0         │
[session21-final-pipeline/SCA + IaC scan (pip-audit, npm audit, trivy fs/config)]   | ├──────────────────────────────────────────────────────────────────────┼────────────┼───────────────────┤
[session21-final-pipeline/SCA + IaC scan (pip-audit, npm audit, trivy fs/config)]   | │ kubernetes/03-backend.yaml                                           │ kubernetes │         0         │
[session21-final-pipeline/SCA + IaC scan (pip-audit, npm audit, trivy fs/config)]   | ├──────────────────────────────────────────────────────────────────────┼────────────┼───────────────────┤
[session21-final-pipeline/SCA + IaC scan (pip-audit, npm audit, trivy fs/config)]   | │ kubernetes/04-frontend.yaml                                          │ kubernetes │         0         │
[session21-final-pipeline/SCA + IaC scan (pip-audit, npm audit, trivy fs/config)]   | ├──────────────────────────────────────────────────────────────────────┼────────────┼───────────────────┤
[session21-final-pipeline/SCA + IaC scan (pip-audit, npm audit, trivy fs/config)]   | │ kubernetes/05-ingress-hpa.yaml                                       │ kubernetes │         0         │
[session21-final-pipeline/SCA + IaC scan (pip-audit, npm audit, trivy fs/config)]   | ├──────────────────────────────────────────────────────────────────────┼────────────┼───────────────────┤
[session21-final-pipeline/SCA + IaC scan (pip-audit, npm audit, trivy fs/config)]   | │ monitoring/taskboard-monitoring-rendered.yaml                        │ kubernetes │         0         │
[session21-final-pipeline/SCA + IaC scan (pip-audit, npm audit, trivy fs/config)]   | ├──────────────────────────────────────────────────────────────────────┼────────────┼───────────────────┤
[session21-final-pipeline/SCA + IaC scan (pip-audit, npm audit, trivy fs/config)]   | │ scripts/loadgen-pod.yaml                                             │ kubernetes │         0         │
[session21-final-pipeline/SCA + IaC scan (pip-audit, npm audit, trivy fs/config)]   | ├──────────────────────────────────────────────────────────────────────┼────────────┼───────────────────┤
[session21-final-pipeline/SCA + IaC scan (pip-audit, npm audit, trivy fs/config)]   | │ terraform                                                            │ terraform  │         0         │
[session21-final-pipeline/SCA + IaC scan (pip-audit, npm audit, trivy fs/config)]   | ├──────────────────────────────────────────────────────────────────────┼────────────┼───────────────────┤
[session21-final-pipeline/SCA + IaC scan (pip-audit, npm audit, trivy fs/config)]   | │ terraform/eks.tf                                                     │ terraform  │         0         │
[session21-final-pipeline/SCA + IaC scan (pip-audit, npm audit, trivy fs/config)]   | ├──────────────────────────────────────────────────────────────────────┼────────────┼───────────────────┤
[session21-final-pipeline/SCA + IaC scan (pip-audit, npm audit, trivy fs/config)]   | │ terraform/registry-storage.tf                                        │ terraform  │         0         │
[session21-final-pipeline/SCA + IaC scan (pip-audit, npm audit, trivy fs/config)]   | ├──────────────────────────────────────────────────────────────────────┼────────────┼───────────────────┤
[session21-final-pipeline/SCA + IaC scan (pip-audit, npm audit, trivy fs/config)]   | │ terraform/vpc.tf                                                     │ terraform  │         0         │
[session21-final-pipeline/SCA + IaC scan (pip-audit, npm audit, trivy fs/config)]   | ├──────────────────────────────────────────────────────────────────────┼────────────┼───────────────────┤
[session21-final-pipeline/SCA + IaC scan (pip-audit, npm audit, trivy fs/config)]   | │ troubleshooting/base/00-namespace.yaml                               │ kubernetes │         0         │
[session21-final-pipeline/SCA + IaC scan (pip-audit, npm audit, trivy fs/config)]   | ├──────────────────────────────────────────────────────────────────────┼────────────┼───────────────────┤
[session21-final-pipeline/SCA + IaC scan (pip-audit, npm audit, trivy fs/config)]   | │ troubleshooting/base/01-config.yaml                                  │ kubernetes │         0         │
[session21-final-pipeline/SCA + IaC scan (pip-audit, npm audit, trivy fs/config)]   | ├──────────────────────────────────────────────────────────────────────┼────────────┼───────────────────┤
[session21-final-pipeline/SCA + IaC scan (pip-audit, npm audit, trivy fs/config)]   | │ troubleshooting/base/02-postgres.yaml                                │ kubernetes │         0         │
[session21-final-pipeline/SCA + IaC scan (pip-audit, npm audit, trivy fs/config)]   | ├──────────────────────────────────────────────────────────────────────┼────────────┼───────────────────┤
[session21-final-pipeline/SCA + IaC scan (pip-audit, npm audit, trivy fs/config)]   | │ troubleshooting/base/03-backend.yaml                                 │ kubernetes │         0         │
[session21-final-pipeline/SCA + IaC scan (pip-audit, npm audit, trivy fs/config)]   | ├──────────────────────────────────────────────────────────────────────┼────────────┼───────────────────┤
[session21-final-pipeline/SCA + IaC scan (pip-audit, npm audit, trivy fs/config)]   | │ troubleshooting/base/04-frontend.yaml                                │ kubernetes │         0         │
[session21-final-pipeline/SCA + IaC scan (pip-audit, npm audit, trivy fs/config)]   | ├──────────────────────────────────────────────────────────────────────┼────────────┼───────────────────┤
[session21-final-pipeline/SCA + IaC scan (pip-audit, npm audit, trivy fs/config)]   | │ troubleshooting/base/05-ingress.yaml                                 │ kubernetes │         0         │
[session21-final-pipeline/SCA + IaC scan (pip-audit, npm audit, trivy fs/config)]   | ├──────────────────────────────────────────────────────────────────────┼────────────┼───────────────────┤
[session21-final-pipeline/SCA + IaC scan (pip-audit, npm audit, trivy fs/config)]   | │ troubleshooting/scenarios/1-image-pull/broken-deployment.yaml        │ kubernetes │         0         │
[session21-final-pipeline/SCA + IaC scan (pip-audit, npm audit, trivy fs/config)]   | ├──────────────────────────────────────────────────────────────────────┼────────────┼───────────────────┤
[session21-final-pipeline/SCA + IaC scan (pip-audit, npm audit, trivy fs/config)]   | │ troubleshooting/scenarios/2-readiness-path/broken-deployment.yaml    │ kubernetes │         0         │
[session21-final-pipeline/SCA + IaC scan (pip-audit, npm audit, trivy fs/config)]   | ├──────────────────────────────────────────────────────────────────────┼────────────┼───────────────────┤
[session21-final-pipeline/SCA + IaC scan (pip-audit, npm audit, trivy fs/config)]   | │ troubleshooting/scenarios/3-service-targetport/broken-service.yaml   │ kubernetes │         0         │
[session21-final-pipeline/SCA + IaC scan (pip-audit, npm audit, trivy fs/config)]   | ├──────────────────────────────────────────────────────────────────────┼────────────┼───────────────────┤
[session21-final-pipeline/SCA + IaC scan (pip-audit, npm audit, trivy fs/config)]   | │ troubleshooting/scenarios/4-secret-key/broken-deployment.yaml        │ kubernetes │         0         │
[session21-final-pipeline/SCA + IaC scan (pip-audit, npm audit, trivy fs/config)]   | ├──────────────────────────────────────────────────────────────────────┼────────────┼───────────────────┤
[session21-final-pipeline/SCA + IaC scan (pip-audit, npm audit, trivy fs/config)]   | │ troubleshooting/scenarios/5-hpa-no-requests/broken-deployment.yaml   │ kubernetes │         0         │
[session21-final-pipeline/SCA + IaC scan (pip-audit, npm audit, trivy fs/config)]   | ├──────────────────────────────────────────────────────────────────────┼────────────┼───────────────────┤
[session21-final-pipeline/SCA + IaC scan (pip-audit, npm audit, trivy fs/config)]   | │ troubleshooting/scenarios/5-hpa-no-requests/hpa.yaml                 │ kubernetes │         0         │
[session21-final-pipeline/SCA + IaC scan (pip-audit, npm audit, trivy fs/config)]   | ├──────────────────────────────────────────────────────────────────────┼────────────┼───────────────────┤
[session21-final-pipeline/SCA + IaC scan (pip-audit, npm audit, trivy fs/config)]   | │ troubleshooting/scenarios/6-ingress-service-name/broken-ingress.yaml │ kubernetes │         0         │
[session21-final-pipeline/SCA + IaC scan (pip-audit, npm audit, trivy fs/config)]   | └──────────────────────────────────────────────────────────────────────┴────────────┴───────────────────┘
[session21-final-pipeline/SCA + IaC scan (pip-audit, npm audit, trivy fs/config)]   | Legend:
[session21-final-pipeline/SCA + IaC scan (pip-audit, npm audit, trivy fs/config)]   | - '-': Not scanned
[session21-final-pipeline/SCA + IaC scan (pip-audit, npm audit, trivy fs/config)]   | - '0': Clean (no security findings detected)
[session21-final-pipeline/SCA + IaC scan (pip-audit, npm audit, trivy fs/config)]   | 
[session21-final-pipeline/SCA + IaC scan (pip-audit, npm audit, trivy fs/config)]   ✅  Success - Main Trivy IaC misconfiguration scan (Dockerfiles, Kubernetes, Helm, Terraform) [4.246453587s]
[session21-final-pipeline/SCA + IaC scan (pip-audit, npm audit, trivy fs/config)] ⭐ Run Post actions/setup-node@v4
[session21-final-pipeline/SCA + IaC scan (pip-audit, npm audit, trivy fs/config)]   🐳  docker exec cmd=[/opt/acttoolcache/node/24.19.0/x64/bin/node /var/run/act/actions/actions-setup-node@v4/dist/cache-save/index.js] user= workdir=
[session21-final-pipeline/SCA + IaC scan (pip-audit, npm audit, trivy fs/config)]   | (node:287) [DEP0040] DeprecationWarning: The `punycode` module is deprecated. Please use a userland alternative instead.
[session21-final-pipeline/SCA + IaC scan (pip-audit, npm audit, trivy fs/config)]   | (Use `node --trace-deprecation ...` to show where the warning was created)
[session21-final-pipeline/SCA + IaC scan (pip-audit, npm audit, trivy fs/config)]   ✅  Success - Post actions/setup-node@v4 [277.17786ms]
[session21-final-pipeline/SCA + IaC scan (pip-audit, npm audit, trivy fs/config)] ⭐ Run Post actions/setup-python@v5
[session21-final-pipeline/SCA + IaC scan (pip-audit, npm audit, trivy fs/config)]   🐳  docker exec cmd=[/opt/acttoolcache/node/24.19.0/x64/bin/node /var/run/act/actions/actions-setup-python@v5/dist/cache-save/index.js] user= workdir=
[session21-final-pipeline/SCA + IaC scan (pip-audit, npm audit, trivy fs/config)]   | (node:300) [DEP0040] DeprecationWarning: The `punycode` module is deprecated. Please use a userland alternative instead.
[session21-final-pipeline/SCA + IaC scan (pip-audit, npm audit, trivy fs/config)]   | (Use `node --trace-deprecation ...` to show where the warning was created)
[session21-final-pipeline/SCA + IaC scan (pip-audit, npm audit, trivy fs/config)]   ✅  Success - Post actions/setup-python@v5 [214.314844ms]
[session21-final-pipeline/SCA + IaC scan (pip-audit, npm audit, trivy fs/config)] ⭐ Run Complete job
[session21-final-pipeline/SCA + IaC scan (pip-audit, npm audit, trivy fs/config)] Cleaning up container for job SCA + IaC scan (pip-audit, npm audit, trivy fs/config)
[session21-final-pipeline/SCA + IaC scan (pip-audit, npm audit, trivy fs/config)]   ✅  Success - Complete job
[session21-final-pipeline/SCA + IaC scan (pip-audit, npm audit, trivy fs/config)] 🏁  Job succeeded
[session21-final-pipeline/Docker build + Trivy image scan                       ] ⭐ Run Set up job
[session21-final-pipeline/Docker build + Trivy image scan                       ] 🚀  Start image=catthehacker/ubuntu:act-latest
[session21-final-pipeline/Docker build + Trivy image scan                       ]   🐳  docker pull image=catthehacker/ubuntu:act-latest platform=linux/amd64 username= forcePull=true
[session21-final-pipeline/Docker build + Trivy image scan                       ]   🐳  docker create image=catthehacker/ubuntu:act-latest platform=linux/amd64 entrypoint=["tail" "-f" "/dev/null"] cmd=[] network="bridge"
[session21-final-pipeline/Docker build + Trivy image scan                       ]   🐳  docker run image=catthehacker/ubuntu:act-latest platform=linux/amd64 entrypoint=["tail" "-f" "/dev/null"] cmd=[] network="bridge"
[session21-final-pipeline/Docker build + Trivy image scan                       ]   🐳  docker exec cmd=[node --no-warnings -e console.log(process.execPath)] user= workdir=
[session21-final-pipeline/Docker build + Trivy image scan                       ]   ✅  Success - Set up job
[session21-final-pipeline/Docker build + Trivy image scan                       ]   ☁  git clone 'https://github.com/actions/upload-artifact' # ref=v4
[session21-final-pipeline/Docker build + Trivy image scan                       ] ⭐ Run Main actions/checkout@v4
[session21-final-pipeline/Docker build + Trivy image scan                       ]   🐳  docker cp src=/tmp/act-ws/. dst=/tmp/act-ws
[session21-final-pipeline/Docker build + Trivy image scan                       ]   ✅  Success - Main actions/checkout@v4 [82.433152ms]
[session21-final-pipeline/Docker build + Trivy image scan                       ] ⭐ Run Main Build images (tag = git SHA)
[session21-final-pipeline/Docker build + Trivy image scan                       ]   🐳  docker exec cmd=[bash -e /var/run/act/workflow/1] user= workdir=session-21-final-devops-project/final-devops-project
[session21-final-pipeline/Docker build + Trivy image scan                       ]   | #0 building with "default" instance using docker driver
[session21-final-pipeline/Docker build + Trivy image scan                       ]   | 
[session21-final-pipeline/Docker build + Trivy image scan                       ]   | #1 [internal] load build definition from backend.Dockerfile
[session21-final-pipeline/Docker build + Trivy image scan                       ]   | #1 transferring dockerfile: 2.15kB 0.0s done
[session21-final-pipeline/Docker build + Trivy image scan                       ]   | #1 DONE 0.1s
[session21-final-pipeline/Docker build + Trivy image scan                       ]   | 
[session21-final-pipeline/Docker build + Trivy image scan                       ]   | #2 resolve image config for docker-image://docker.io/docker/dockerfile:1
[session21-final-pipeline/Docker build + Trivy image scan                       ]   | #2 DONE 1.4s
[session21-final-pipeline/Docker build + Trivy image scan                       ]   | 
[session21-final-pipeline/Docker build + Trivy image scan                       ]   | #3 docker-image://docker.io/docker/dockerfile:1@sha256:4edf897a3ffa55b89f906fc8cc78afdb3f1834cc9c7083565e611a8a7d5fe99e
[session21-final-pipeline/Docker build + Trivy image scan                       ]   | #3 resolve docker.io/docker/dockerfile:1@sha256:4edf897a3ffa55b89f906fc8cc78afdb3f1834cc9c7083565e611a8a7d5fe99e 0.0s done
[session21-final-pipeline/Docker build + Trivy image scan                       ]   | #3 CACHED
[session21-final-pipeline/Docker build + Trivy image scan                       ]   | 
[session21-final-pipeline/Docker build + Trivy image scan                       ]   | #4 [internal] load metadata for docker.io/library/python:3.12-slim
[session21-final-pipeline/Docker build + Trivy image scan                       ]   | #4 DONE 1.3s
[session21-final-pipeline/Docker build + Trivy image scan                       ]   | 
[session21-final-pipeline/Docker build + Trivy image scan                       ]   | #5 [builder 1/4] FROM docker.io/library/python:3.12-slim@sha256:05cda9777409a9c3ffddd94a4c476b79f0769a0b4857f0c7ed9226b6800b0d6f
[session21-final-pipeline/Docker build + Trivy image scan                       ]   | #5 resolve docker.io/library/python:3.12-slim@sha256:05cda9777409a9c3ffddd94a4c476b79f0769a0b4857f0c7ed9226b6800b0d6f 0.0s done
[session21-final-pipeline/Docker build + Trivy image scan                       ]   | #5 DONE 0.0s
[session21-final-pipeline/Docker build + Trivy image scan                       ]   | 
[session21-final-pipeline/Docker build + Trivy image scan                       ]   | #6 [internal] load build context
[session21-final-pipeline/Docker build + Trivy image scan                       ]   | #6 transferring context: 13.45kB 0.0s done
[session21-final-pipeline/Docker build + Trivy image scan                       ]   | #6 DONE 0.0s
[session21-final-pipeline/Docker build + Trivy image scan                       ]   | 
[session21-final-pipeline/Docker build + Trivy image scan                       ]   | #7 [builder 4/4] RUN python -m venv /opt/venv  && /opt/venv/bin/pip install --upgrade pip  && /opt/venv/bin/pip install -r requirements.txt  && /opt/venv/bin/pip uninstall -y pip
[session21-final-pipeline/Docker build + Trivy image scan                       ]   | #7 CACHED
[session21-final-pipeline/Docker build + Trivy image scan                       ]   | 
[session21-final-pipeline/Docker build + Trivy image scan                       ]   | #8 [builder 3/4] COPY application/backend/requirements.txt .
[session21-final-pipeline/Docker build + Trivy image scan                       ]   | #8 CACHED
[session21-final-pipeline/Docker build + Trivy image scan                       ]   | 
[session21-final-pipeline/Docker build + Trivy image scan                       ]   | #9 [runtime 2/7] RUN apt-get update && apt-get upgrade -y && rm -rf /var/lib/apt/lists/*  && pip uninstall -y pip setuptools wheel || true  && groupadd --gid 10001 app && useradd --uid 10001 --gid 10001 --no-create-home --shell /usr/sbin/nologin app
[session21-final-pipeline/Docker build + Trivy image scan                       ]   | #9 CACHED
[session21-final-pipeline/Docker build + Trivy image scan                       ]   | 
[session21-final-pipeline/Docker build + Trivy image scan                       ]   | #10 [runtime 4/7] COPY --from=builder /opt/venv /opt/venv
[session21-final-pipeline/Docker build + Trivy image scan                       ]   | #10 CACHED
[session21-final-pipeline/Docker build + Trivy image scan                       ]   | 
[session21-final-pipeline/Docker build + Trivy image scan                       ]   | #11 [runtime 3/7] WORKDIR /app
[session21-final-pipeline/Docker build + Trivy image scan                       ]   | #11 CACHED
[session21-final-pipeline/Docker build + Trivy image scan                       ]   | 
[session21-final-pipeline/Docker build + Trivy image scan                       ]   | #12 [builder 2/4] WORKDIR /build
[session21-final-pipeline/Docker build + Trivy image scan                       ]   | #12 CACHED
[session21-final-pipeline/Docker build + Trivy image scan                       ]   | 
[session21-final-pipeline/Docker build + Trivy image scan                       ]   | #13 [runtime 5/7] COPY --chown=10001:10001 application/backend/alembic.ini ./
[session21-final-pipeline/Docker build + Trivy image scan                       ]   | #13 CACHED
[session21-final-pipeline/Docker build + Trivy image scan                       ]   | 
[session21-final-pipeline/Docker build + Trivy image scan                       ]   | #14 [runtime 6/7] COPY --chown=10001:10001 application/backend/alembic ./alembic
[session21-final-pipeline/Docker build + Trivy image scan                       ]   | #14 DONE 0.0s
[session21-final-pipeline/Docker build + Trivy image scan                       ]   | 
[session21-final-pipeline/Docker build + Trivy image scan                       ]   | #15 [runtime 7/7] COPY --chown=10001:10001 application/backend/app ./app
[session21-final-pipeline/Docker build + Trivy image scan                       ]   | #15 DONE 0.1s
[session21-final-pipeline/Docker build + Trivy image scan                       ]   | 
[session21-final-pipeline/Docker build + Trivy image scan                       ]   | #16 exporting to image
[session21-final-pipeline/Docker build + Trivy image scan                       ]   | #16 exporting layers 0.1s done
[session21-final-pipeline/Docker build + Trivy image scan                       ]   | #16 exporting manifest sha256:d7a607a17de9fb38ac1e066cf1384a340744bd9fb14a364f920556c33342c9fb 0.0s done
[session21-final-pipeline/Docker build + Trivy image scan                       ]   | #16 exporting config sha256:183d5bd3dd9ed8168a2d80036680d02b7729a5a9ae3b83056706bfd431169796 0.0s done
[session21-final-pipeline/Docker build + Trivy image scan                       ]   | #16 exporting attestation manifest sha256:a4708059ff604e89cf14fee27e93f2efe862672488017737e5bb03b4d74567a5 0.0s done
[session21-final-pipeline/Docker build + Trivy image scan                       ]   | #16 exporting manifest list sha256:f3eab2053a1dd1e7ddc34c1323960c3c87a5949d60ed9593bf217b974c67ad6e 0.0s done
[session21-final-pipeline/Docker build + Trivy image scan                       ]   | #16 naming to ghcr.io/nektos/taskboard-backend:ccad3ee8d6f56193ac3439a1d182e08a6133b3f1
[session21-final-pipeline/Docker build + Trivy image scan                       ]   | #16 naming to ghcr.io/nektos/taskboard-backend:ccad3ee8d6f56193ac3439a1d182e08a6133b3f1 done
[session21-final-pipeline/Docker build + Trivy image scan                       ]   | #16 unpacking to ghcr.io/nektos/taskboard-backend:ccad3ee8d6f56193ac3439a1d182e08a6133b3f1 0.1s done
[session21-final-pipeline/Docker build + Trivy image scan                       ]   | #16 DONE 0.3s
[session21-final-pipeline/Docker build + Trivy image scan                       ]   | #0 building with "default" instance using docker driver
[session21-final-pipeline/Docker build + Trivy image scan                       ]   | 
[session21-final-pipeline/Docker build + Trivy image scan                       ]   | #1 [internal] load build definition from frontend.Dockerfile
[session21-final-pipeline/Docker build + Trivy image scan                       ]   | #1 transferring dockerfile: 1.67kB done
[session21-final-pipeline/Docker build + Trivy image scan                       ]   | #1 DONE 0.0s
[session21-final-pipeline/Docker build + Trivy image scan                       ]   | 
[session21-final-pipeline/Docker build + Trivy image scan                       ]   | #2 resolve image config for docker-image://docker.io/docker/dockerfile:1
[session21-final-pipeline/Docker build + Trivy image scan                       ]   | #2 DONE 0.3s
[session21-final-pipeline/Docker build + Trivy image scan                       ]   | 
[session21-final-pipeline/Docker build + Trivy image scan                       ]   | #3 docker-image://docker.io/docker/dockerfile:1@sha256:4edf897a3ffa55b89f906fc8cc78afdb3f1834cc9c7083565e611a8a7d5fe99e
[session21-final-pipeline/Docker build + Trivy image scan                       ]   | #3 resolve docker.io/docker/dockerfile:1@sha256:4edf897a3ffa55b89f906fc8cc78afdb3f1834cc9c7083565e611a8a7d5fe99e 0.0s done
[session21-final-pipeline/Docker build + Trivy image scan                       ]   | #3 CACHED
[session21-final-pipeline/Docker build + Trivy image scan                       ]   | 
[session21-final-pipeline/Docker build + Trivy image scan                       ]   | #4 [internal] load metadata for docker.io/library/node:22-alpine
[session21-final-pipeline/Docker build + Trivy image scan                       ]   | #4 DONE 1.3s
[session21-final-pipeline/Docker build + Trivy image scan                       ]   | 
[session21-final-pipeline/Docker build + Trivy image scan                       ]   | #5 [internal] load metadata for docker.io/nginxinc/nginx-unprivileged:1.29-alpine
[session21-final-pipeline/Docker build + Trivy image scan                       ]   | #5 DONE 1.3s
[session21-final-pipeline/Docker build + Trivy image scan                       ]   | 
[session21-final-pipeline/Docker build + Trivy image scan                       ]   | #6 [runtime 1/4] FROM docker.io/nginxinc/nginx-unprivileged:1.29-alpine@sha256:0c79d56aee561a1d81c63f00eee5fb5fe29279560cdc55e91425133104c7fbe6
[session21-final-pipeline/Docker build + Trivy image scan                       ]   | #6 resolve docker.io/nginxinc/nginx-unprivileged:1.29-alpine@sha256:0c79d56aee561a1d81c63f00eee5fb5fe29279560cdc55e91425133104c7fbe6 0.0s done
[session21-final-pipeline/Docker build + Trivy image scan                       ]   | #6 DONE 0.0s
[session21-final-pipeline/Docker build + Trivy image scan                       ]   | 
[session21-final-pipeline/Docker build + Trivy image scan                       ]   | #7 [build 1/6] FROM docker.io/library/node:22-alpine@sha256:0a7108bf6c7bf5de370ffb1a3ed6be93d405b43ff159f681a8d18c0e2bc2e402
[session21-final-pipeline/Docker build + Trivy image scan                       ]   | #7 resolve docker.io/library/node:22-alpine@sha256:0a7108bf6c7bf5de370ffb1a3ed6be93d405b43ff159f681a8d18c0e2bc2e402 0.0s done
[session21-final-pipeline/Docker build + Trivy image scan                       ]   | #7 DONE 0.0s
[session21-final-pipeline/Docker build + Trivy image scan                       ]   | 
[session21-final-pipeline/Docker build + Trivy image scan                       ]   | #8 [internal] load build context
[session21-final-pipeline/Docker build + Trivy image scan                       ]   | #8 transferring context: 73.89kB done
[session21-final-pipeline/Docker build + Trivy image scan                       ]   | #8 DONE 0.0s
[session21-final-pipeline/Docker build + Trivy image scan                       ]   | 
[session21-final-pipeline/Docker build + Trivy image scan                       ]   | #9 [build 2/6] WORKDIR /app
[session21-final-pipeline/Docker build + Trivy image scan                       ]   | #9 CACHED
[session21-final-pipeline/Docker build + Trivy image scan                       ]   | 
[session21-final-pipeline/Docker build + Trivy image scan                       ]   | #10 [build 3/6] COPY application/frontend/package.json application/frontend/package-lock.json ./
[session21-final-pipeline/Docker build + Trivy image scan                       ]   | #10 CACHED
[session21-final-pipeline/Docker build + Trivy image scan                       ]   | 
[session21-final-pipeline/Docker build + Trivy image scan                       ]   | #11 [build 4/6] RUN --mount=type=cache,target=/root/.npm npm ci --no-audit --no-fund
[session21-final-pipeline/Docker build + Trivy image scan                       ]   | #11 CACHED
[session21-final-pipeline/Docker build + Trivy image scan                       ]   | 
[session21-final-pipeline/Docker build + Trivy image scan                       ]   | #12 [build 5/6] COPY application/frontend/ ./
[session21-final-pipeline/Docker build + Trivy image scan                       ]   | #12 DONE 0.0s
[session21-final-pipeline/Docker build + Trivy image scan                       ]   | 
[session21-final-pipeline/Docker build + Trivy image scan                       ]   | #13 [build 6/6] RUN npm run build
[session21-final-pipeline/Docker build + Trivy image scan                       ]   | #13 1.469 
[session21-final-pipeline/Docker build + Trivy image scan                       ]   | #13 1.469 > taskboard-frontend@1.0.0 build
[session21-final-pipeline/Docker build + Trivy image scan                       ]   | #13 1.469 > vite build
[session21-final-pipeline/Docker build + Trivy image scan                       ]   | #13 1.469 
[session21-final-pipeline/Docker build + Trivy image scan                       ]   | #13 1.869 vite v7.3.7 building client environment for production...
[session21-final-pipeline/Docker build + Trivy image scan                       ]   | #13 1.942 transforming...
[session21-final-pipeline/Docker build + Trivy image scan                       ]   | #13 3.477 ✓ 28 modules transformed.
[session21-final-pipeline/Docker build + Trivy image scan                       ]   | #13 3.674 rendering chunks...
[session21-final-pipeline/Docker build + Trivy image scan                       ]   | #13 3.685 computing gzip size...
[session21-final-pipeline/Docker build + Trivy image scan                       ]   | #13 3.698 dist/index.html                   0.34 kB │ gzip:  0.25 kB
[session21-final-pipeline/Docker build + Trivy image scan                       ]   | #13 3.698 dist/assets/index-CcorwgzN.css    6.41 kB │ gzip:  2.05 kB
[session21-final-pipeline/Docker build + Trivy image scan                       ]   | #13 3.698 dist/assets/index-OwUaWGz6.js   199.97 kB │ gzip: 62.66 kB
[session21-final-pipeline/Docker build + Trivy image scan                       ]   | #13 3.698 ✓ built in 1.80s
[session21-final-pipeline/Docker build + Trivy image scan                       ]   | #13 3.735 npm notice
[session21-final-pipeline/Docker build + Trivy image scan                       ]   | #13 3.735 npm notice New major version of npm available! 10.9.9 -> 12.2.0
[session21-final-pipeline/Docker build + Trivy image scan                       ]   | #13 3.735 npm notice Changelog: https://github.com/npm/cli/releases/tag/v12.2.0
[session21-final-pipeline/Docker build + Trivy image scan                       ]   | #13 3.735 npm notice To update run: npm install -g npm@12.2.0
[session21-final-pipeline/Docker build + Trivy image scan                       ]   | #13 3.735 npm notice
[session21-final-pipeline/Docker build + Trivy image scan                       ]   | #13 DONE 3.9s
[session21-final-pipeline/Docker build + Trivy image scan                       ]   | 
[session21-final-pipeline/Docker build + Trivy image scan                       ]   | #14 [runtime 3/4] COPY docker/nginx/default.conf.template /etc/nginx/templates/default.conf.template
[session21-final-pipeline/Docker build + Trivy image scan                       ]   | #14 CACHED
[session21-final-pipeline/Docker build + Trivy image scan                       ]   | 
[session21-final-pipeline/Docker build + Trivy image scan                       ]   | #15 [runtime 2/4] RUN apk upgrade --no-cache
[session21-final-pipeline/Docker build + Trivy image scan                       ]   | #15 CACHED
[session21-final-pipeline/Docker build + Trivy image scan                       ]   | 
[session21-final-pipeline/Docker build + Trivy image scan                       ]   | #16 [runtime 4/4] COPY --from=build /app/dist /usr/share/nginx/html
[session21-final-pipeline/Docker build + Trivy image scan                       ]   | #16 CACHED
[session21-final-pipeline/Docker build + Trivy image scan                       ]   | 
[session21-final-pipeline/Docker build + Trivy image scan                       ]   | #17 exporting to image
[session21-final-pipeline/Docker build + Trivy image scan                       ]   | #17 exporting layers done
[session21-final-pipeline/Docker build + Trivy image scan                       ]   | #17 exporting manifest sha256:ec9bb580d3bb6572bc55ef45e56b9dab3bf6741d8a1150a2207017ac41c9051a done
[session21-final-pipeline/Docker build + Trivy image scan                       ]   | #17 exporting config sha256:d4f239ea76aa3bb024a8061e8eb81e412a95d55846480bfee3e68e8b3f9ff874 done
[session21-final-pipeline/Docker build + Trivy image scan                       ]   | #17 exporting attestation manifest sha256:93a4dc1d7ffca5a655be14e4ff1777ad0ed6e2857d7c101ee3c3a8bf41bda6ac 0.0s done
[session21-final-pipeline/Docker build + Trivy image scan                       ]   | #17 exporting manifest list sha256:17d1562ebe3042c323b7e7024c5c18a962b3f5ace0afff8fc0540ca728e0b814 0.0s done
[session21-final-pipeline/Docker build + Trivy image scan                       ]   | #17 naming to ghcr.io/nektos/taskboard-frontend:ccad3ee8d6f56193ac3439a1d182e08a6133b3f1
[session21-final-pipeline/Docker build + Trivy image scan                       ]   | #17 naming to ghcr.io/nektos/taskboard-frontend:ccad3ee8d6f56193ac3439a1d182e08a6133b3f1 done
[session21-final-pipeline/Docker build + Trivy image scan                       ]   | #17 unpacking to ghcr.io/nektos/taskboard-frontend:ccad3ee8d6f56193ac3439a1d182e08a6133b3f1 0.0s done
[session21-final-pipeline/Docker build + Trivy image scan                       ]   | #17 DONE 0.1s
[session21-final-pipeline/Docker build + Trivy image scan                       ]   ✅  Success - Main Build images (tag = git SHA) [12.097902454s]
[session21-final-pipeline/Docker build + Trivy image scan                       ] ⭐ Run Main Install Trivy
[session21-final-pipeline/Docker build + Trivy image scan                       ]   🐳  docker exec cmd=[bash -e /var/run/act/workflow/2] user= workdir=session-21-final-devops-project/final-devops-project
[session21-final-pipeline/Docker build + Trivy image scan                       ]   | aquasecurity/trivy info checking GitHub for tag 'v0.75.0'
[session21-final-pipeline/Docker build + Trivy image scan                       ]   | aquasecurity/trivy info found version: 0.75.0 for v0.75.0/Linux/64bit
[session21-final-pipeline/Docker build + Trivy image scan                       ]   | aquasecurity/trivy info installed /usr/local/bin/trivy
[session21-final-pipeline/Docker build + Trivy image scan                       ]   ✅  Success - Main Install Trivy [8.910899023s]
[session21-final-pipeline/Docker build + Trivy image scan                       ] ⭐ Run Main Trivy image scan (fail on fixable HIGH/CRITICAL)
[session21-final-pipeline/Docker build + Trivy image scan                       ]   🐳  docker exec cmd=[bash -e /var/run/act/workflow/3] user= workdir=session-21-final-devops-project/final-devops-project
[session21-final-pipeline/Docker build + Trivy image scan                       ]   | 2026-10-07T20:08:17Z	INFO	[vulndb] Need to update DB
[session21-final-pipeline/Docker build + Trivy image scan                       ]   | 2026-10-07T20:08:17Z	INFO	[vulndb] Downloading vulnerability DB...
[session21-final-pipeline/Docker build + Trivy image scan                       ]   | 2026-10-07T20:08:17Z	INFO	[vulndb] Downloading artifact...	repo="mirror.gcr.io/aquasec/trivy-db:2"
[session21-final-pipeline/Docker build + Trivy image scan                       ]   | 239.25 KiB / 119.53 MiB [>___________________________________________________________] 0.20% ? p/s ?2.20 MiB / 119.53 MiB [->____________________________________________________________] 1.84% ? p/s ?4.73 MiB / 119.53 MiB [-->___________________________________________________________] 3.96% ? p/s ?6.37 MiB / 119.53 MiB [-->_____________________________________________] 5.33% 10.24 MiB p/s ETA 11s8.33 MiB / 119.53 MiB [--->____________________________________________] 6.97% 10.24 MiB p/s ETA 10s10.36 MiB / 119.53 MiB [---->__________________________________________] 8.67% 10.24 MiB p/s ETA 10s12.36 MiB / 119.53 MiB [---->_________________________________________] 10.34% 10.23 MiB p/s ETA 10s14.20 MiB / 119.53 MiB [----->________________________________________] 11.88% 10.23 MiB p/s ETA 10s16.23 MiB / 119.53 MiB [------>_______________________________________] 13.58% 10.23 MiB p/s ETA 10s18.05 MiB / 119.53 MiB [------->_______________________________________] 15.10% 10.18 MiB p/s ETA 9s19.70 MiB / 119.53 MiB [------->_______________________________________] 16.48% 10.18 MiB p/s ETA 9s21.33 MiB / 119.53 MiB [-------->______________________________________] 17.84% 10.18 MiB p/s ETA 9s22.98 MiB / 119.53 MiB [--------->_____________________________________] 19.23% 10.05 MiB p/s ETA 9s24.67 MiB / 119.53 MiB [--------->_____________________________________] 20.64% 10.05 MiB p/s ETA 9s26.30 MiB / 119.53 MiB [---------->____________________________________] 22.00% 10.05 MiB p/s ETA 9s28.45 MiB / 119.53 MiB [----------->____________________________________] 23.80% 9.99 MiB p/s ETA 9s30.76 MiB / 119.53 MiB [------------>___________________________________] 25.74% 9.99 MiB p/s ETA 8s32.64 MiB / 119.53 MiB [------------->__________________________________] 27.31% 9.99 MiB p/s ETA 8s34.48 MiB / 119.53 MiB [------------->_________________________________] 28.85% 10.00 MiB p/s ETA 8s36.33 MiB / 119.53 MiB [-------------->________________________________] 30.39% 10.00 MiB p/s ETA 8s38.11 MiB / 119.53 MiB [-------------->________________________________] 31.88% 10.00 MiB p/s ETA 8s40.08 MiB / 119.53 MiB [---------------->_______________________________] 33.53% 9.95 MiB p/s ETA 7s41.98 MiB / 119.53 MiB [---------------->_______________________________] 35.12% 9.95 MiB p/s ETA 7s43.83 MiB / 119.53 MiB [----------------->______________________________] 36.67% 9.95 MiB p/s ETA 7s45.70 MiB / 119.53 MiB [------------------>_____________________________] 38.23% 9.92 MiB p/s ETA 7s47.36 MiB / 119.53 MiB [------------------->____________________________] 39.62% 9.92 MiB p/s ETA 7s49.05 MiB / 119.53 MiB [------------------->____________________________] 41.03% 9.92 MiB p/s ETA 7s50.58 MiB / 119.53 MiB [-------------------->___________________________] 42.31% 9.80 MiB p/s ETA 7s52.11 MiB / 119.53 MiB [-------------------->___________________________] 43.59% 9.80 MiB p/s ETA 6s53.73 MiB / 119.53 MiB [--------------------->__________________________] 44.95% 9.80 MiB p/s ETA 6s55.73 MiB / 119.53 MiB [---------------------->_________________________] 46.63% 9.72 MiB p/s ETA 6s58.05 MiB / 119.53 MiB [----------------------->________________________] 48.56% 9.72 MiB p/s ETA 6s59.98 MiB / 119.53 MiB [------------------------>_______________________] 50.18% 9.72 MiB p/s ETA 6s61.67 MiB / 119.53 MiB [------------------------>_______________________] 51.59% 9.73 MiB p/s ETA 5s63.39 MiB / 119.53 MiB [------------------------->______________________] 53.03% 9.73 MiB p/s ETA 5s65.01 MiB / 119.53 MiB [-------------------------->_____________________] 54.39% 9.73 MiB p/s ETA 5s66.86 MiB / 119.53 MiB [-------------------------->_____________________] 55.93% 9.66 MiB p/s ETA 5s68.64 MiB / 119.53 MiB [--------------------------->____________________] 57.42% 9.66 MiB p/s ETA 5s70.17 MiB / 119.53 MiB [---------------------------->___________________] 58.70% 9.66 MiB p/s ETA 5s72.73 MiB / 119.53 MiB [----------------------------->__________________] 60.85% 9.67 MiB p/s ETA 4s74.48 MiB / 119.53 MiB [----------------------------->__________________] 62.31% 9.67 MiB p/s ETA 4s76.33 MiB / 119.53 MiB [------------------------------>_________________] 63.85% 9.67 MiB p/s ETA 4s78.11 MiB / 119.53 MiB [------------------------------->________________] 65.34% 9.63 MiB p/s ETA 4s79.92 MiB / 119.53 MiB [-------------------------------->_______________] 66.86% 9.63 MiB p/s ETA 4s81.73 MiB / 119.53 MiB [-------------------------------->_______________] 68.38% 9.63 MiB p/s ETA 3s83.45 MiB / 119.53 MiB [--------------------------------->______________] 69.81% 9.58 MiB p/s ETA 3s85.30 MiB / 119.53 MiB [---------------------------------->_____________] 71.36% 9.58 MiB p/s ETA 3s85.98 MiB / 119.53 MiB [---------------------------------->_____________] 71.93% 9.58 MiB p/s ETA 3s87.55 MiB / 119.53 MiB [----------------------------------->____________] 73.24% 9.40 MiB p/s ETA 3s89.83 MiB / 119.53 MiB [------------------------------------>___________] 75.15% 9.40 MiB p/s ETA 3s91.92 MiB / 119.53 MiB [------------------------------------>___________] 76.90% 9.40 MiB p/s ETA 2s93.76 MiB / 119.53 MiB [------------------------------------->__________] 78.44% 9.46 MiB p/s ETA 2s95.61 MiB / 119.53 MiB [-------------------------------------->_________] 79.98% 9.46 MiB p/s ETA 2s97.20 MiB / 119.53 MiB [--------------------------------------->________] 81.32% 9.46 MiB p/s ETA 2s99.23 MiB / 119.53 MiB [--------------------------------------->________] 83.02% 9.44 MiB p/s ETA 2s101.05 MiB / 119.53 MiB [--------------------------------------->_______] 84.53% 9.44 MiB p/s ETA 1s103.26 MiB / 119.53 MiB [---------------------------------------->______] 86.39% 9.44 MiB p/s ETA 1s105.05 MiB / 119.53 MiB [----------------------------------------->_____] 87.88% 9.46 MiB p/s ETA 1s106.36 MiB / 119.53 MiB [----------------------------------------->_____] 88.98% 9.46 MiB p/s ETA 1s108.01 MiB / 119.53 MiB [------------------------------------------>____] 90.36% 9.46 MiB p/s ETA 1s109.73 MiB / 119.53 MiB [------------------------------------------->___] 91.80% 9.35 MiB p/s ETA 1s111.61 MiB / 119.53 MiB [------------------------------------------->___] 93.37% 9.35 MiB p/s ETA 0s114.33 MiB / 119.53 MiB [-------------------------------------------->__] 95.64% 9.35 MiB p/s ETA 0s116.14 MiB / 119.53 MiB [--------------------------------------------->_] 97.16% 9.44 MiB p/s ETA 0s117.83 MiB / 119.53 MiB [---------------------------------------------->] 98.57% 9.44 MiB p/s ETA 0s119.53 MiB / 119.53 MiB [--------------------------------------------->] 100.00% 9.44 MiB p/s ETA 0s119.53 MiB / 119.53 MiB [--------------------------------------------->] 100.00% 9.19 MiB p/s ETA 0s119.53 MiB / 119.53 MiB [--------------------------------------------->] 100.00% 9.19 MiB p/s ETA 0s119.53 MiB / 119.53 MiB [--------------------------------------------->] 100.00% 9.19 MiB p/s ETA 0s119.53 MiB / 119.53 MiB [--------------------------------------------->] 100.00% 8.60 MiB p/s ETA 0s119.53 MiB / 119.53 MiB [--------------------------------------------->] 100.00% 8.60 MiB p/s ETA 0s119.53 MiB / 119.53 MiB [--------------------------------------------->] 100.00% 8.60 MiB p/s ETA 0s119.53 MiB / 119.53 MiB [--------------------------------------------->] 100.00% 8.04 MiB p/s ETA 0s119.53 MiB / 119.53 MiB [--------------------------------------------->] 100.00% 8.04 MiB p/s ETA 0s119.53 MiB / 119.53 MiB [--------------------------------------------->] 100.00% 8.04 MiB p/s ETA 0s119.53 MiB / 119.53 MiB [--------------------------------------------->] 100.00% 7.53 MiB p/s ETA 0s119.53 MiB / 119.53 MiB [--------------------------------------------->] 100.00% 7.53 MiB p/s ETA 0s119.53 MiB / 119.53 MiB [--------------------------------------------->] 100.00% 7.53 MiB p/s ETA 0s119.53 MiB / 119.53 MiB [--------------------------------------------->] 100.00% 7.04 MiB p/s ETA 0s119.53 MiB / 119.53 MiB [--------------------------------------------->] 100.00% 7.04 MiB p/s ETA 0s119.53 MiB / 119.53 MiB [--------------------------------------------->] 100.00% 7.04 MiB p/s ETA 0s119.53 MiB / 119.53 MiB [--------------------------------------------->] 100.00% 6.59 MiB p/s ETA 0s119.53 MiB / 119.53 MiB [--------------------------------------------->] 100.00% 6.59 MiB p/s ETA 0s119.53 MiB / 119.53 MiB [--------------------------------------------->] 100.00% 6.59 MiB p/s ETA 0s119.53 MiB / 119.53 MiB [--------------------------------------------->] 100.00% 6.16 MiB p/s ETA 0s119.53 MiB / 119.53 MiB [--------------------------------------------->] 100.00% 6.16 MiB p/s ETA 0s119.53 MiB / 119.53 MiB [--------------------------------------------->] 100.00% 6.16 MiB p/s ETA 0s119.53 MiB / 119.53 MiB [--------------------------------------------->] 100.00% 5.76 MiB p/s ETA 0s119.53 MiB / 119.53 MiB [--------------------------------------------->] 100.00% 5.76 MiB p/s ETA 0s119.53 MiB / 119.53 MiB [--------------------------------------------->] 100.00% 5.76 MiB p/s ETA 0s119.53 MiB / 119.53 MiB [--------------------------------------------->] 100.00% 5.39 MiB p/s ETA 0s119.53 MiB / 119.53 MiB [--------------------------------------------->] 100.00% 5.39 MiB p/s ETA 0s119.53 MiB / 119.53 MiB [--------------------------------------------->] 100.00% 5.39 MiB p/s ETA 0s119.53 MiB / 119.53 MiB [--------------------------------------------->] 100.00% 5.04 MiB p/s ETA 0s119.53 MiB / 119.53 MiB [--------------------------------------------->] 100.00% 5.04 MiB p/s ETA 0s119.53 MiB / 119.53 MiB [--------------------------------------------->] 100.00% 5.04 MiB p/s ETA 0s119.53 MiB / 119.53 MiB [--------------------------------------------->] 100.00% 4.72 MiB p/s ETA 0s119.53 MiB / 119.53 MiB [--------------------------------------------->] 100.00% 4.72 MiB p/s ETA 0s119.53 MiB / 119.53 MiB [--------------------------------------------->] 100.00% 4.72 MiB p/s ETA 0s119.53 MiB / 119.53 MiB [--------------------------------------------->] 100.00% 4.41 MiB p/s ETA 0s119.53 MiB / 119.53 MiB [--------------------------------------------->] 100.00% 4.41 MiB p/s ETA 0s119.53 MiB / 119.53 MiB [--------------------------------------------->] 100.00% 4.41 MiB p/s ETA 0s119.53 MiB / 119.53 MiB [--------------------------------------------->] 100.00% 4.13 MiB p/s ETA 0s119.53 MiB / 119.53 MiB [--------------------------------------------->] 100.00% 4.13 MiB p/s ETA 0s119.53 MiB / 119.53 MiB [--------------------------------------------->] 100.00% 4.13 MiB p/s ETA 0s119.53 MiB / 119.53 MiB [--------------------------------------------->] 100.00% 3.86 MiB p/s ETA 0s119.53 MiB / 119.53 MiB [--------------------------------------------->] 100.00% 3.86 MiB p/s ETA 0s119.53 MiB / 119.53 MiB [--------------------------------------------->] 100.00% 3.86 MiB p/s ETA 0s119.53 MiB / 119.53 MiB [--------------------------------------------->] 100.00% 3.61 MiB p/s ETA 0s119.53 MiB / 119.53 MiB [--------------------------------------------->] 100.00% 3.61 MiB p/s ETA 0s119.53 MiB / 119.53 MiB [--------------------------------------------->] 100.00% 3.61 MiB p/s ETA 0s119.53 MiB / 119.53 MiB [--------------------------------------------->] 100.00% 3.38 MiB p/s ETA 0s119.53 MiB / 119.53 MiB [--------------------------------------------->] 100.00% 3.38 MiB p/s ETA 0s119.53 MiB / 119.53 MiB [--------------------------------------------->] 100.00% 3.38 MiB p/s ETA 0s119.53 MiB / 119.53 MiB [--------------------------------------------->] 100.00% 3.16 MiB p/s ETA 0s119.53 MiB / 119.53 MiB [--------------------------------------------->] 100.00% 3.16 MiB p/s ETA 0s119.53 MiB / 119.53 MiB [--------------------------------------------->] 100.00% 3.16 MiB p/s ETA 0s119.53 MiB / 119.53 MiB [--------------------------------------------->] 100.00% 2.96 MiB p/s ETA 0s119.53 MiB / 119.53 MiB [--------------------------------------------->] 100.00% 2.96 MiB p/s ETA 0s119.53 MiB / 119.53 MiB [--------------------------------------------->] 100.00% 2.96 MiB p/s ETA 0s119.53 MiB / 119.53 MiB [--------------------------------------------->] 100.00% 2.77 MiB p/s ETA 0s119.53 MiB / 119.53 MiB [--------------------------------------------->] 100.00% 2.77 MiB p/s ETA 0s119.53 MiB / 119.53 MiB [--------------------------------------------->] 100.00% 2.77 MiB p/s ETA 0s119.53 MiB / 119.53 MiB [--------------------------------------------->] 100.00% 2.59 MiB p/s ETA 0s119.53 MiB / 119.53 MiB [--------------------------------------------->] 100.00% 2.59 MiB p/s ETA 0s119.53 MiB / 119.53 MiB [--------------------------------------------->] 100.00% 2.59 MiB p/s ETA 0s119.53 MiB / 119.53 MiB [--------------------------------------------->] 100.00% 2.42 MiB p/s ETA 0s119.53 MiB / 119.53 MiB [--------------------------------------------->] 100.00% 2.42 MiB p/s ETA 0s119.53 MiB / 119.53 MiB [--------------------------------------------->] 100.00% 2.42 MiB p/s ETA 0s119.53 MiB / 119.53 MiB [--------------------------------------------->] 100.00% 2.27 MiB p/s ETA 0s119.53 MiB / 119.53 MiB [--------------------------------------------->] 100.00% 2.27 MiB p/s ETA 0s119.53 MiB / 119.53 MiB [--------------------------------------------->] 100.00% 2.27 MiB p/s ETA 0s119.53 MiB / 119.53 MiB [--------------------------------------------->] 100.00% 2.12 MiB p/s ETA 0s119.53 MiB / 119.53 MiB [--------------------------------------------->] 100.00% 2.12 MiB p/s ETA 0s119.53 MiB / 119.53 MiB [--------------------------------------------->] 100.00% 2.12 MiB p/s ETA 0s119.53 MiB / 119.53 MiB [--------------------------------------------->] 100.00% 1.98 MiB p/s ETA 0s119.53 MiB / 119.53 MiB [--------------------------------------------->] 100.00% 1.98 MiB p/s ETA 0s119.53 MiB / 119.53 MiB [--------------------------------------------->] 100.00% 1.98 MiB p/s ETA 0s119.53 MiB / 119.53 MiB [--------------------------------------------->] 100.00% 1.85 MiB p/s ETA 0s119.53 MiB / 119.53 MiB [--------------------------------------------->] 100.00% 1.85 MiB p/s ETA 0s119.53 MiB / 119.53 MiB [--------------------------------------------->] 100.00% 1.85 MiB p/s ETA 0s119.53 MiB / 119.53 MiB [--------------------------------------------->] 100.00% 1.74 MiB p/s ETA 0s119.53 MiB / 119.53 MiB [--------------------------------------------->] 100.00% 1.74 MiB p/s ETA 0s119.53 MiB / 119.53 MiB [--------------------------------------------->] 100.00% 1.74 MiB p/s ETA 0s119.53 MiB / 119.53 MiB [--------------------------------------------->] 100.00% 1.62 MiB p/s ETA 0s119.53 MiB / 119.53 MiB [--------------------------------------------->] 100.00% 1.62 MiB p/s ETA 0s119.53 MiB / 119.53 MiB [--------------------------------------------->] 100.00% 1.62 MiB p/s ETA 0s119.53 MiB / 119.53 MiB [--------------------------------------------->] 100.00% 1.52 MiB p/s ETA 0s119.53 MiB / 119.53 MiB [--------------------------------------------->] 100.00% 1.52 MiB p/s ETA 0s119.53 MiB / 119.53 MiB [--------------------------------------------->] 100.00% 1.52 MiB p/s ETA 0s119.53 MiB / 119.53 MiB [--------------------------------------------->] 100.00% 1.42 MiB p/s ETA 0s119.53 MiB / 119.53 MiB [--------------------------------------------->] 100.00% 1.42 MiB p/s ETA 0s119.53 MiB / 119.53 MiB [--------------------------------------------->] 100.00% 1.42 MiB p/s ETA 0s119.53 MiB / 119.53 MiB [--------------------------------------------->] 100.00% 1.33 MiB p/s ETA 0s119.53 MiB / 119.53 MiB [--------------------------------------------->] 100.00% 1.33 MiB p/s ETA 0s119.53 MiB / 119.53 MiB [--------------------------------------------->] 100.00% 1.33 MiB p/s ETA 0s119.53 MiB / 119.53 MiB [--------------------------------------------->] 100.00% 1.24 MiB p/s ETA 0s119.53 MiB / 119.53 MiB [--------------------------------------------->] 100.00% 1.24 MiB p/s ETA 0s119.53 MiB / 119.53 MiB [--------------------------------------------->] 100.00% 1.24 MiB p/s ETA 0s119.53 MiB / 119.53 MiB [--------------------------------------------->] 100.00% 1.16 MiB p/s ETA 0s119.53 MiB / 119.53 MiB [--------------------------------------------->] 100.00% 1.16 MiB p/s ETA 0s119.53 MiB / 119.53 MiB [--------------------------------------------->] 100.00% 1.16 MiB p/s ETA 0s119.53 MiB / 119.53 MiB [--------------------------------------------->] 100.00% 1.09 MiB p/s ETA 0s119.53 MiB / 119.53 MiB [--------------------------------------------->] 100.00% 1.09 MiB p/s ETA 0s119.53 MiB / 119.53 MiB [--------------------------------------------->] 100.00% 1.09 MiB p/s ETA 0s119.53 MiB / 119.53 MiB [--------------------------------------------->] 100.00% 1.02 MiB p/s ETA 0s119.53 MiB / 119.53 MiB [--------------------------------------------->] 100.00% 1.02 MiB p/s ETA 0s119.53 MiB / 119.53 MiB [--------------------------------------------->] 100.00% 1.02 MiB p/s ETA 0s119.53 MiB / 119.53 MiB [------------------------------------------->] 100.00% 974.93 KiB p/s ETA 0s119.53 MiB / 119.53 MiB [------------------------------------------->] 100.00% 974.93 KiB p/s ETA 0s119.53 MiB / 119.53 MiB [------------------------------------------->] 100.00% 974.93 KiB p/s ETA 0s119.53 MiB / 119.53 MiB [------------------------------------------->] 100.00% 912.03 KiB p/s ETA 0s119.53 MiB / 119.53 MiB [------------------------------------------->] 100.00% 912.03 KiB p/s ETA 0s119.53 MiB / 119.53 MiB [------------------------------------------->] 100.00% 912.03 KiB p/s ETA 0s119.53 MiB / 119.53 MiB [------------------------------------------->] 100.00% 853.19 KiB p/s ETA 0s119.53 MiB / 119.53 MiB [------------------------------------------->] 100.00% 853.19 KiB p/s ETA 0s119.53 MiB / 119.53 MiB [------------------------------------------->] 100.00% 853.19 KiB p/s ETA 0s119.53 MiB / 119.53 MiB [------------------------------------------->] 100.00% 798.14 KiB p/s ETA 0s119.53 MiB / 119.53 MiB [------------------------------------------->] 100.00% 798.14 KiB p/s ETA 0s119.53 MiB / 119.53 MiB [------------------------------------------->] 100.00% 798.14 KiB p/s ETA 0s119.53 MiB / 119.53 MiB [------------------------------------------->] 100.00% 746.65 KiB p/s ETA 0s119.53 MiB / 119.53 MiB [------------------------------------------->] 100.00% 746.65 KiB p/s ETA 0s119.53 MiB / 119.53 MiB [------------------------------------------->] 100.00% 746.65 KiB p/s ETA 0s119.53 MiB / 119.53 MiB [------------------------------------------->] 100.00% 698.48 KiB p/s ETA 0s119.53 MiB / 119.53 MiB [------------------------------------------->] 100.00% 698.48 KiB p/s ETA 0s119.53 MiB / 119.53 MiB [-------------------------------------------------] 100.00% 3.24 MiB p/s 37s2026-10-07T20:08:57Z	INFO	[vulndb] Artifact successfully downloaded	repo="mirror.gcr.io/aquasec/trivy-db:2"
[session21-final-pipeline/Docker build + Trivy image scan                       ]   | 2026-10-07T20:08:57Z	INFO	[vuln] Vulnerability scanning is enabled
[session21-final-pipeline/Docker build + Trivy image scan                       ]   | 2026-10-07T20:08:57Z	INFO	[secret] Secret scanning is enabled
[session21-final-pipeline/Docker build + Trivy image scan                       ]   | 2026-10-07T20:08:57Z	INFO	[secret] If your scanning is slow, please try '--scanners vuln' to disable secret scanning
[session21-final-pipeline/Docker build + Trivy image scan                       ]   | 2026-10-07T20:08:57Z	INFO	[secret] Please see https://trivy.dev/docs/v0.75/guide/scanner/secret#recommendation for faster secret detection
[session21-final-pipeline/Docker build + Trivy image scan                       ]   | 2026-10-07T20:09:02Z	INFO	[python] Licenses acquired from one or more METADATA files may be subject to additional terms. Use `--debug` flag to see all affected packages.
[session21-final-pipeline/Docker build + Trivy image scan                       ]   | 2026-10-07T20:09:03Z	INFO	Detected OS	family="debian" version="13.7"
[session21-final-pipeline/Docker build + Trivy image scan                       ]   | 2026-10-07T20:09:03Z	INFO	[debian] Detecting vulnerabilities...	os_version="13" pkg_num=87
[session21-final-pipeline/Docker build + Trivy image scan                       ]   | 2026-10-07T20:09:03Z	INFO	Number of language-specific files	num=1
[session21-final-pipeline/Docker build + Trivy image scan                       ]   | 2026-10-07T20:09:03Z	INFO	[python-pkg] Detecting vulnerabilities...
[session21-final-pipeline/Docker build + Trivy image scan                       ]   | 2026-10-07T20:09:03Z	WARN	Using severities from other vendors for some vulnerabilities. Read https://trivy.dev/docs/v0.75/guide/scanner/vulnerability#severity-selection for details.
[session21-final-pipeline/Docker build + Trivy image scan                       ]   | 
[session21-final-pipeline/Docker build + Trivy image scan                       ]   | Report Summary
[session21-final-pipeline/Docker build + Trivy image scan                       ]   | 
[session21-final-pipeline/Docker build + Trivy image scan                       ]   | ┌──────────────────────────────────────────────────────────────────────────────────┬────────────┬─────────────────┬─────────┐
[session21-final-pipeline/Docker build + Trivy image scan                       ]   | │                                      Target                                      │    Type    │ Vulnerabilities │ Secrets │
[session21-final-pipeline/Docker build + Trivy image scan                       ]   | ├──────────────────────────────────────────────────────────────────────────────────┼────────────┼─────────────────┼─────────┤
[session21-final-pipeline/Docker build + Trivy image scan                       ]   | │ ghcr.io/nektos/taskboard-backend:ccad3ee8d6f56193ac3439a1d182e08a6133b3f1        │   debian   │        0        │    -    │
[session21-final-pipeline/Docker build + Trivy image scan                       ]   | │ (debian 13.7)                                                                    │            │                 │         │
[session21-final-pipeline/Docker build + Trivy image scan                       ]   | ├──────────────────────────────────────────────────────────────────────────────────┼────────────┼─────────────────┼─────────┤
[session21-final-pipeline/Docker build + Trivy image scan                       ]   | │ opt/venv/lib/python3.12/site-packages/alembic-1.17.1.dist-info/METADATA          │ python-pkg │        0        │    -    │
[session21-final-pipeline/Docker build + Trivy image scan                       ]   | ├──────────────────────────────────────────────────────────────────────────────────┼────────────┼─────────────────┼─────────┤
[session21-final-pipeline/Docker build + Trivy image scan                       ]   | │ opt/venv/lib/python3.12/site-packages/annotated_doc-0.0.5.dist-info/METADATA     │ python-pkg │        0        │    -    │
[session21-final-pipeline/Docker build + Trivy image scan                       ]   | ├──────────────────────────────────────────────────────────────────────────────────┼────────────┼─────────────────┼─────────┤
[session21-final-pipeline/Docker build + Trivy image scan                       ]   | │ opt/venv/lib/python3.12/site-packages/annotated_types-0.8.0.dist-info/METADATA   │ python-pkg │        0        │    -    │
[session21-final-pipeline/Docker build + Trivy image scan                       ]   | ├──────────────────────────────────────────────────────────────────────────────────┼────────────┼─────────────────┼─────────┤
[session21-final-pipeline/Docker build + Trivy image scan                       ]   | │ opt/venv/lib/python3.12/site-packages/anyio-4.15.1.dist-info/METADATA            │ python-pkg │        0        │    -    │
[session21-final-pipeline/Docker build + Trivy image scan                       ]   | ├──────────────────────────────────────────────────────────────────────────────────┼────────────┼─────────────────┼─────────┤
[session21-final-pipeline/Docker build + Trivy image scan                       ]   | │ opt/venv/lib/python3.12/site-packages/click-8.5.0.dist-info/METADATA             │ python-pkg │        0        │    -    │
[session21-final-pipeline/Docker build + Trivy image scan                       ]   | ├──────────────────────────────────────────────────────────────────────────────────┼────────────┼─────────────────┼─────────┤
[session21-final-pipeline/Docker build + Trivy image scan                       ]   | │ opt/venv/lib/python3.12/site-packages/fastapi-0.142.2.dist-info/METADATA         │ python-pkg │        0        │    -    │
[session21-final-pipeline/Docker build + Trivy image scan                       ]   | ├──────────────────────────────────────────────────────────────────────────────────┼────────────┼─────────────────┼─────────┤
[session21-final-pipeline/Docker build + Trivy image scan                       ]   | │ opt/venv/lib/python3.12/site-packages/greenlet-3.5.6.dist-info/METADATA          │ python-pkg │        0        │    -    │
[session21-final-pipeline/Docker build + Trivy image scan                       ]   | ├──────────────────────────────────────────────────────────────────────────────────┼────────────┼─────────────────┼─────────┤
[session21-final-pipeline/Docker build + Trivy image scan                       ]   | │ opt/venv/lib/python3.12/site-packages/h11-0.16.0.dist-info/METADATA              │ python-pkg │        0        │    -    │
[session21-final-pipeline/Docker build + Trivy image scan                       ]   | ├──────────────────────────────────────────────────────────────────────────────────┼────────────┼─────────────────┼─────────┤
[session21-final-pipeline/Docker build + Trivy image scan                       ]   | │ opt/venv/lib/python3.12/site-packages/httptools-0.8.0.dist-info/METADATA         │ python-pkg │        0        │    -    │
[session21-final-pipeline/Docker build + Trivy image scan                       ]   | ├──────────────────────────────────────────────────────────────────────────────────┼────────────┼─────────────────┼─────────┤
[session21-final-pipeline/Docker build + Trivy image scan                       ]   | │ opt/venv/lib/python3.12/site-packages/idna-3.20.dist-info/METADATA               │ python-pkg │        0        │    -    │
[session21-final-pipeline/Docker build + Trivy image scan                       ]   | ├──────────────────────────────────────────────────────────────────────────────────┼────────────┼─────────────────┼─────────┤
[session21-final-pipeline/Docker build + Trivy image scan                       ]   | │ opt/venv/lib/python3.12/site-packages/mako-1.4.3.dist-info/METADATA              │ python-pkg │        0        │    -    │
[session21-final-pipeline/Docker build + Trivy image scan                       ]   | ├──────────────────────────────────────────────────────────────────────────────────┼────────────┼─────────────────┼─────────┤
[session21-final-pipeline/Docker build + Trivy image scan                       ]   | │ opt/venv/lib/python3.12/site-packages/markupsafe-3.0.4.dist-info/METADATA        │ python-pkg │        0        │    -    │
[session21-final-pipeline/Docker build + Trivy image scan                       ]   | ├──────────────────────────────────────────────────────────────────────────────────┼────────────┼─────────────────┼─────────┤
[session21-final-pipeline/Docker build + Trivy image scan                       ]   | │ opt/venv/lib/python3.12/site-packages/opentelemetry_api-1.45.1.dist-info/METADA- │ python-pkg │        0        │    -    │
[session21-final-pipeline/Docker build + Trivy image scan                       ]   | │ TA                                                                               │            │                 │         │
[session21-final-pipeline/Docker build + Trivy image scan                       ]   | ├──────────────────────────────────────────────────────────────────────────────────┼────────────┼─────────────────┼─────────┤
[session21-final-pipeline/Docker build + Trivy image scan                       ]   | │ opt/venv/lib/python3.12/site-packages/prometheus_client-0.23.1.dist-info/METADA- │ python-pkg │        0        │    -    │
[session21-final-pipeline/Docker build + Trivy image scan                       ]   | │ TA                                                                               │            │                 │         │
[session21-final-pipeline/Docker build + Trivy image scan                       ]   | ├──────────────────────────────────────────────────────────────────────────────────┼────────────┼─────────────────┼─────────┤
[session21-final-pipeline/Docker build + Trivy image scan                       ]   | │ opt/venv/lib/python3.12/site-packages/prometheus_fastapi_instrumentator-8.1.0.d- │ python-pkg │        0        │    -    │
[session21-final-pipeline/Docker build + Trivy image scan                       ]   | │ ist-info/METADATA                                                                │            │                 │         │
[session21-final-pipeline/Docker build + Trivy image scan                       ]   | ├──────────────────────────────────────────────────────────────────────────────────┼────────────┼─────────────────┼─────────┤
[session21-final-pipeline/Docker build + Trivy image scan                       ]   | │ opt/venv/lib/python3.12/site-packages/psycopg-3.2.12.dist-info/METADATA          │ python-pkg │        0        │    -    │
[session21-final-pipeline/Docker build + Trivy image scan                       ]   | ├──────────────────────────────────────────────────────────────────────────────────┼────────────┼─────────────────┼─────────┤
[session21-final-pipeline/Docker build + Trivy image scan                       ]   | │ opt/venv/lib/python3.12/site-packages/psycopg_binary-3.2.12.dist-info/METADATA   │ python-pkg │        0        │    -    │
[session21-final-pipeline/Docker build + Trivy image scan                       ]   | ├──────────────────────────────────────────────────────────────────────────────────┼────────────┼─────────────────┼─────────┤
[session21-final-pipeline/Docker build + Trivy image scan                       ]   | │ opt/venv/lib/python3.12/site-packages/pydantic-2.13.5.dist-info/METADATA         │ python-pkg │        0        │    -    │
[session21-final-pipeline/Docker build + Trivy image scan                       ]   | ├──────────────────────────────────────────────────────────────────────────────────┼────────────┼─────────────────┼─────────┤
[session21-final-pipeline/Docker build + Trivy image scan                       ]   | │ opt/venv/lib/python3.12/site-packages/pydantic_core-2.46.5.dist-info/METADATA    │ python-pkg │        0        │    -    │
[session21-final-pipeline/Docker build + Trivy image scan                       ]   | ├──────────────────────────────────────────────────────────────────────────────────┼────────────┼─────────────────┼─────────┤
[session21-final-pipeline/Docker build + Trivy image scan                       ]   | │ opt/venv/lib/python3.12/site-packages/pydantic_settings-2.11.0.dist-info/METADA- │ python-pkg │        0        │    -    │
[session21-final-pipeline/Docker build + Trivy image scan                       ]   | │ TA                                                                               │            │                 │         │
[session21-final-pipeline/Docker build + Trivy image scan                       ]   | ├──────────────────────────────────────────────────────────────────────────────────┼────────────┼─────────────────┼─────────┤
[session21-final-pipeline/Docker build + Trivy image scan                       ]   | │ opt/venv/lib/python3.12/site-packages/python_dotenv-1.2.4.dist-info/METADATA     │ python-pkg │        0        │    -    │
[session21-final-pipeline/Docker build + Trivy image scan                       ]   | ├──────────────────────────────────────────────────────────────────────────────────┼────────────┼─────────────────┼─────────┤
[session21-final-pipeline/Docker build + Trivy image scan                       ]   | │ opt/venv/lib/python3.12/site-packages/pyyaml-6.0.3.dist-info/METADATA            │ python-pkg │        0        │    -    │
[session21-final-pipeline/Docker build + Trivy image scan                       ]   | ├──────────────────────────────────────────────────────────────────────────────────┼────────────┼─────────────────┼─────────┤
[session21-final-pipeline/Docker build + Trivy image scan                       ]   | │ opt/venv/lib/python3.12/site-packages/sqlalchemy-2.0.44.dist-info/METADATA       │ python-pkg │        0        │    -    │
[session21-final-pipeline/Docker build + Trivy image scan                       ]   | ├──────────────────────────────────────────────────────────────────────────────────┼────────────┼─────────────────┼─────────┤
[session21-final-pipeline/Docker build + Trivy image scan                       ]   | │ opt/venv/lib/python3.12/site-packages/starlette-1.7.0.dist-info/METADATA         │ python-pkg │        0        │    -    │
[session21-final-pipeline/Docker build + Trivy image scan                       ]   | ├──────────────────────────────────────────────────────────────────────────────────┼────────────┼─────────────────┼─────────┤
[session21-final-pipeline/Docker build + Trivy image scan                       ]   | │ opt/venv/lib/python3.12/site-packages/typing_extensions-4.16.0.dist-info/METADA- │ python-pkg │        0        │    -    │
[session21-final-pipeline/Docker build + Trivy image scan                       ]   | │ TA                                                                               │            │                 │         │
[session21-final-pipeline/Docker build + Trivy image scan                       ]   | ├──────────────────────────────────────────────────────────────────────────────────┼────────────┼─────────────────┼─────────┤
[session21-final-pipeline/Docker build + Trivy image scan                       ]   | │ opt/venv/lib/python3.12/site-packages/typing_inspection-0.4.4.dist-info/METADATA │ python-pkg │        0        │    -    │
[session21-final-pipeline/Docker build + Trivy image scan                       ]   | ├──────────────────────────────────────────────────────────────────────────────────┼────────────┼─────────────────┼─────────┤
[session21-final-pipeline/Docker build + Trivy image scan                       ]   | │ opt/venv/lib/python3.12/site-packages/uvicorn-0.38.0.dist-info/METADATA          │ python-pkg │        0        │    -    │
[session21-final-pipeline/Docker build + Trivy image scan                       ]   | ├──────────────────────────────────────────────────────────────────────────────────┼────────────┼─────────────────┼─────────┤
[session21-final-pipeline/Docker build + Trivy image scan                       ]   | │ opt/venv/lib/python3.12/site-packages/uvloop-0.23.0.dist-info/METADATA           │ python-pkg │        0        │    -    │
[session21-final-pipeline/Docker build + Trivy image scan                       ]   | ├──────────────────────────────────────────────────────────────────────────────────┼────────────┼─────────────────┼─────────┤
[session21-final-pipeline/Docker build + Trivy image scan                       ]   | │ opt/venv/lib/python3.12/site-packages/watchfiles-1.3.0.dist-info/METADATA        │ python-pkg │        0        │    -    │
[session21-final-pipeline/Docker build + Trivy image scan                       ]   | ├──────────────────────────────────────────────────────────────────────────────────┼────────────┼─────────────────┼─────────┤
[session21-final-pipeline/Docker build + Trivy image scan                       ]   | │ opt/venv/lib/python3.12/site-packages/websockets-17.2.dist-info/METADATA         │ python-pkg │        0        │    -    │
[session21-final-pipeline/Docker build + Trivy image scan                       ]   | └──────────────────────────────────────────────────────────────────────────────────┴────────────┴─────────────────┴─────────┘
[session21-final-pipeline/Docker build + Trivy image scan                       ]   | Legend:
[session21-final-pipeline/Docker build + Trivy image scan                       ]   | - '-': Not scanned
[session21-final-pipeline/Docker build + Trivy image scan                       ]   | - '0': Clean (no security findings detected)
[session21-final-pipeline/Docker build + Trivy image scan                       ]   | 
[session21-final-pipeline/Docker build + Trivy image scan                       ]   | 2026-10-07T20:09:03Z	INFO	[vuln] Vulnerability scanning is enabled
[session21-final-pipeline/Docker build + Trivy image scan                       ]   | 2026-10-07T20:09:03Z	INFO	[secret] Secret scanning is enabled
[session21-final-pipeline/Docker build + Trivy image scan                       ]   | 2026-10-07T20:09:03Z	INFO	[secret] If your scanning is slow, please try '--scanners vuln' to disable secret scanning
[session21-final-pipeline/Docker build + Trivy image scan                       ]   | 2026-10-07T20:09:03Z	INFO	[secret] Please see https://trivy.dev/docs/v0.75/guide/scanner/secret#recommendation for faster secret detection
[session21-final-pipeline/Docker build + Trivy image scan                       ]   | 2026-10-07T20:09:05Z	INFO	Detected OS	family="alpine" version="3.23.4"
[session21-final-pipeline/Docker build + Trivy image scan                       ]   | 2026-10-07T20:09:05Z	INFO	[alpine] Detecting vulnerabilities...	os_version="3.23" repository="3.23" pkg_num=70
[session21-final-pipeline/Docker build + Trivy image scan                       ]   | 2026-10-07T20:09:05Z	INFO	Number of language-specific files	num=0
[session21-final-pipeline/Docker build + Trivy image scan                       ]   | 
[session21-final-pipeline/Docker build + Trivy image scan                       ]   | Report Summary
[session21-final-pipeline/Docker build + Trivy image scan                       ]   | 
[session21-final-pipeline/Docker build + Trivy image scan                       ]   | ┌────────────────────────────────────────────────────────────────────────────┬────────┬─────────────────┬─────────┐
[session21-final-pipeline/Docker build + Trivy image scan                       ]   | │                                   Target                                   │  Type  │ Vulnerabilities │ Secrets │
[session21-final-pipeline/Docker build + Trivy image scan                       ]   | ├────────────────────────────────────────────────────────────────────────────┼────────┼─────────────────┼─────────┤
[session21-final-pipeline/Docker build + Trivy image scan                       ]   | │ ghcr.io/nektos/taskboard-frontend:ccad3ee8d6f56193ac3439a1d182e08a6133b3f1 │ alpine │        0        │    -    │
[session21-final-pipeline/Docker build + Trivy image scan                       ]   | │ (alpine 3.23.4)                                                            │        │                 │         │
[session21-final-pipeline/Docker build + Trivy image scan                       ]   | └────────────────────────────────────────────────────────────────────────────┴────────┴─────────────────┴─────────┘
[session21-final-pipeline/Docker build + Trivy image scan                       ]   | Legend:
[session21-final-pipeline/Docker build + Trivy image scan                       ]   | - '-': Not scanned
[session21-final-pipeline/Docker build + Trivy image scan                       ]   | - '0': Clean (no security findings detected)
[session21-final-pipeline/Docker build + Trivy image scan                       ]   | 
[session21-final-pipeline/Docker build + Trivy image scan                       ]   ✅  Success - Main Trivy image scan (fail on fixable HIGH/CRITICAL) [45.55254681s]
[session21-final-pipeline/Docker build + Trivy image scan                       ] ⭐ Run Complete job
[session21-final-pipeline/Docker build + Trivy image scan                       ] Cleaning up container for job Docker build + Trivy image scan
[session21-final-pipeline/Docker build + Trivy image scan                       ]   ✅  Success - Complete job
[session21-final-pipeline/Docker build + Trivy image scan                       ] 🏁  Job succeeded
[session21-final-pipeline/Security gate                                         ] ⭐ Run Set up job
[session21-final-pipeline/Security gate                                         ] 🚀  Start image=catthehacker/ubuntu:act-latest
[session21-final-pipeline/Security gate                                         ]   🐳  docker pull image=catthehacker/ubuntu:act-latest platform=linux/amd64 username= forcePull=true
[session21-final-pipeline/Security gate                                         ]   🐳  docker create image=catthehacker/ubuntu:act-latest platform=linux/amd64 entrypoint=["tail" "-f" "/dev/null"] cmd=[] network="bridge"
[session21-final-pipeline/Security gate                                         ]   🐳  docker run image=catthehacker/ubuntu:act-latest platform=linux/amd64 entrypoint=["tail" "-f" "/dev/null"] cmd=[] network="bridge"
[session21-final-pipeline/Security gate                                         ]   🐳  docker exec cmd=[node --no-warnings -e console.log(process.execPath)] user= workdir=
[session21-final-pipeline/Security gate                                         ]   ✅  Success - Set up job
[session21-final-pipeline/Security gate                                         ] ⭐ Run Main All quality and security checks must be green
[session21-final-pipeline/Security gate                                         ]   🐳  docker exec cmd=[bash -e /var/run/act/workflow/0] user= workdir=.
[session21-final-pipeline/Security gate                                         ]   | test=success frontend=success sast=success
[session21-final-pipeline/Security gate                                         ]   | sca=success secrets=success image-scan=success
[session21-final-pipeline/Security gate                                         ]   | security gate PASSED - image may be published
[session21-final-pipeline/Security gate                                         ]   ✅  Success - Main All quality and security checks must be green [66.24398ms]
[session21-final-pipeline/Security gate                                         ] ⭐ Run Complete job
[session21-final-pipeline/Security gate                                         ] Cleaning up container for job Security gate
[session21-final-pipeline/Security gate                                         ]   ✅  Success - Complete job
[session21-final-pipeline/Security gate                                         ] 🏁  Job succeeded
act exit code: 0
