time="2026-10-07T18:11:24Z" level=info msg="Using docker host 'unix:///var/run/docker.sock', and daemon socket 'unix:///var/run/docker.sock'"
time="2026-10-07T18:11:24Z" level=info msg="Start server on http://172.17.9.114:34567"
[Session 17 - DevSecOps Pipeline/1. Build] ⭐ Run Set up job
[Session 17 - DevSecOps Pipeline/1. Build] 🚀  Start image=catthehacker/ubuntu:act-latest
[Session 17 - DevSecOps Pipeline/1. Build]   🐳  docker pull image=catthehacker/ubuntu:act-latest platform=linux/amd64 username= forcePull=false
[Session 17 - DevSecOps Pipeline/1. Build]   🐳  docker create image=catthehacker/ubuntu:act-latest platform=linux/amd64 entrypoint=["tail" "-f" "/dev/null"] cmd=[] network="minikube"
[Session 17 - DevSecOps Pipeline/1. Build]   🐳  docker run image=catthehacker/ubuntu:act-latest platform=linux/amd64 entrypoint=["tail" "-f" "/dev/null"] cmd=[] network="minikube"
[Session 17 - DevSecOps Pipeline/1. Build]   🐳  docker exec cmd=[node --no-warnings -e console.log(process.execPath)] user= workdir=
[Session 17 - DevSecOps Pipeline/1. Build]   ✅  Success - Set up job
[Session 17 - DevSecOps Pipeline/1. Build]   ☁  git clone 'https://github.com/actions/setup-python' # ref=v5
[Session 17 - DevSecOps Pipeline/1. Build] ⭐ Run Main actions/checkout@v4
[Session 17 - DevSecOps Pipeline/1. Build]   🐳  docker cp src=/home/vansh/act-stage/session-17-devsecops/devops-homework/. dst=/home/vansh/act-stage/session-17-devsecops/devops-homework
[Session 17 - DevSecOps Pipeline/1. Build]   ✅  Success - Main actions/checkout@v4 [43.715751ms]
[Session 17 - DevSecOps Pipeline/1. Build] ⭐ Run Main actions/setup-python@v5
[Session 17 - DevSecOps Pipeline/1. Build]   🐳  docker cp src=/home/vansh/.cache/act/actions-setup-python@v5/ dst=/var/run/act/actions/actions-setup-python@v5/
[Session 17 - DevSecOps Pipeline/1. Build]   🐳  docker exec cmd=[/opt/acttoolcache/node/24.19.0/x64/bin/node /var/run/act/actions/actions-setup-python@v5/dist/setup/index.js] user= workdir=
[Session 17 - DevSecOps Pipeline/1. Build]   ❓  ::group::Installed versions
[Session 17 - DevSecOps Pipeline/1. Build]   | (node:31) [DEP0040] DeprecationWarning: The `punycode` module is deprecated. Please use a userland alternative instead.
[Session 17 - DevSecOps Pipeline/1. Build]   | (Use `node --trace-deprecation ...` to show where the warning was created)
[Session 17 - DevSecOps Pipeline/1. Build]   | Successfully set up CPython (3.12.15)
[Session 17 - DevSecOps Pipeline/1. Build]   ❓  ::endgroup::
[Session 17 - DevSecOps Pipeline/1. Build]   ❓ add-matcher /run/act/actions/actions-setup-python@v5/.github/python.json
[Session 17 - DevSecOps Pipeline/1. Build]   ✅  Success - Main actions/setup-python@v5 [760.430773ms]
[Session 17 - DevSecOps Pipeline/1. Build]   ⚙  ::set-env:: PKG_CONFIG_PATH=/opt/hostedtoolcache/Python/3.12.15/x64/lib/pkgconfig
[Session 17 - DevSecOps Pipeline/1. Build]   ⚙  ::set-env:: Python_ROOT_DIR=/opt/hostedtoolcache/Python/3.12.15/x64
[Session 17 - DevSecOps Pipeline/1. Build]   ⚙  ::set-env:: Python2_ROOT_DIR=/opt/hostedtoolcache/Python/3.12.15/x64
[Session 17 - DevSecOps Pipeline/1. Build]   ⚙  ::set-env:: Python3_ROOT_DIR=/opt/hostedtoolcache/Python/3.12.15/x64
[Session 17 - DevSecOps Pipeline/1. Build]   ⚙  ::set-env:: LD_LIBRARY_PATH=/opt/hostedtoolcache/Python/3.12.15/x64/lib
[Session 17 - DevSecOps Pipeline/1. Build]   ⚙  ::set-env:: pythonLocation=/opt/hostedtoolcache/Python/3.12.15/x64
[Session 17 - DevSecOps Pipeline/1. Build]   ⚙  ::set-output:: python-version=3.12.15
[Session 17 - DevSecOps Pipeline/1. Build]   ⚙  ::set-output:: python-path=/opt/hostedtoolcache/Python/3.12.15/x64/bin/python
[Session 17 - DevSecOps Pipeline/1. Build]   ⚙  ::add-path:: /opt/hostedtoolcache/Python/3.12.15/x64
[Session 17 - DevSecOps Pipeline/1. Build]   ⚙  ::add-path:: /opt/hostedtoolcache/Python/3.12.15/x64/bin
[Session 17 - DevSecOps Pipeline/1. Build] ⭐ Run Main Install runtime dependencies
[Session 17 - DevSecOps Pipeline/1. Build]   🐳  docker exec cmd=[bash --noprofile --norc -e -o pipefail /var/run/act/workflow/2.sh] user= workdir=session-17-devsecops
[Session 17 - DevSecOps Pipeline/1. Build]   | Collecting Flask==3.1.2 (from -r requirements.txt (line 1))
[Session 17 - DevSecOps Pipeline/1. Build]   |   Downloading flask-3.1.2-py3-none-any.whl.metadata (3.2 kB)
[Session 17 - DevSecOps Pipeline/1. Build]   | Collecting gunicorn==20.1.0 (from -r requirements.txt (line 2))
[Session 17 - DevSecOps Pipeline/1. Build]   |   Downloading gunicorn-20.1.0-py3-none-any.whl.metadata (3.8 kB)
[Session 17 - DevSecOps Pipeline/1. Build]   | Requirement already satisfied: blinker>=1.9.0 in /opt/hostedtoolcache/Python/3.12.15/x64/lib/python3.12/site-packages (from Flask==3.1.2->-r requirements.txt (line 1)) (1.9.0)
[Session 17 - DevSecOps Pipeline/1. Build]   | Requirement already satisfied: click>=8.1.3 in /opt/hostedtoolcache/Python/3.12.15/x64/lib/python3.12/site-packages (from Flask==3.1.2->-r requirements.txt (line 1)) (8.4.2)
[Session 17 - DevSecOps Pipeline/1. Build]   | Requirement already satisfied: itsdangerous>=2.2.0 in /opt/hostedtoolcache/Python/3.12.15/x64/lib/python3.12/site-packages (from Flask==3.1.2->-r requirements.txt (line 1)) (2.2.0)
[Session 17 - DevSecOps Pipeline/1. Build]   | Requirement already satisfied: jinja2>=3.1.2 in /opt/hostedtoolcache/Python/3.12.15/x64/lib/python3.12/site-packages (from Flask==3.1.2->-r requirements.txt (line 1)) (3.1.6)
[Session 17 - DevSecOps Pipeline/1. Build]   | Requirement already satisfied: markupsafe>=2.1.1 in /opt/hostedtoolcache/Python/3.12.15/x64/lib/python3.12/site-packages (from Flask==3.1.2->-r requirements.txt (line 1)) (3.0.4)
[Session 17 - DevSecOps Pipeline/1. Build]   | Requirement already satisfied: werkzeug>=3.1.0 in /opt/hostedtoolcache/Python/3.12.15/x64/lib/python3.12/site-packages (from Flask==3.1.2->-r requirements.txt (line 1)) (3.1.9)
[Session 17 - DevSecOps Pipeline/1. Build]   | Collecting setuptools>=3.0 (from gunicorn==20.1.0->-r requirements.txt (line 2))
[Session 17 - DevSecOps Pipeline/1. Build]   |   Downloading setuptools-84.0.0-py3-none-any.whl.metadata (6.6 kB)
[Session 17 - DevSecOps Pipeline/1. Build]   | Downloading flask-3.1.2-py3-none-any.whl (103 kB)
[Session 17 - DevSecOps Pipeline/1. Build]   | Downloading gunicorn-20.1.0-py3-none-any.whl (79 kB)
[Session 17 - DevSecOps Pipeline/1. Build]   | Downloading setuptools-84.0.0-py3-none-any.whl (818 kB)
[Session 17 - DevSecOps Pipeline/1. Build]   |    ━━━━━━━━━━━━━━━━━━━━━━━━━━━━━━━━━━━━━━━━ 818.2/818.2 kB 3.5 MB/s  0:00:00
[Session 17 - DevSecOps Pipeline/1. Build]   | Installing collected packages: setuptools, gunicorn, Flask
[Session 17 - DevSecOps Pipeline/1. Build]   |   Attempting uninstall: gunicorn
[Session 17 - DevSecOps Pipeline/1. Build]   |     Found existing installation: gunicorn 23.0.0
[Session 17 - DevSecOps Pipeline/1. Build]   |     Uninstalling gunicorn-23.0.0:
[Session 17 - DevSecOps Pipeline/1. Build]   |       Successfully uninstalled gunicorn-23.0.0
[Session 17 - DevSecOps Pipeline/1. Build]   |   Attempting uninstall: Flask
[Session 17 - DevSecOps Pipeline/1. Build]   |     Found existing installation: Flask 3.1.3
[Session 17 - DevSecOps Pipeline/1. Build]   |     Uninstalling Flask-3.1.3:
[Session 17 - DevSecOps Pipeline/1. Build]   |       Successfully uninstalled Flask-3.1.3
[Session 17 - DevSecOps Pipeline/1. Build]   | 
[Session 17 - DevSecOps Pipeline/1. Build]   | Successfully installed Flask-3.1.2 gunicorn-20.1.0 setuptools-84.0.0
[Session 17 - DevSecOps Pipeline/1. Build]   | WARNING: Running pip as the 'root' user can result in broken permissions and conflicting behaviour with the system package manager, possibly rendering your system unusable. It is recommended to use a virtual environment instead: https://pip.pypa.io/warnings/venv. Use the --root-user-action option if you know what you are doing and want to suppress this warning.
[Session 17 - DevSecOps Pipeline/1. Build]   ✅  Success - Main Install runtime dependencies [3.041666901s]
[Session 17 - DevSecOps Pipeline/1. Build] ⭐ Run Main Byte-compile and import the app
[Session 17 - DevSecOps Pipeline/1. Build]   🐳  docker exec cmd=[bash --noprofile --norc -e -o pipefail /var/run/act/workflow/3.sh] user= workdir=session-17-devsecops
[Session 17 - DevSecOps Pipeline/1. Build]   | app import OK, routes: ['/api/notes', '/api/notes', '/api/notes/<int:note_id>', '/api/status', '/health', '/static/<path:filename>']
[Session 17 - DevSecOps Pipeline/1. Build]   ✅  Success - Main Byte-compile and import the app [281.584295ms]
[Session 17 - DevSecOps Pipeline/1. Build] ⭐ Run Post actions/setup-python@v5
[Session 17 - DevSecOps Pipeline/1. Build]   🐳  docker exec cmd=[/opt/acttoolcache/node/24.19.0/x64/bin/node /var/run/act/actions/actions-setup-python@v5/dist/cache-save/index.js] user= workdir=
[Session 17 - DevSecOps Pipeline/1. Build]   | (node:77) [DEP0040] DeprecationWarning: The `punycode` module is deprecated. Please use a userland alternative instead.
[Session 17 - DevSecOps Pipeline/1. Build]   | (Use `node --trace-deprecation ...` to show where the warning was created)
[Session 17 - DevSecOps Pipeline/1. Build]   ✅  Success - Post actions/setup-python@v5 [189.409865ms]
[Session 17 - DevSecOps Pipeline/1. Build] ⭐ Run Complete job
[Session 17 - DevSecOps Pipeline/1. Build] Cleaning up container for job 1. Build
[Session 17 - DevSecOps Pipeline/1. Build]   ✅  Success - Complete job
[Session 17 - DevSecOps Pipeline/1. Build] 🏁  Job succeeded
[Session 17 - DevSecOps Pipeline/2. Unit Test] ⭐ Run Set up job
[Session 17 - DevSecOps Pipeline/2. Unit Test] 🚀  Start image=catthehacker/ubuntu:act-latest
[Session 17 - DevSecOps Pipeline/2. Unit Test]   🐳  docker pull image=catthehacker/ubuntu:act-latest platform=linux/amd64 username= forcePull=false
[Session 17 - DevSecOps Pipeline/2. Unit Test]   🐳  docker create image=catthehacker/ubuntu:act-latest platform=linux/amd64 entrypoint=["tail" "-f" "/dev/null"] cmd=[] network="minikube"
[Session 17 - DevSecOps Pipeline/2. Unit Test]   🐳  docker run image=catthehacker/ubuntu:act-latest platform=linux/amd64 entrypoint=["tail" "-f" "/dev/null"] cmd=[] network="minikube"
[Session 17 - DevSecOps Pipeline/2. Unit Test]   🐳  docker exec cmd=[node --no-warnings -e console.log(process.execPath)] user= workdir=
[Session 17 - DevSecOps Pipeline/2. Unit Test]   ✅  Success - Set up job
[Session 17 - DevSecOps Pipeline/2. Unit Test]   ☁  git clone 'https://github.com/actions/setup-python' # ref=v5
[Session 17 - DevSecOps Pipeline/2. Unit Test]   ☁  git clone 'https://github.com/actions/upload-artifact' # ref=v4
[Session 17 - DevSecOps Pipeline/2. Unit Test] ⭐ Run Main actions/checkout@v4
[Session 17 - DevSecOps Pipeline/2. Unit Test]   🐳  docker cp src=/home/vansh/act-stage/session-17-devsecops/devops-homework/. dst=/home/vansh/act-stage/session-17-devsecops/devops-homework
[Session 17 - DevSecOps Pipeline/2. Unit Test]   ✅  Success - Main actions/checkout@v4 [42.69337ms]
[Session 17 - DevSecOps Pipeline/2. Unit Test] ⭐ Run Main actions/setup-python@v5
[Session 17 - DevSecOps Pipeline/2. Unit Test]   🐳  docker cp src=/home/vansh/.cache/act/actions-setup-python@v5/ dst=/var/run/act/actions/actions-setup-python@v5/
[Session 17 - DevSecOps Pipeline/2. Unit Test]   🐳  docker exec cmd=[/opt/acttoolcache/node/24.19.0/x64/bin/node /var/run/act/actions/actions-setup-python@v5/dist/setup/index.js] user= workdir=
[Session 17 - DevSecOps Pipeline/2. Unit Test]   ❓  ::group::Installed versions
[Session 17 - DevSecOps Pipeline/2. Unit Test]   | (node:32) [DEP0040] DeprecationWarning: The `punycode` module is deprecated. Please use a userland alternative instead.
[Session 17 - DevSecOps Pipeline/2. Unit Test]   | (Use `node --trace-deprecation ...` to show where the warning was created)
[Session 17 - DevSecOps Pipeline/2. Unit Test]   | Successfully set up CPython (3.12.15)
[Session 17 - DevSecOps Pipeline/2. Unit Test]   ❓  ::endgroup::
[Session 17 - DevSecOps Pipeline/2. Unit Test]   ❓ add-matcher /run/act/actions/actions-setup-python@v5/.github/python.json
[Session 17 - DevSecOps Pipeline/2. Unit Test]   ✅  Success - Main actions/setup-python@v5 [570.085572ms]
[Session 17 - DevSecOps Pipeline/2. Unit Test]   ⚙  ::set-env:: Python_ROOT_DIR=/opt/hostedtoolcache/Python/3.12.15/x64
[Session 17 - DevSecOps Pipeline/2. Unit Test]   ⚙  ::set-env:: Python2_ROOT_DIR=/opt/hostedtoolcache/Python/3.12.15/x64
[Session 17 - DevSecOps Pipeline/2. Unit Test]   ⚙  ::set-env:: Python3_ROOT_DIR=/opt/hostedtoolcache/Python/3.12.15/x64
[Session 17 - DevSecOps Pipeline/2. Unit Test]   ⚙  ::set-env:: LD_LIBRARY_PATH=/opt/hostedtoolcache/Python/3.12.15/x64/lib
[Session 17 - DevSecOps Pipeline/2. Unit Test]   ⚙  ::set-env:: pythonLocation=/opt/hostedtoolcache/Python/3.12.15/x64
[Session 17 - DevSecOps Pipeline/2. Unit Test]   ⚙  ::set-env:: PKG_CONFIG_PATH=/opt/hostedtoolcache/Python/3.12.15/x64/lib/pkgconfig
[Session 17 - DevSecOps Pipeline/2. Unit Test]   ⚙  ::set-output:: python-version=3.12.15
[Session 17 - DevSecOps Pipeline/2. Unit Test]   ⚙  ::set-output:: python-path=/opt/hostedtoolcache/Python/3.12.15/x64/bin/python
[Session 17 - DevSecOps Pipeline/2. Unit Test]   ⚙  ::add-path:: /opt/hostedtoolcache/Python/3.12.15/x64
[Session 17 - DevSecOps Pipeline/2. Unit Test]   ⚙  ::add-path:: /opt/hostedtoolcache/Python/3.12.15/x64/bin
[Session 17 - DevSecOps Pipeline/2. Unit Test] ⭐ Run Main Install dependencies
[Session 17 - DevSecOps Pipeline/2. Unit Test]   🐳  docker exec cmd=[bash --noprofile --norc -e -o pipefail /var/run/act/workflow/2.sh] user= workdir=session-17-devsecops
[Session 17 - DevSecOps Pipeline/2. Unit Test]   | Requirement already satisfied: Flask==3.1.2 in /opt/hostedtoolcache/Python/3.12.15/x64/lib/python3.12/site-packages (from -r /home/vansh/act-stage/session-17-devsecops/devops-homework/session-17-devsecops/requirements.txt (line 1)) (3.1.2)
[Session 17 - DevSecOps Pipeline/2. Unit Test]   | Requirement already satisfied: gunicorn==20.1.0 in /opt/hostedtoolcache/Python/3.12.15/x64/lib/python3.12/site-packages (from -r /home/vansh/act-stage/session-17-devsecops/devops-homework/session-17-devsecops/requirements.txt (line 2)) (20.1.0)
[Session 17 - DevSecOps Pipeline/2. Unit Test]   | Requirement already satisfied: pytest==8.4.2 in /opt/hostedtoolcache/Python/3.12.15/x64/lib/python3.12/site-packages (from -r requirements-dev.txt (line 2)) (8.4.2)
[Session 17 - DevSecOps Pipeline/2. Unit Test]   | Requirement already satisfied: pytest-cov==6.0.0 in /opt/hostedtoolcache/Python/3.12.15/x64/lib/python3.12/site-packages (from -r requirements-dev.txt (line 3)) (6.0.0)
[Session 17 - DevSecOps Pipeline/2. Unit Test]   | Requirement already satisfied: blinker>=1.9.0 in /opt/hostedtoolcache/Python/3.12.15/x64/lib/python3.12/site-packages (from Flask==3.1.2->-r /home/vansh/act-stage/session-17-devsecops/devops-homework/session-17-devsecops/requirements.txt (line 1)) (1.9.0)
[Session 17 - DevSecOps Pipeline/2. Unit Test]   | Requirement already satisfied: click>=8.1.3 in /opt/hostedtoolcache/Python/3.12.15/x64/lib/python3.12/site-packages (from Flask==3.1.2->-r /home/vansh/act-stage/session-17-devsecops/devops-homework/session-17-devsecops/requirements.txt (line 1)) (8.4.2)
[Session 17 - DevSecOps Pipeline/2. Unit Test]   | Requirement already satisfied: itsdangerous>=2.2.0 in /opt/hostedtoolcache/Python/3.12.15/x64/lib/python3.12/site-packages (from Flask==3.1.2->-r /home/vansh/act-stage/session-17-devsecops/devops-homework/session-17-devsecops/requirements.txt (line 1)) (2.2.0)
[Session 17 - DevSecOps Pipeline/2. Unit Test]   | Requirement already satisfied: jinja2>=3.1.2 in /opt/hostedtoolcache/Python/3.12.15/x64/lib/python3.12/site-packages (from Flask==3.1.2->-r /home/vansh/act-stage/session-17-devsecops/devops-homework/session-17-devsecops/requirements.txt (line 1)) (3.1.6)
[Session 17 - DevSecOps Pipeline/2. Unit Test]   | Requirement already satisfied: markupsafe>=2.1.1 in /opt/hostedtoolcache/Python/3.12.15/x64/lib/python3.12/site-packages (from Flask==3.1.2->-r /home/vansh/act-stage/session-17-devsecops/devops-homework/session-17-devsecops/requirements.txt (line 1)) (3.0.4)
[Session 17 - DevSecOps Pipeline/2. Unit Test]   | Requirement already satisfied: werkzeug>=3.1.0 in /opt/hostedtoolcache/Python/3.12.15/x64/lib/python3.12/site-packages (from Flask==3.1.2->-r /home/vansh/act-stage/session-17-devsecops/devops-homework/session-17-devsecops/requirements.txt (line 1)) (3.1.9)
[Session 17 - DevSecOps Pipeline/2. Unit Test]   | Requirement already satisfied: setuptools>=3.0 in /opt/hostedtoolcache/Python/3.12.15/x64/lib/python3.12/site-packages (from gunicorn==20.1.0->-r /home/vansh/act-stage/session-17-devsecops/devops-homework/session-17-devsecops/requirements.txt (line 2)) (84.0.0)
[Session 17 - DevSecOps Pipeline/2. Unit Test]   | Requirement already satisfied: iniconfig>=1 in /opt/hostedtoolcache/Python/3.12.15/x64/lib/python3.12/site-packages (from pytest==8.4.2->-r requirements-dev.txt (line 2)) (2.3.1)
[Session 17 - DevSecOps Pipeline/2. Unit Test]   | Requirement already satisfied: packaging>=20 in /opt/hostedtoolcache/Python/3.12.15/x64/lib/python3.12/site-packages (from pytest==8.4.2->-r requirements-dev.txt (line 2)) (26.3)
[Session 17 - DevSecOps Pipeline/2. Unit Test]   | Requirement already satisfied: pluggy<2,>=1.5 in /opt/hostedtoolcache/Python/3.12.15/x64/lib/python3.12/site-packages (from pytest==8.4.2->-r requirements-dev.txt (line 2)) (1.6.0)
[Session 17 - DevSecOps Pipeline/2. Unit Test]   | Requirement already satisfied: pygments>=2.7.2 in /opt/hostedtoolcache/Python/3.12.15/x64/lib/python3.12/site-packages (from pytest==8.4.2->-r requirements-dev.txt (line 2)) (2.21.0)
[Session 17 - DevSecOps Pipeline/2. Unit Test]   | Requirement already satisfied: coverage>=7.5 in /opt/hostedtoolcache/Python/3.12.15/x64/lib/python3.12/site-packages (from coverage[toml]>=7.5->pytest-cov==6.0.0->-r requirements-dev.txt (line 3)) (7.16.2)
[Session 17 - DevSecOps Pipeline/2. Unit Test]   | WARNING: Running pip as the 'root' user can result in broken permissions and conflicting behaviour with the system package manager, possibly rendering your system unusable. It is recommended to use a virtual environment instead: https://pip.pypa.io/warnings/venv. Use the --root-user-action option if you know what you are doing and want to suppress this warning.
[Session 17 - DevSecOps Pipeline/2. Unit Test]   ✅  Success - Main Install dependencies [867.646151ms]
[Session 17 - DevSecOps Pipeline/2. Unit Test] ⭐ Run Main Run pytest with coverage
[Session 17 - DevSecOps Pipeline/2. Unit Test]   🐳  docker exec cmd=[bash --noprofile --norc -e -o pipefail /var/run/act/workflow/3.sh] user= workdir=session-17-devsecops
[Session 17 - DevSecOps Pipeline/2. Unit Test]   | ============================= test session starts ==============================
[Session 17 - DevSecOps Pipeline/2. Unit Test]   | platform linux -- Python 3.12.15, pytest-8.4.2, pluggy-1.6.0 -- /opt/hostedtoolcache/Python/3.12.15/x64/bin/python
[Session 17 - DevSecOps Pipeline/2. Unit Test]   | cachedir: .pytest_cache
[Session 17 - DevSecOps Pipeline/2. Unit Test]   | rootdir: /home/vansh/act-stage/session-17-devsecops/devops-homework/session-17-devsecops
[Session 17 - DevSecOps Pipeline/2. Unit Test]   | configfile: pytest.ini
[Session 17 - DevSecOps Pipeline/2. Unit Test]   | testpaths: tests
[Session 17 - DevSecOps Pipeline/2. Unit Test]   | plugins: anyio-4.15.1, cov-6.0.0, platformdirs-4.12.3
[Session 17 - DevSecOps Pipeline/2. Unit Test]   | collecting ... collected 11 items
[Session 17 - DevSecOps Pipeline/2. Unit Test]   | 
[Session 17 - DevSecOps Pipeline/2. Unit Test]   | tests/test_app.py::test_health PASSED                                    [  9%]
[Session 17 - DevSecOps Pipeline/2. Unit Test]   | tests/test_app.py::test_security_headers_present PASSED                  [ 18%]
[Session 17 - DevSecOps Pipeline/2. Unit Test]   | tests/test_app.py::test_status_reports_git_sha PASSED                    [ 27%]
[Session 17 - DevSecOps Pipeline/2. Unit Test]   | tests/test_app.py::test_create_and_get_note PASSED                       [ 36%]
[Session 17 - DevSecOps Pipeline/2. Unit Test]   | tests/test_app.py::test_missing_note_returns_404 PASSED                  [ 45%]
[Session 17 - DevSecOps Pipeline/2. Unit Test]   | tests/test_app.py::test_input_validation[None] PASSED                    [ 54%]
[Session 17 - DevSecOps Pipeline/2. Unit Test]   | tests/test_app.py::test_input_validation[payload1] PASSED                [ 63%]
[Session 17 - DevSecOps Pipeline/2. Unit Test]   | tests/test_app.py::test_input_validation[payload2] PASSED                [ 72%]
[Session 17 - DevSecOps Pipeline/2. Unit Test]   | tests/test_app.py::test_input_validation[payload3] PASSED                [ 81%]
[Session 17 - DevSecOps Pipeline/2. Unit Test]   | tests/test_app.py::test_input_validation[payload4] PASSED                [ 90%]
[Session 17 - DevSecOps Pipeline/2. Unit Test]   | tests/test_app.py::test_secret_key_comes_from_environment PASSED         [100%]
[Session 17 - DevSecOps Pipeline/2. Unit Test]   | 
[Session 17 - DevSecOps Pipeline/2. Unit Test]   | ---------- coverage: platform linux, python 3.12.15-final-0 ----------
[Session 17 - DevSecOps Pipeline/2. Unit Test]   | Name              Stmts   Miss  Cover   Missing
[Session 17 - DevSecOps Pipeline/2. Unit Test]   | -----------------------------------------------
[Session 17 - DevSecOps Pipeline/2. Unit Test]   | app/__init__.py       0      0   100%
[Session 17 - DevSecOps Pipeline/2. Unit Test]   | app/main.py          52      0   100%
[Session 17 - DevSecOps Pipeline/2. Unit Test]   | -----------------------------------------------
[Session 17 - DevSecOps Pipeline/2. Unit Test]   | TOTAL                52      0   100%
[Session 17 - DevSecOps Pipeline/2. Unit Test]   | Coverage XML written to file reports/coverage.xml
[Session 17 - DevSecOps Pipeline/2. Unit Test]   | 
[Session 17 - DevSecOps Pipeline/2. Unit Test]   | Required test coverage of 90% reached. Total coverage: 100.00%
[Session 17 - DevSecOps Pipeline/2. Unit Test]   | 
[Session 17 - DevSecOps Pipeline/2. Unit Test]   | ============================== 11 passed in 0.29s ==============================
[Session 17 - DevSecOps Pipeline/2. Unit Test]   ✅  Success - Main Run pytest with coverage [802.927301ms]
[Session 17 - DevSecOps Pipeline/2. Unit Test] ⭐ Run Main actions/upload-artifact@v4
[Session 17 - DevSecOps Pipeline/2. Unit Test]   🐳  docker cp src=/home/vansh/.cache/act/actions-upload-artifact@v4/ dst=/var/run/act/actions/actions-upload-artifact@v4/
[Session 17 - DevSecOps Pipeline/2. Unit Test]   🐳  docker exec cmd=[/opt/acttoolcache/node/24.19.0/x64/bin/node /var/run/act/actions/actions-upload-artifact@v4/dist/upload/index.js] user= workdir=
[Session 17 - DevSecOps Pipeline/2. Unit Test]   | (node:76) [DEP0040] DeprecationWarning: The `punycode` module is deprecated. Please use a userland alternative instead.
[Session 17 - DevSecOps Pipeline/2. Unit Test]   | (Use `node --trace-deprecation ...` to show where the warning was created)
[Session 17 - DevSecOps Pipeline/2. Unit Test]   | With the provided path, there will be 1 file uploaded
[Session 17 - DevSecOps Pipeline/2. Unit Test]   | Artifact name is valid!
[Session 17 - DevSecOps Pipeline/2. Unit Test]   | Root directory input is valid!
[Session 17 - DevSecOps Pipeline/2. Unit Test]   | Beginning upload of artifact content to blob storage
[Session 17 - DevSecOps Pipeline/2. Unit Test]   | (node:76) [DEP0169] DeprecationWarning: `url.parse()` behavior is not standardized and prone to errors that have security implications. Use the WHATWG URL API instead. CVEs are not issued for `url.parse()` vulnerabilities.
[Session 17 - DevSecOps Pipeline/2. Unit Test]   | Uploaded bytes 706
[Session 17 - DevSecOps Pipeline/2. Unit Test]   | Finished uploading artifact content to blob storage!
[Session 17 - DevSecOps Pipeline/2. Unit Test]   | SHA256 digest of uploaded artifact zip is 5566b4255609d37860be659b54fcd047cd5116e7b27f6039b86c4fbfec5bf664
[Session 17 - DevSecOps Pipeline/2. Unit Test]   | Finalizing artifact upload
[Session 17 - DevSecOps Pipeline/2. Unit Test]   | Artifact test-reports.zip successfully finalized. Artifact ID 3622199011
[Session 17 - DevSecOps Pipeline/2. Unit Test]   | Artifact test-reports has been successfully uploaded! Final size is 706 bytes. Artifact ID is 3622199011
[Session 17 - DevSecOps Pipeline/2. Unit Test]   | Artifact download URL: https://github.com/v4xsh/devops-homework/actions/runs/1/artifacts/3622199011
[Session 17 - DevSecOps Pipeline/2. Unit Test]   ✅  Success - Main actions/upload-artifact@v4 [559.394177ms]
[Session 17 - DevSecOps Pipeline/2. Unit Test]   ⚙  ::set-output:: artifact-url=https://github.com/v4xsh/devops-homework/actions/runs/1/artifacts/3622199011
[Session 17 - DevSecOps Pipeline/2. Unit Test]   ⚙  ::set-output:: artifact-id=3622199011
[Session 17 - DevSecOps Pipeline/2. Unit Test]   ⚙  ::set-output:: artifact-digest=5566b4255609d37860be659b54fcd047cd5116e7b27f6039b86c4fbfec5bf664
[Session 17 - DevSecOps Pipeline/2. Unit Test] ⭐ Run Post actions/setup-python@v5
[Session 17 - DevSecOps Pipeline/2. Unit Test]   🐳  docker exec cmd=[/opt/acttoolcache/node/24.19.0/x64/bin/node /var/run/act/actions/actions-setup-python@v5/dist/cache-save/index.js] user= workdir=
[Session 17 - DevSecOps Pipeline/2. Unit Test]   | (node:93) [DEP0040] DeprecationWarning: The `punycode` module is deprecated. Please use a userland alternative instead.
[Session 17 - DevSecOps Pipeline/2. Unit Test]   | (Use `node --trace-deprecation ...` to show where the warning was created)
[Session 17 - DevSecOps Pipeline/2. Unit Test]   ✅  Success - Post actions/setup-python@v5 [158.888233ms]
[Session 17 - DevSecOps Pipeline/2. Unit Test] ⭐ Run Complete job
[Session 17 - DevSecOps Pipeline/2. Unit Test] Cleaning up container for job 2. Unit Test
[Session 17 - DevSecOps Pipeline/2. Unit Test]   ✅  Success - Complete job
[Session 17 - DevSecOps Pipeline/2. Unit Test] 🏁  Job succeeded
[Session 17 - DevSecOps Pipeline/3. SAST (Bandit + Semgrep)] ⭐ Run Set up job
[Session 17 - DevSecOps Pipeline/3. SAST (Bandit + Semgrep)] 🚀  Start image=catthehacker/ubuntu:act-latest
[Session 17 - DevSecOps Pipeline/3. SAST (Bandit + Semgrep)]   🐳  docker pull image=catthehacker/ubuntu:act-latest platform=linux/amd64 username= forcePull=false
[Session 17 - DevSecOps Pipeline/3. SAST (Bandit + Semgrep)]   🐳  docker create image=catthehacker/ubuntu:act-latest platform=linux/amd64 entrypoint=["tail" "-f" "/dev/null"] cmd=[] network="minikube"
[Session 17 - DevSecOps Pipeline/3. SAST (Bandit + Semgrep)]   🐳  docker run image=catthehacker/ubuntu:act-latest platform=linux/amd64 entrypoint=["tail" "-f" "/dev/null"] cmd=[] network="minikube"
[Session 17 - DevSecOps Pipeline/3. SAST (Bandit + Semgrep)]   🐳  docker exec cmd=[node --no-warnings -e console.log(process.execPath)] user= workdir=
[Session 17 - DevSecOps Pipeline/3. SAST (Bandit + Semgrep)]   ✅  Success - Set up job
[Session 17 - DevSecOps Pipeline/3. SAST (Bandit + Semgrep)]   ☁  git clone 'https://github.com/actions/setup-python' # ref=v5
[Session 17 - DevSecOps Pipeline/3. SAST (Bandit + Semgrep)]   ☁  git clone 'https://github.com/actions/upload-artifact' # ref=v4
[Session 17 - DevSecOps Pipeline/3. SAST (Bandit + Semgrep)] ⭐ Run Main actions/checkout@v4
[Session 17 - DevSecOps Pipeline/3. SAST (Bandit + Semgrep)]   🐳  docker cp src=/home/vansh/act-stage/session-17-devsecops/devops-homework/. dst=/home/vansh/act-stage/session-17-devsecops/devops-homework
[Session 17 - DevSecOps Pipeline/3. SAST (Bandit + Semgrep)]   ✅  Success - Main actions/checkout@v4 [61.013742ms]
[Session 17 - DevSecOps Pipeline/3. SAST (Bandit + Semgrep)] ⭐ Run Main actions/setup-python@v5
[Session 17 - DevSecOps Pipeline/3. SAST (Bandit + Semgrep)]   🐳  docker cp src=/home/vansh/.cache/act/actions-setup-python@v5/ dst=/var/run/act/actions/actions-setup-python@v5/
[Session 17 - DevSecOps Pipeline/3. SAST (Bandit + Semgrep)]   🐳  docker exec cmd=[/opt/acttoolcache/node/24.19.0/x64/bin/node /var/run/act/actions/actions-setup-python@v5/dist/setup/index.js] user= workdir=
[Session 17 - DevSecOps Pipeline/3. SAST (Bandit + Semgrep)]   ❓  ::group::Installed versions
[Session 17 - DevSecOps Pipeline/3. SAST (Bandit + Semgrep)]   | (node:31) [DEP0040] DeprecationWarning: The `punycode` module is deprecated. Please use a userland alternative instead.
[Session 17 - DevSecOps Pipeline/3. SAST (Bandit + Semgrep)]   | (Use `node --trace-deprecation ...` to show where the warning was created)
[Session 17 - DevSecOps Pipeline/3. SAST (Bandit + Semgrep)]   | Successfully set up CPython (3.12.15)
[Session 17 - DevSecOps Pipeline/3. SAST (Bandit + Semgrep)]   ❓  ::endgroup::
[Session 17 - DevSecOps Pipeline/3. SAST (Bandit + Semgrep)]   ❓ add-matcher /run/act/actions/actions-setup-python@v5/.github/python.json
[Session 17 - DevSecOps Pipeline/3. SAST (Bandit + Semgrep)]   ✅  Success - Main actions/setup-python@v5 [594.245014ms]
[Session 17 - DevSecOps Pipeline/3. SAST (Bandit + Semgrep)]   ⚙  ::set-env:: Python2_ROOT_DIR=/opt/hostedtoolcache/Python/3.12.15/x64
[Session 17 - DevSecOps Pipeline/3. SAST (Bandit + Semgrep)]   ⚙  ::set-env:: Python3_ROOT_DIR=/opt/hostedtoolcache/Python/3.12.15/x64
[Session 17 - DevSecOps Pipeline/3. SAST (Bandit + Semgrep)]   ⚙  ::set-env:: LD_LIBRARY_PATH=/opt/hostedtoolcache/Python/3.12.15/x64/lib
[Session 17 - DevSecOps Pipeline/3. SAST (Bandit + Semgrep)]   ⚙  ::set-env:: pythonLocation=/opt/hostedtoolcache/Python/3.12.15/x64
[Session 17 - DevSecOps Pipeline/3. SAST (Bandit + Semgrep)]   ⚙  ::set-env:: PKG_CONFIG_PATH=/opt/hostedtoolcache/Python/3.12.15/x64/lib/pkgconfig
[Session 17 - DevSecOps Pipeline/3. SAST (Bandit + Semgrep)]   ⚙  ::set-env:: Python_ROOT_DIR=/opt/hostedtoolcache/Python/3.12.15/x64
[Session 17 - DevSecOps Pipeline/3. SAST (Bandit + Semgrep)]   ⚙  ::set-output:: python-version=3.12.15
[Session 17 - DevSecOps Pipeline/3. SAST (Bandit + Semgrep)]   ⚙  ::set-output:: python-path=/opt/hostedtoolcache/Python/3.12.15/x64/bin/python
[Session 17 - DevSecOps Pipeline/3. SAST (Bandit + Semgrep)]   ⚙  ::add-path:: /opt/hostedtoolcache/Python/3.12.15/x64
[Session 17 - DevSecOps Pipeline/3. SAST (Bandit + Semgrep)]   ⚙  ::add-path:: /opt/hostedtoolcache/Python/3.12.15/x64/bin
[Session 17 - DevSecOps Pipeline/3. SAST (Bandit + Semgrep)] ⭐ Run Main Install SAST tools
[Session 17 - DevSecOps Pipeline/3. SAST (Bandit + Semgrep)]   🐳  docker exec cmd=[bash --noprofile --norc -e -o pipefail /var/run/act/workflow/2.sh] user= workdir=session-17-devsecops
[Session 17 - DevSecOps Pipeline/3. SAST (Bandit + Semgrep)]   | Requirement already satisfied: bandit==1.9.4 in /opt/hostedtoolcache/Python/3.12.15/x64/lib/python3.12/site-packages (1.9.4)
[Session 17 - DevSecOps Pipeline/3. SAST (Bandit + Semgrep)]   | Requirement already satisfied: semgrep==1.179.0 in /opt/hostedtoolcache/Python/3.12.15/x64/lib/python3.12/site-packages (1.179.0)
[Session 17 - DevSecOps Pipeline/3. SAST (Bandit + Semgrep)]   | Requirement already satisfied: PyYAML>=5.3.1 in /opt/hostedtoolcache/Python/3.12.15/x64/lib/python3.12/site-packages (from bandit==1.9.4) (6.0.3)
[Session 17 - DevSecOps Pipeline/3. SAST (Bandit + Semgrep)]   | Requirement already satisfied: stevedore>=1.20.0 in /opt/hostedtoolcache/Python/3.12.15/x64/lib/python3.12/site-packages (from bandit==1.9.4) (5.9.1)
[Session 17 - DevSecOps Pipeline/3. SAST (Bandit + Semgrep)]   | Requirement already satisfied: rich in /opt/hostedtoolcache/Python/3.12.15/x64/lib/python3.12/site-packages (from bandit==1.9.4) (15.0.0)
[Session 17 - DevSecOps Pipeline/3. SAST (Bandit + Semgrep)]   | Requirement already satisfied: attrs>=21.3 in /opt/hostedtoolcache/Python/3.12.15/x64/lib/python3.12/site-packages (from semgrep==1.179.0) (26.1.0)
[Session 17 - DevSecOps Pipeline/3. SAST (Bandit + Semgrep)]   | Requirement already satisfied: boltons~=21.0 in /opt/hostedtoolcache/Python/3.12.15/x64/lib/python3.12/site-packages (from semgrep==1.179.0) (21.0.0)
[Session 17 - DevSecOps Pipeline/3. SAST (Bandit + Semgrep)]   | Requirement already satisfied: click-option-group~=0.5 in /opt/hostedtoolcache/Python/3.12.15/x64/lib/python3.12/site-packages (from semgrep==1.179.0) (0.5.9)
[Session 17 - DevSecOps Pipeline/3. SAST (Bandit + Semgrep)]   | Requirement already satisfied: click~=8.4.2 in /opt/hostedtoolcache/Python/3.12.15/x64/lib/python3.12/site-packages (from semgrep==1.179.0) (8.4.2)
[Session 17 - DevSecOps Pipeline/3. SAST (Bandit + Semgrep)]   | Requirement already satisfied: colorama~=0.4.0 in /opt/hostedtoolcache/Python/3.12.15/x64/lib/python3.12/site-packages (from semgrep==1.179.0) (0.4.6)
[Session 17 - DevSecOps Pipeline/3. SAST (Bandit + Semgrep)]   | Requirement already satisfied: exceptiongroup~=1.2.0 in /opt/hostedtoolcache/Python/3.12.15/x64/lib/python3.12/site-packages (from semgrep==1.179.0) (1.2.2)
[Session 17 - DevSecOps Pipeline/3. SAST (Bandit + Semgrep)]   | Requirement already satisfied: glom>=23.3 in /opt/hostedtoolcache/Python/3.12.15/x64/lib/python3.12/site-packages (from semgrep==1.179.0) (25.12.0)
[Session 17 - DevSecOps Pipeline/3. SAST (Bandit + Semgrep)]   | Requirement already satisfied: jsonschema~=4.25.1 in /opt/hostedtoolcache/Python/3.12.15/x64/lib/python3.12/site-packages (from semgrep==1.179.0) (4.25.1)
[Session 17 - DevSecOps Pipeline/3. SAST (Bandit + Semgrep)]   | Requirement already satisfied: mcp==1.29.0 in /opt/hostedtoolcache/Python/3.12.15/x64/lib/python3.12/site-packages (from semgrep==1.179.0) (1.29.0)
[Session 17 - DevSecOps Pipeline/3. SAST (Bandit + Semgrep)]   | Requirement already satisfied: opentelemetry-api~=1.37.0 in /opt/hostedtoolcache/Python/3.12.15/x64/lib/python3.12/site-packages (from semgrep==1.179.0) (1.37.0)
[Session 17 - DevSecOps Pipeline/3. SAST (Bandit + Semgrep)]   | Requirement already satisfied: opentelemetry-sdk~=1.37.0 in /opt/hostedtoolcache/Python/3.12.15/x64/lib/python3.12/site-packages (from semgrep==1.179.0) (1.37.0)
[Session 17 - DevSecOps Pipeline/3. SAST (Bandit + Semgrep)]   | Requirement already satisfied: opentelemetry-exporter-otlp-proto-http~=1.37.0 in /opt/hostedtoolcache/Python/3.12.15/x64/lib/python3.12/site-packages (from semgrep==1.179.0) (1.37.0)
[Session 17 - DevSecOps Pipeline/3. SAST (Bandit + Semgrep)]   | Requirement already satisfied: opentelemetry-instrumentation-requests~=0.58b0 in /opt/hostedtoolcache/Python/3.12.15/x64/lib/python3.12/site-packages (from semgrep==1.179.0) (0.58b0)
[Session 17 - DevSecOps Pipeline/3. SAST (Bandit + Semgrep)]   | Requirement already satisfied: opentelemetry-instrumentation-threading~=0.58b0 in /opt/hostedtoolcache/Python/3.12.15/x64/lib/python3.12/site-packages (from semgrep==1.179.0) (0.58b0)
[Session 17 - DevSecOps Pipeline/3. SAST (Bandit + Semgrep)]   | Requirement already satisfied: packaging>=21.0 in /opt/hostedtoolcache/Python/3.12.15/x64/lib/python3.12/site-packages (from semgrep==1.179.0) (26.3)
[Session 17 - DevSecOps Pipeline/3. SAST (Bandit + Semgrep)]   | Requirement already satisfied: peewee~=3.14 in /opt/hostedtoolcache/Python/3.12.15/x64/lib/python3.12/site-packages (from semgrep==1.179.0) (3.19.0)
[Session 17 - DevSecOps Pipeline/3. SAST (Bandit + Semgrep)]   | Requirement already satisfied: pyjwt<3,>=2.15.0 in /opt/hostedtoolcache/Python/3.12.15/x64/lib/python3.12/site-packages (from pyjwt[crypto]<3,>=2.15.0->semgrep==1.179.0) (2.15.1)
[Session 17 - DevSecOps Pipeline/3. SAST (Bandit + Semgrep)]   | Requirement already satisfied: requests~=2.22 in /opt/hostedtoolcache/Python/3.12.15/x64/lib/python3.12/site-packages (from semgrep==1.179.0) (2.34.2)
[Session 17 - DevSecOps Pipeline/3. SAST (Bandit + Semgrep)]   | Requirement already satisfied: ruamel.yaml>=0.18.15 in /opt/hostedtoolcache/Python/3.12.15/x64/lib/python3.12/site-packages (from semgrep==1.179.0) (0.19.1)
[Session 17 - DevSecOps Pipeline/3. SAST (Bandit + Semgrep)]   | Requirement already satisfied: ruamel.yaml.clib==0.2.15 in /opt/hostedtoolcache/Python/3.12.15/x64/lib/python3.12/site-packages (from semgrep==1.179.0) (0.2.15)
[Session 17 - DevSecOps Pipeline/3. SAST (Bandit + Semgrep)]   | Requirement already satisfied: semantic-version~=2.10.0 in /opt/hostedtoolcache/Python/3.12.15/x64/lib/python3.12/site-packages (from semgrep==1.179.0) (2.10.0)
[Session 17 - DevSecOps Pipeline/3. SAST (Bandit + Semgrep)]   | Requirement already satisfied: tomli~=2.4.0 in /opt/hostedtoolcache/Python/3.12.15/x64/lib/python3.12/site-packages (from semgrep==1.179.0) (2.4.1)
[Session 17 - DevSecOps Pipeline/3. SAST (Bandit + Semgrep)]   | Requirement already satisfied: typing-extensions~=4.2 in /opt/hostedtoolcache/Python/3.12.15/x64/lib/python3.12/site-packages (from semgrep==1.179.0) (4.16.0)
[Session 17 - DevSecOps Pipeline/3. SAST (Bandit + Semgrep)]   | Requirement already satisfied: urllib3~=2.0 in /opt/hostedtoolcache/Python/3.12.15/x64/lib/python3.12/site-packages (from semgrep==1.179.0) (2.8.0)
[Session 17 - DevSecOps Pipeline/3. SAST (Bandit + Semgrep)]   | Requirement already satisfied: wcmatch~=8.3 in /opt/hostedtoolcache/Python/3.12.15/x64/lib/python3.12/site-packages (from semgrep==1.179.0) (8.5.2)
[Session 17 - DevSecOps Pipeline/3. SAST (Bandit + Semgrep)]   | Requirement already satisfied: anyio>=4.5 in /opt/hostedtoolcache/Python/3.12.15/x64/lib/python3.12/site-packages (from mcp==1.29.0->semgrep==1.179.0) (4.15.1)
[Session 17 - DevSecOps Pipeline/3. SAST (Bandit + Semgrep)]   | Requirement already satisfied: httpx-sse>=0.4 in /opt/hostedtoolcache/Python/3.12.15/x64/lib/python3.12/site-packages (from mcp==1.29.0->semgrep==1.179.0) (0.4.3)
[Session 17 - DevSecOps Pipeline/3. SAST (Bandit + Semgrep)]   | Requirement already satisfied: httpx<1.0.0,>=0.27.1 in /opt/hostedtoolcache/Python/3.12.15/x64/lib/python3.12/site-packages (from mcp==1.29.0->semgrep==1.179.0) (0.28.1)
[Session 17 - DevSecOps Pipeline/3. SAST (Bandit + Semgrep)]   | Requirement already satisfied: pydantic-settings>=2.5.2 in /opt/hostedtoolcache/Python/3.12.15/x64/lib/python3.12/site-packages (from mcp==1.29.0->semgrep==1.179.0) (2.15.0)
[Session 17 - DevSecOps Pipeline/3. SAST (Bandit + Semgrep)]   | Requirement already satisfied: pydantic<3.0.0,>=2.11.0 in /opt/hostedtoolcache/Python/3.12.15/x64/lib/python3.12/site-packages (from mcp==1.29.0->semgrep==1.179.0) (2.13.5)
[Session 17 - DevSecOps Pipeline/3. SAST (Bandit + Semgrep)]   | Requirement already satisfied: python-multipart>=0.0.9 in /opt/hostedtoolcache/Python/3.12.15/x64/lib/python3.12/site-packages (from mcp==1.29.0->semgrep==1.179.0) (0.0.32)
[Session 17 - DevSecOps Pipeline/3. SAST (Bandit + Semgrep)]   | Requirement already satisfied: sse-starlette>=1.6.1 in /opt/hostedtoolcache/Python/3.12.15/x64/lib/python3.12/site-packages (from mcp==1.29.0->semgrep==1.179.0) (3.5.0)
[Session 17 - DevSecOps Pipeline/3. SAST (Bandit + Semgrep)]   | Requirement already satisfied: starlette>=0.27 in /opt/hostedtoolcache/Python/3.12.15/x64/lib/python3.12/site-packages (from mcp==1.29.0->semgrep==1.179.0) (1.7.0)
[Session 17 - DevSecOps Pipeline/3. SAST (Bandit + Semgrep)]   | Requirement already satisfied: typing-inspection>=0.4.1 in /opt/hostedtoolcache/Python/3.12.15/x64/lib/python3.12/site-packages (from mcp==1.29.0->semgrep==1.179.0) (0.4.4)
[Session 17 - DevSecOps Pipeline/3. SAST (Bandit + Semgrep)]   | Requirement already satisfied: uvicorn>=0.31.1 in /opt/hostedtoolcache/Python/3.12.15/x64/lib/python3.12/site-packages (from mcp==1.29.0->semgrep==1.179.0) (0.54.0)
[Session 17 - DevSecOps Pipeline/3. SAST (Bandit + Semgrep)]   | Requirement already satisfied: certifi in /opt/hostedtoolcache/Python/3.12.15/x64/lib/python3.12/site-packages (from httpx<1.0.0,>=0.27.1->mcp==1.29.0->semgrep==1.179.0) (2026.7.22)
[Session 17 - DevSecOps Pipeline/3. SAST (Bandit + Semgrep)]   | Requirement already satisfied: httpcore==1.* in /opt/hostedtoolcache/Python/3.12.15/x64/lib/python3.12/site-packages (from httpx<1.0.0,>=0.27.1->mcp==1.29.0->semgrep==1.179.0) (1.0.9)
[Session 17 - DevSecOps Pipeline/3. SAST (Bandit + Semgrep)]   | Requirement already satisfied: idna in /opt/hostedtoolcache/Python/3.12.15/x64/lib/python3.12/site-packages (from httpx<1.0.0,>=0.27.1->mcp==1.29.0->semgrep==1.179.0) (3.20)
[Session 17 - DevSecOps Pipeline/3. SAST (Bandit + Semgrep)]   | Requirement already satisfied: h11>=0.16 in /opt/hostedtoolcache/Python/3.12.15/x64/lib/python3.12/site-packages (from httpcore==1.*->httpx<1.0.0,>=0.27.1->mcp==1.29.0->semgrep==1.179.0) (0.16.0)
[Session 17 - DevSecOps Pipeline/3. SAST (Bandit + Semgrep)]   | Requirement already satisfied: jsonschema-specifications>=2023.03.6 in /opt/hostedtoolcache/Python/3.12.15/x64/lib/python3.12/site-packages (from jsonschema~=4.25.1->semgrep==1.179.0) (2025.9.1)
[Session 17 - DevSecOps Pipeline/3. SAST (Bandit + Semgrep)]   | Requirement already satisfied: referencing>=0.28.4 in /opt/hostedtoolcache/Python/3.12.15/x64/lib/python3.12/site-packages (from jsonschema~=4.25.1->semgrep==1.179.0) (0.37.0)
[Session 17 - DevSecOps Pipeline/3. SAST (Bandit + Semgrep)]   | Requirement already satisfied: rpds-py>=0.7.1 in /opt/hostedtoolcache/Python/3.12.15/x64/lib/python3.12/site-packages (from jsonschema~=4.25.1->semgrep==1.179.0) (2026.9.1)
[Session 17 - DevSecOps Pipeline/3. SAST (Bandit + Semgrep)]   | Requirement already satisfied: importlib-metadata<8.8.0,>=6.0 in /opt/hostedtoolcache/Python/3.12.15/x64/lib/python3.12/site-packages (from opentelemetry-api~=1.37.0->semgrep==1.179.0) (8.7.1)
[Session 17 - DevSecOps Pipeline/3. SAST (Bandit + Semgrep)]   | Requirement already satisfied: zipp>=3.20 in /opt/hostedtoolcache/Python/3.12.15/x64/lib/python3.12/site-packages (from importlib-metadata<8.8.0,>=6.0->opentelemetry-api~=1.37.0->semgrep==1.179.0) (4.1.1)
[Session 17 - DevSecOps Pipeline/3. SAST (Bandit + Semgrep)]   | Requirement already satisfied: googleapis-common-protos~=1.52 in /opt/hostedtoolcache/Python/3.12.15/x64/lib/python3.12/site-packages (from opentelemetry-exporter-otlp-proto-http~=1.37.0->semgrep==1.179.0) (1.75.5)
[Session 17 - DevSecOps Pipeline/3. SAST (Bandit + Semgrep)]   | Requirement already satisfied: opentelemetry-exporter-otlp-proto-common==1.37.0 in /opt/hostedtoolcache/Python/3.12.15/x64/lib/python3.12/site-packages (from opentelemetry-exporter-otlp-proto-http~=1.37.0->semgrep==1.179.0) (1.37.0)
[Session 17 - DevSecOps Pipeline/3. SAST (Bandit + Semgrep)]   | Requirement already satisfied: opentelemetry-proto==1.37.0 in /opt/hostedtoolcache/Python/3.12.15/x64/lib/python3.12/site-packages (from opentelemetry-exporter-otlp-proto-http~=1.37.0->semgrep==1.179.0) (1.37.0)
[Session 17 - DevSecOps Pipeline/3. SAST (Bandit + Semgrep)]   | Requirement already satisfied: protobuf<7.0,>=5.0 in /opt/hostedtoolcache/Python/3.12.15/x64/lib/python3.12/site-packages (from opentelemetry-proto==1.37.0->opentelemetry-exporter-otlp-proto-http~=1.37.0->semgrep==1.179.0) (6.33.6)
[Session 17 - DevSecOps Pipeline/3. SAST (Bandit + Semgrep)]   | Requirement already satisfied: opentelemetry-instrumentation==0.58b0 in /opt/hostedtoolcache/Python/3.12.15/x64/lib/python3.12/site-packages (from opentelemetry-instrumentation-requests~=0.58b0->semgrep==1.179.0) (0.58b0)
[Session 17 - DevSecOps Pipeline/3. SAST (Bandit + Semgrep)]   | Requirement already satisfied: opentelemetry-semantic-conventions==0.58b0 in /opt/hostedtoolcache/Python/3.12.15/x64/lib/python3.12/site-packages (from opentelemetry-instrumentation-requests~=0.58b0->semgrep==1.179.0) (0.58b0)
[Session 17 - DevSecOps Pipeline/3. SAST (Bandit + Semgrep)]   | Requirement already satisfied: opentelemetry-util-http==0.58b0 in /opt/hostedtoolcache/Python/3.12.15/x64/lib/python3.12/site-packages (from opentelemetry-instrumentation-requests~=0.58b0->semgrep==1.179.0) (0.58b0)
[Session 17 - DevSecOps Pipeline/3. SAST (Bandit + Semgrep)]   | Requirement already satisfied: wrapt<2.0.0,>=1.0.0 in /opt/hostedtoolcache/Python/3.12.15/x64/lib/python3.12/site-packages (from opentelemetry-instrumentation==0.58b0->opentelemetry-instrumentation-requests~=0.58b0->semgrep==1.179.0) (1.17.3)
[Session 17 - DevSecOps Pipeline/3. SAST (Bandit + Semgrep)]   | Requirement already satisfied: annotated-types>=0.6.0 in /opt/hostedtoolcache/Python/3.12.15/x64/lib/python3.12/site-packages (from pydantic<3.0.0,>=2.11.0->mcp==1.29.0->semgrep==1.179.0) (0.8.0)
[Session 17 - DevSecOps Pipeline/3. SAST (Bandit + Semgrep)]   | Requirement already satisfied: pydantic-core==2.46.5 in /opt/hostedtoolcache/Python/3.12.15/x64/lib/python3.12/site-packages (from pydantic<3.0.0,>=2.11.0->mcp==1.29.0->semgrep==1.179.0) (2.46.5)
[Session 17 - DevSecOps Pipeline/3. SAST (Bandit + Semgrep)]   | Requirement already satisfied: cryptography>=3.4.0 in /opt/hostedtoolcache/Python/3.12.15/x64/lib/python3.12/site-packages (from pyjwt[crypto]<3,>=2.15.0->semgrep==1.179.0) (50.0.2)
[Session 17 - DevSecOps Pipeline/3. SAST (Bandit + Semgrep)]   | Requirement already satisfied: charset_normalizer<4,>=2 in /opt/hostedtoolcache/Python/3.12.15/x64/lib/python3.12/site-packages (from requests~=2.22->semgrep==1.179.0) (3.5.2)
[Session 17 - DevSecOps Pipeline/3. SAST (Bandit + Semgrep)]   | Requirement already satisfied: bracex>=2.1.1 in /opt/hostedtoolcache/Python/3.12.15/x64/lib/python3.12/site-packages (from wcmatch~=8.3->semgrep==1.179.0) (3.0.1)
[Session 17 - DevSecOps Pipeline/3. SAST (Bandit + Semgrep)]   | Requirement already satisfied: cffi>=2.0.0 in /opt/hostedtoolcache/Python/3.12.15/x64/lib/python3.12/site-packages (from cryptography>=3.4.0->pyjwt[crypto]<3,>=2.15.0->semgrep==1.179.0) (2.1.1)
[Session 17 - DevSecOps Pipeline/3. SAST (Bandit + Semgrep)]   | Requirement already satisfied: pycparser in /opt/hostedtoolcache/Python/3.12.15/x64/lib/python3.12/site-packages (from cffi>=2.0.0->cryptography>=3.4.0->pyjwt[crypto]<3,>=2.15.0->semgrep==1.179.0) (3.0)
[Session 17 - DevSecOps Pipeline/3. SAST (Bandit + Semgrep)]   | Requirement already satisfied: face>=20.1.1 in /opt/hostedtoolcache/Python/3.12.15/x64/lib/python3.12/site-packages (from glom>=23.3->semgrep==1.179.0) (26.0.1)
[Session 17 - DevSecOps Pipeline/3. SAST (Bandit + Semgrep)]   | Requirement already satisfied: python-dotenv>=0.21.0 in /opt/hostedtoolcache/Python/3.12.15/x64/lib/python3.12/site-packages (from pydantic-settings>=2.5.2->mcp==1.29.0->semgrep==1.179.0) (1.2.4)
[Session 17 - DevSecOps Pipeline/3. SAST (Bandit + Semgrep)]   | Requirement already satisfied: markdown-it-py>=2.2.0 in /opt/hostedtoolcache/Python/3.12.15/x64/lib/python3.12/site-packages (from rich->bandit==1.9.4) (4.2.0)
[Session 17 - DevSecOps Pipeline/3. SAST (Bandit + Semgrep)]   | Requirement already satisfied: pygments<3.0.0,>=2.13.0 in /opt/hostedtoolcache/Python/3.12.15/x64/lib/python3.12/site-packages (from rich->bandit==1.9.4) (2.21.0)
[Session 17 - DevSecOps Pipeline/3. SAST (Bandit + Semgrep)]   | Requirement already satisfied: mdurl~=0.1 in /opt/hostedtoolcache/Python/3.12.15/x64/lib/python3.12/site-packages (from markdown-it-py>=2.2.0->rich->bandit==1.9.4) (0.1.2)
[Session 17 - DevSecOps Pipeline/3. SAST (Bandit + Semgrep)]   | WARNING: Running pip as the 'root' user can result in broken permissions and conflicting behaviour with the system package manager, possibly rendering your system unusable. It is recommended to use a virtual environment instead: https://pip.pypa.io/warnings/venv. Use the --root-user-action option if you know what you are doing and want to suppress this warning.
[Session 17 - DevSecOps Pipeline/3. SAST (Bandit + Semgrep)]   ✅  Success - Main Install SAST tools [951.834877ms]
[Session 17 - DevSecOps Pipeline/3. SAST (Bandit + Semgrep)] ⭐ Run Main Bandit
[Session 17 - DevSecOps Pipeline/3. SAST (Bandit + Semgrep)]   🐳  docker exec cmd=[bash --noprofile --norc -e -o pipefail /var/run/act/workflow/3.sh] user= workdir=session-17-devsecops
[Session 17 - DevSecOps Pipeline/3. SAST (Bandit + Semgrep)]   | [main]	INFO	Using ini file for skipped tests
[Session 17 - DevSecOps Pipeline/3. SAST (Bandit + Semgrep)]   | [main]	INFO	Using command line arg for selected targets
[Session 17 - DevSecOps Pipeline/3. SAST (Bandit + Semgrep)]   | [main]	INFO	profile include tests: None
[Session 17 - DevSecOps Pipeline/3. SAST (Bandit + Semgrep)]   | [main]	INFO	profile exclude tests: None
[Session 17 - DevSecOps Pipeline/3. SAST (Bandit + Semgrep)]   | [main]	INFO	cli include tests: None
[Session 17 - DevSecOps Pipeline/3. SAST (Bandit + Semgrep)]   | [main]	INFO	cli exclude tests: B101
[Session 17 - DevSecOps Pipeline/3. SAST (Bandit + Semgrep)]   | [json]	INFO	JSON output written to file: reports/bandit.json
[Session 17 - DevSecOps Pipeline/3. SAST (Bandit + Semgrep)]   | [main]	INFO	Using ini file for skipped tests
[Session 17 - DevSecOps Pipeline/3. SAST (Bandit + Semgrep)]   | [main]	INFO	Using command line arg for selected targets
[Session 17 - DevSecOps Pipeline/3. SAST (Bandit + Semgrep)]   | [main]	INFO	profile include tests: None
[Session 17 - DevSecOps Pipeline/3. SAST (Bandit + Semgrep)]   | [main]	INFO	profile exclude tests: None
[Session 17 - DevSecOps Pipeline/3. SAST (Bandit + Semgrep)]   | [main]	INFO	cli include tests: None
[Session 17 - DevSecOps Pipeline/3. SAST (Bandit + Semgrep)]   | [main]	INFO	cli exclude tests: B101
[Session 17 - DevSecOps Pipeline/3. SAST (Bandit + Semgrep)]   | [main]	INFO	running on Python 3.12.15
[Session 17 - DevSecOps Pipeline/3. SAST (Bandit + Semgrep)]   | Run started:2026-10-07 18:11:43.738426+00:00
[Session 17 - DevSecOps Pipeline/3. SAST (Bandit + Semgrep)]   | 
[Session 17 - DevSecOps Pipeline/3. SAST (Bandit + Semgrep)]   | Test results:
[Session 17 - DevSecOps Pipeline/3. SAST (Bandit + Semgrep)]   | 	No issues identified.
[Session 17 - DevSecOps Pipeline/3. SAST (Bandit + Semgrep)]   | 
[Session 17 - DevSecOps Pipeline/3. SAST (Bandit + Semgrep)]   | Code scanned:
[Session 17 - DevSecOps Pipeline/3. SAST (Bandit + Semgrep)]   | 	Total lines of code: 71
[Session 17 - DevSecOps Pipeline/3. SAST (Bandit + Semgrep)]   | 	Total lines skipped (#nosec): 0
[Session 17 - DevSecOps Pipeline/3. SAST (Bandit + Semgrep)]   | 	Total potential issues skipped due to specifically being disabled (e.g., #nosec BXXX): 0
[Session 17 - DevSecOps Pipeline/3. SAST (Bandit + Semgrep)]   | 
[Session 17 - DevSecOps Pipeline/3. SAST (Bandit + Semgrep)]   | Run metrics:
[Session 17 - DevSecOps Pipeline/3. SAST (Bandit + Semgrep)]   | 	Total issues (by severity):
[Session 17 - DevSecOps Pipeline/3. SAST (Bandit + Semgrep)]   | 		Undefined: 0
[Session 17 - DevSecOps Pipeline/3. SAST (Bandit + Semgrep)]   | 		Low: 0
[Session 17 - DevSecOps Pipeline/3. SAST (Bandit + Semgrep)]   | 		Medium: 0
[Session 17 - DevSecOps Pipeline/3. SAST (Bandit + Semgrep)]   | 		High: 0
[Session 17 - DevSecOps Pipeline/3. SAST (Bandit + Semgrep)]   | 	Total issues (by confidence):
[Session 17 - DevSecOps Pipeline/3. SAST (Bandit + Semgrep)]   | 		Undefined: 0
[Session 17 - DevSecOps Pipeline/3. SAST (Bandit + Semgrep)]   | 		Low: 0
[Session 17 - DevSecOps Pipeline/3. SAST (Bandit + Semgrep)]   | 		Medium: 0
[Session 17 - DevSecOps Pipeline/3. SAST (Bandit + Semgrep)]   | 		High: 0
[Session 17 - DevSecOps Pipeline/3. SAST (Bandit + Semgrep)]   | Files skipped (0):
[Session 17 - DevSecOps Pipeline/3. SAST (Bandit + Semgrep)]   ✅  Success - Main Bandit [417.953775ms]
[Session 17 - DevSecOps Pipeline/3. SAST (Bandit + Semgrep)] ⭐ Run Main Semgrep (custom rules in .semgrep.yml)
[Session 17 - DevSecOps Pipeline/3. SAST (Bandit + Semgrep)]   🐳  docker exec cmd=[bash --noprofile --norc -e -o pipefail /var/run/act/workflow/4.sh] user= workdir=session-17-devsecops
[Session 17 - DevSecOps Pipeline/3. SAST (Bandit + Semgrep)]   |                
[Session 17 - DevSecOps Pipeline/3. SAST (Bandit + Semgrep)]   |                
[Session 17 - DevSecOps Pipeline/3. SAST (Bandit + Semgrep)]   | ┌─────────────┐
[Session 17 - DevSecOps Pipeline/3. SAST (Bandit + Semgrep)]   | │ Scan Status │
[Session 17 - DevSecOps Pipeline/3. SAST (Bandit + Semgrep)]   | └─────────────┘
[Session 17 - DevSecOps Pipeline/3. SAST (Bandit + Semgrep)]   |   Scanning 2 files tracked by git with 8 Code rules:
[Session 17 - DevSecOps Pipeline/3. SAST (Bandit + Semgrep)]   |   Scanning 2 files with 8 python rules.
[Session 17 - DevSecOps Pipeline/3. SAST (Bandit + Semgrep)]   |                 
[Session 17 - DevSecOps Pipeline/3. SAST (Bandit + Semgrep)]   |                 
[Session 17 - DevSecOps Pipeline/3. SAST (Bandit + Semgrep)]   | ┌──────────────┐
[Session 17 - DevSecOps Pipeline/3. SAST (Bandit + Semgrep)]   | │ Scan Summary │
[Session 17 - DevSecOps Pipeline/3. SAST (Bandit + Semgrep)]   | └──────────────┘
[Session 17 - DevSecOps Pipeline/3. SAST (Bandit + Semgrep)]   | ✅ Scan completed successfully.
[Session 17 - DevSecOps Pipeline/3. SAST (Bandit + Semgrep)]   |  • Findings: 0 (0 blocking)
[Session 17 - DevSecOps Pipeline/3. SAST (Bandit + Semgrep)]   |  • Rules run: 8
[Session 17 - DevSecOps Pipeline/3. SAST (Bandit + Semgrep)]   |  • Targets scanned: 2
[Session 17 - DevSecOps Pipeline/3. SAST (Bandit + Semgrep)]   |  • Parsed lines: ~100.0%
[Session 17 - DevSecOps Pipeline/3. SAST (Bandit + Semgrep)]   |  • Scan was limited to files tracked by git
[Session 17 - DevSecOps Pipeline/3. SAST (Bandit + Semgrep)]   |  • For a detailed list of skipped files and lines, run semgrep with the --verbose flag
[Session 17 - DevSecOps Pipeline/3. SAST (Bandit + Semgrep)]   | Ran 8 rules on 2 files: 0 findings.
[Session 17 - DevSecOps Pipeline/3. SAST (Bandit + Semgrep)]   | If Semgrep missed a finding, please send us feedback to let us know!
[Session 17 - DevSecOps Pipeline/3. SAST (Bandit + Semgrep)]   | See https://semgrep.dev/docs/reporting-false-negatives/
[Session 17 - DevSecOps Pipeline/3. SAST (Bandit + Semgrep)]   |                
[Session 17 - DevSecOps Pipeline/3. SAST (Bandit + Semgrep)]   |                
[Session 17 - DevSecOps Pipeline/3. SAST (Bandit + Semgrep)]   | ┌─────────────┐
[Session 17 - DevSecOps Pipeline/3. SAST (Bandit + Semgrep)]   | │ Scan Status │
[Session 17 - DevSecOps Pipeline/3. SAST (Bandit + Semgrep)]   | └─────────────┘
[Session 17 - DevSecOps Pipeline/3. SAST (Bandit + Semgrep)]   |   Scanning 2 files tracked by git with 8 Code rules:
[Session 17 - DevSecOps Pipeline/3. SAST (Bandit + Semgrep)]   |   Scanning 2 files with 8 python rules.
[Session 17 - DevSecOps Pipeline/3. SAST (Bandit + Semgrep)]   |                 
[Session 17 - DevSecOps Pipeline/3. SAST (Bandit + Semgrep)]   |                 
[Session 17 - DevSecOps Pipeline/3. SAST (Bandit + Semgrep)]   | ┌──────────────┐
[Session 17 - DevSecOps Pipeline/3. SAST (Bandit + Semgrep)]   | │ Scan Summary │
[Session 17 - DevSecOps Pipeline/3. SAST (Bandit + Semgrep)]   | └──────────────┘
[Session 17 - DevSecOps Pipeline/3. SAST (Bandit + Semgrep)]   | ✅ Scan completed successfully.
[Session 17 - DevSecOps Pipeline/3. SAST (Bandit + Semgrep)]   |  • Findings: 0 (0 blocking)
[Session 17 - DevSecOps Pipeline/3. SAST (Bandit + Semgrep)]   |  • Rules run: 8
[Session 17 - DevSecOps Pipeline/3. SAST (Bandit + Semgrep)]   |  • Targets scanned: 2
[Session 17 - DevSecOps Pipeline/3. SAST (Bandit + Semgrep)]   |  • Parsed lines: ~100.0%
[Session 17 - DevSecOps Pipeline/3. SAST (Bandit + Semgrep)]   |  • Scan was limited to files tracked by git
[Session 17 - DevSecOps Pipeline/3. SAST (Bandit + Semgrep)]   |  • For a detailed list of skipped files and lines, run semgrep with the --verbose flag
[Session 17 - DevSecOps Pipeline/3. SAST (Bandit + Semgrep)]   | Ran 8 rules on 2 files: 0 findings.
[Session 17 - DevSecOps Pipeline/3. SAST (Bandit + Semgrep)]   | If Semgrep missed a finding, please send us feedback to let us know!
[Session 17 - DevSecOps Pipeline/3. SAST (Bandit + Semgrep)]   | See https://semgrep.dev/docs/reporting-false-negatives/
[Session 17 - DevSecOps Pipeline/3. SAST (Bandit + Semgrep)]   ✅  Success - Main Semgrep (custom rules in .semgrep.yml) [4.024848479s]
[Session 17 - DevSecOps Pipeline/3. SAST (Bandit + Semgrep)] ⭐ Run Main actions/upload-artifact@v4
[Session 17 - DevSecOps Pipeline/3. SAST (Bandit + Semgrep)]   🐳  docker cp src=/home/vansh/.cache/act/actions-upload-artifact@v4/ dst=/var/run/act/actions/actions-upload-artifact@v4/
[Session 17 - DevSecOps Pipeline/3. SAST (Bandit + Semgrep)]   🐳  docker exec cmd=[/opt/acttoolcache/node/24.19.0/x64/bin/node /var/run/act/actions/actions-upload-artifact@v4/dist/upload/index.js] user= workdir=
[Session 17 - DevSecOps Pipeline/3. SAST (Bandit + Semgrep)]   | (node:176) [DEP0040] DeprecationWarning: The `punycode` module is deprecated. Please use a userland alternative instead.
[Session 17 - DevSecOps Pipeline/3. SAST (Bandit + Semgrep)]   | (Use `node --trace-deprecation ...` to show where the warning was created)
[Session 17 - DevSecOps Pipeline/3. SAST (Bandit + Semgrep)]   | With the provided path, there will be 2 files uploaded
[Session 17 - DevSecOps Pipeline/3. SAST (Bandit + Semgrep)]   | Artifact name is valid!
[Session 17 - DevSecOps Pipeline/3. SAST (Bandit + Semgrep)]   | Root directory input is valid!
[Session 17 - DevSecOps Pipeline/3. SAST (Bandit + Semgrep)]   | Beginning upload of artifact content to blob storage
[Session 17 - DevSecOps Pipeline/3. SAST (Bandit + Semgrep)]   | (node:176) [DEP0169] DeprecationWarning: `url.parse()` behavior is not standardized and prone to errors that have security implications. Use the WHATWG URL API instead. CVEs are not issued for `url.parse()` vulnerabilities.
[Session 17 - DevSecOps Pipeline/3. SAST (Bandit + Semgrep)]   | Uploaded bytes 990
[Session 17 - DevSecOps Pipeline/3. SAST (Bandit + Semgrep)]   | Finished uploading artifact content to blob storage!
[Session 17 - DevSecOps Pipeline/3. SAST (Bandit + Semgrep)]   | SHA256 digest of uploaded artifact zip is 47bcd7e8466433cdd86727bda1b9812e711265780f79bafd8896896640070b8b
[Session 17 - DevSecOps Pipeline/3. SAST (Bandit + Semgrep)]   | Finalizing artifact upload
[Session 17 - DevSecOps Pipeline/3. SAST (Bandit + Semgrep)]   | Artifact sast-reports.zip successfully finalized. Artifact ID 1370352796
[Session 17 - DevSecOps Pipeline/3. SAST (Bandit + Semgrep)]   | Artifact sast-reports has been successfully uploaded! Final size is 990 bytes. Artifact ID is 1370352796
[Session 17 - DevSecOps Pipeline/3. SAST (Bandit + Semgrep)]   | Artifact download URL: https://github.com/v4xsh/devops-homework/actions/runs/1/artifacts/1370352796
[Session 17 - DevSecOps Pipeline/3. SAST (Bandit + Semgrep)]   ✅  Success - Main actions/upload-artifact@v4 [616.480898ms]
[Session 17 - DevSecOps Pipeline/3. SAST (Bandit + Semgrep)]   ⚙  ::set-output:: artifact-url=https://github.com/v4xsh/devops-homework/actions/runs/1/artifacts/1370352796
[Session 17 - DevSecOps Pipeline/3. SAST (Bandit + Semgrep)]   ⚙  ::set-output:: artifact-id=1370352796
[Session 17 - DevSecOps Pipeline/3. SAST (Bandit + Semgrep)]   ⚙  ::set-output:: artifact-digest=47bcd7e8466433cdd86727bda1b9812e711265780f79bafd8896896640070b8b
[Session 17 - DevSecOps Pipeline/3. SAST (Bandit + Semgrep)] ⭐ Run Post actions/setup-python@v5
[Session 17 - DevSecOps Pipeline/3. SAST (Bandit + Semgrep)]   🐳  docker exec cmd=[/opt/acttoolcache/node/24.19.0/x64/bin/node /var/run/act/actions/actions-setup-python@v5/dist/cache-save/index.js] user= workdir=
[Session 17 - DevSecOps Pipeline/3. SAST (Bandit + Semgrep)]   | (node:193) [DEP0040] DeprecationWarning: The `punycode` module is deprecated. Please use a userland alternative instead.
[Session 17 - DevSecOps Pipeline/3. SAST (Bandit + Semgrep)]   | (Use `node --trace-deprecation ...` to show where the warning was created)
[Session 17 - DevSecOps Pipeline/3. SAST (Bandit + Semgrep)]   ✅  Success - Post actions/setup-python@v5 [245.372264ms]
[Session 17 - DevSecOps Pipeline/3. SAST (Bandit + Semgrep)] ⭐ Run Complete job
[Session 17 - DevSecOps Pipeline/3. SAST (Bandit + Semgrep)] Cleaning up container for job 3. SAST (Bandit + Semgrep)
[Session 17 - DevSecOps Pipeline/3. SAST (Bandit + Semgrep)]   ✅  Success - Complete job
[Session 17 - DevSecOps Pipeline/3. SAST (Bandit + Semgrep)] 🏁  Job succeeded
[Session 17 - DevSecOps Pipeline/4. SCA (pip-audit + Trivy fs)] ⭐ Run Set up job
[Session 17 - DevSecOps Pipeline/4. SCA (pip-audit + Trivy fs)] 🚀  Start image=catthehacker/ubuntu:act-latest
[Session 17 - DevSecOps Pipeline/4. SCA (pip-audit + Trivy fs)]   🐳  docker pull image=catthehacker/ubuntu:act-latest platform=linux/amd64 username= forcePull=false
[Session 17 - DevSecOps Pipeline/4. SCA (pip-audit + Trivy fs)]   🐳  docker create image=catthehacker/ubuntu:act-latest platform=linux/amd64 entrypoint=["tail" "-f" "/dev/null"] cmd=[] network="minikube"
[Session 17 - DevSecOps Pipeline/4. SCA (pip-audit + Trivy fs)]   🐳  docker run image=catthehacker/ubuntu:act-latest platform=linux/amd64 entrypoint=["tail" "-f" "/dev/null"] cmd=[] network="minikube"
[Session 17 - DevSecOps Pipeline/4. SCA (pip-audit + Trivy fs)]   🐳  docker exec cmd=[node --no-warnings -e console.log(process.execPath)] user= workdir=
[Session 17 - DevSecOps Pipeline/4. SCA (pip-audit + Trivy fs)]   ✅  Success - Set up job
[Session 17 - DevSecOps Pipeline/4. SCA (pip-audit + Trivy fs)]   ☁  git clone 'https://github.com/actions/setup-python' # ref=v5
[Session 17 - DevSecOps Pipeline/4. SCA (pip-audit + Trivy fs)]   ☁  git clone 'https://github.com/actions/upload-artifact' # ref=v4
[Session 17 - DevSecOps Pipeline/4. SCA (pip-audit + Trivy fs)] ⭐ Run Main actions/checkout@v4
[Session 17 - DevSecOps Pipeline/4. SCA (pip-audit + Trivy fs)]   🐳  docker cp src=/home/vansh/act-stage/session-17-devsecops/devops-homework/. dst=/home/vansh/act-stage/session-17-devsecops/devops-homework
[Session 17 - DevSecOps Pipeline/4. SCA (pip-audit + Trivy fs)]   ✅  Success - Main actions/checkout@v4 [54.633135ms]
[Session 17 - DevSecOps Pipeline/4. SCA (pip-audit + Trivy fs)] ⭐ Run Main actions/setup-python@v5
[Session 17 - DevSecOps Pipeline/4. SCA (pip-audit + Trivy fs)]   🐳  docker cp src=/home/vansh/.cache/act/actions-setup-python@v5/ dst=/var/run/act/actions/actions-setup-python@v5/
[Session 17 - DevSecOps Pipeline/4. SCA (pip-audit + Trivy fs)]   🐳  docker exec cmd=[/opt/acttoolcache/node/24.19.0/x64/bin/node /var/run/act/actions/actions-setup-python@v5/dist/setup/index.js] user= workdir=
[Session 17 - DevSecOps Pipeline/4. SCA (pip-audit + Trivy fs)]   ❓  ::group::Installed versions
[Session 17 - DevSecOps Pipeline/4. SCA (pip-audit + Trivy fs)]   | (node:32) [DEP0040] DeprecationWarning: The `punycode` module is deprecated. Please use a userland alternative instead.
[Session 17 - DevSecOps Pipeline/4. SCA (pip-audit + Trivy fs)]   | (Use `node --trace-deprecation ...` to show where the warning was created)
[Session 17 - DevSecOps Pipeline/4. SCA (pip-audit + Trivy fs)]   | Successfully set up CPython (3.12.15)
[Session 17 - DevSecOps Pipeline/4. SCA (pip-audit + Trivy fs)]   ❓  ::endgroup::
[Session 17 - DevSecOps Pipeline/4. SCA (pip-audit + Trivy fs)]   ❓ add-matcher /run/act/actions/actions-setup-python@v5/.github/python.json
[Session 17 - DevSecOps Pipeline/4. SCA (pip-audit + Trivy fs)]   ✅  Success - Main actions/setup-python@v5 [600.232735ms]
[Session 17 - DevSecOps Pipeline/4. SCA (pip-audit + Trivy fs)]   ⚙  ::set-env:: Python2_ROOT_DIR=/opt/hostedtoolcache/Python/3.12.15/x64
[Session 17 - DevSecOps Pipeline/4. SCA (pip-audit + Trivy fs)]   ⚙  ::set-env:: Python3_ROOT_DIR=/opt/hostedtoolcache/Python/3.12.15/x64
[Session 17 - DevSecOps Pipeline/4. SCA (pip-audit + Trivy fs)]   ⚙  ::set-env:: LD_LIBRARY_PATH=/opt/hostedtoolcache/Python/3.12.15/x64/lib
[Session 17 - DevSecOps Pipeline/4. SCA (pip-audit + Trivy fs)]   ⚙  ::set-env:: pythonLocation=/opt/hostedtoolcache/Python/3.12.15/x64
[Session 17 - DevSecOps Pipeline/4. SCA (pip-audit + Trivy fs)]   ⚙  ::set-env:: PKG_CONFIG_PATH=/opt/hostedtoolcache/Python/3.12.15/x64/lib/pkgconfig
[Session 17 - DevSecOps Pipeline/4. SCA (pip-audit + Trivy fs)]   ⚙  ::set-env:: Python_ROOT_DIR=/opt/hostedtoolcache/Python/3.12.15/x64
[Session 17 - DevSecOps Pipeline/4. SCA (pip-audit + Trivy fs)]   ⚙  ::set-output:: python-path=/opt/hostedtoolcache/Python/3.12.15/x64/bin/python
[Session 17 - DevSecOps Pipeline/4. SCA (pip-audit + Trivy fs)]   ⚙  ::set-output:: python-version=3.12.15
[Session 17 - DevSecOps Pipeline/4. SCA (pip-audit + Trivy fs)]   ⚙  ::add-path:: /opt/hostedtoolcache/Python/3.12.15/x64
[Session 17 - DevSecOps Pipeline/4. SCA (pip-audit + Trivy fs)]   ⚙  ::add-path:: /opt/hostedtoolcache/Python/3.12.15/x64/bin
[Session 17 - DevSecOps Pipeline/4. SCA (pip-audit + Trivy fs)] ⭐ Run Main Install pip-audit and Trivy
[Session 17 - DevSecOps Pipeline/4. SCA (pip-audit + Trivy fs)]   🐳  docker exec cmd=[bash --noprofile --norc -e -o pipefail /var/run/act/workflow/2.sh] user= workdir=session-17-devsecops
[Session 17 - DevSecOps Pipeline/4. SCA (pip-audit + Trivy fs)]   | Requirement already satisfied: pip-audit==2.10.1 in /opt/hostedtoolcache/Python/3.12.15/x64/lib/python3.12/site-packages (2.10.1)
[Session 17 - DevSecOps Pipeline/4. SCA (pip-audit + Trivy fs)]   | Requirement already satisfied: CacheControl>=0.13.0 in /opt/hostedtoolcache/Python/3.12.15/x64/lib/python3.12/site-packages (from CacheControl[filecache]>=0.13.0->pip-audit==2.10.1) (0.14.4)
[Session 17 - DevSecOps Pipeline/4. SCA (pip-audit + Trivy fs)]   | Requirement already satisfied: cyclonedx-python-lib<12,>=5 in /opt/hostedtoolcache/Python/3.12.15/x64/lib/python3.12/site-packages (from pip-audit==2.10.1) (11.12.0)
[Session 17 - DevSecOps Pipeline/4. SCA (pip-audit + Trivy fs)]   | Requirement already satisfied: packaging>=23.0.0 in /opt/hostedtoolcache/Python/3.12.15/x64/lib/python3.12/site-packages (from pip-audit==2.10.1) (26.3)
[Session 17 - DevSecOps Pipeline/4. SCA (pip-audit + Trivy fs)]   | Requirement already satisfied: pip-api>=0.0.28 in /opt/hostedtoolcache/Python/3.12.15/x64/lib/python3.12/site-packages (from pip-audit==2.10.1) (0.0.35)
[Session 17 - DevSecOps Pipeline/4. SCA (pip-audit + Trivy fs)]   | Requirement already satisfied: pip-requirements-parser>=32.0.0 in /opt/hostedtoolcache/Python/3.12.15/x64/lib/python3.12/site-packages (from pip-audit==2.10.1) (32.0.1)
[Session 17 - DevSecOps Pipeline/4. SCA (pip-audit + Trivy fs)]   | Requirement already satisfied: requests>=2.31.0 in /opt/hostedtoolcache/Python/3.12.15/x64/lib/python3.12/site-packages (from pip-audit==2.10.1) (2.34.2)
[Session 17 - DevSecOps Pipeline/4. SCA (pip-audit + Trivy fs)]   | Requirement already satisfied: rich>=12.4 in /opt/hostedtoolcache/Python/3.12.15/x64/lib/python3.12/site-packages (from pip-audit==2.10.1) (15.0.0)
[Session 17 - DevSecOps Pipeline/4. SCA (pip-audit + Trivy fs)]   | Requirement already satisfied: tomli>=2.2.1 in /opt/hostedtoolcache/Python/3.12.15/x64/lib/python3.12/site-packages (from pip-audit==2.10.1) (2.4.1)
[Session 17 - DevSecOps Pipeline/4. SCA (pip-audit + Trivy fs)]   | Requirement already satisfied: tomli-w>=1.2.0 in /opt/hostedtoolcache/Python/3.12.15/x64/lib/python3.12/site-packages (from pip-audit==2.10.1) (1.2.0)
[Session 17 - DevSecOps Pipeline/4. SCA (pip-audit + Trivy fs)]   | Requirement already satisfied: platformdirs>=4.2.0 in /opt/hostedtoolcache/Python/3.12.15/x64/lib/python3.12/site-packages (from pip-audit==2.10.1) (4.12.3)
[Session 17 - DevSecOps Pipeline/4. SCA (pip-audit + Trivy fs)]   | Requirement already satisfied: license-expression<31,>=30 in /opt/hostedtoolcache/Python/3.12.15/x64/lib/python3.12/site-packages (from cyclonedx-python-lib<12,>=5->pip-audit==2.10.1) (30.4.4)
[Session 17 - DevSecOps Pipeline/4. SCA (pip-audit + Trivy fs)]   | Requirement already satisfied: packageurl-python<2,>=0.11 in /opt/hostedtoolcache/Python/3.12.15/x64/lib/python3.12/site-packages (from cyclonedx-python-lib<12,>=5->pip-audit==2.10.1) (0.17.6)
[Session 17 - DevSecOps Pipeline/4. SCA (pip-audit + Trivy fs)]   | Requirement already satisfied: py-serializable<3.0.0,>=2.1.0 in /opt/hostedtoolcache/Python/3.12.15/x64/lib/python3.12/site-packages (from cyclonedx-python-lib<12,>=5->pip-audit==2.10.1) (2.1.0)
[Session 17 - DevSecOps Pipeline/4. SCA (pip-audit + Trivy fs)]   | Requirement already satisfied: sortedcontainers<3.0.0,>=2.4.0 in /opt/hostedtoolcache/Python/3.12.15/x64/lib/python3.12/site-packages (from cyclonedx-python-lib<12,>=5->pip-audit==2.10.1) (2.4.0)
[Session 17 - DevSecOps Pipeline/4. SCA (pip-audit + Trivy fs)]   | Requirement already satisfied: typing_extensions<5.0,>=4.6 in /opt/hostedtoolcache/Python/3.12.15/x64/lib/python3.12/site-packages (from cyclonedx-python-lib<12,>=5->pip-audit==2.10.1) (4.16.0)
[Session 17 - DevSecOps Pipeline/4. SCA (pip-audit + Trivy fs)]   | Requirement already satisfied: boolean.py>=4.0 in /opt/hostedtoolcache/Python/3.12.15/x64/lib/python3.12/site-packages (from license-expression<31,>=30->cyclonedx-python-lib<12,>=5->pip-audit==2.10.1) (5.0)
[Session 17 - DevSecOps Pipeline/4. SCA (pip-audit + Trivy fs)]   | Requirement already satisfied: defusedxml<0.8.0,>=0.7.1 in /opt/hostedtoolcache/Python/3.12.15/x64/lib/python3.12/site-packages (from py-serializable<3.0.0,>=2.1.0->cyclonedx-python-lib<12,>=5->pip-audit==2.10.1) (0.7.1)
[Session 17 - DevSecOps Pipeline/4. SCA (pip-audit + Trivy fs)]   | Requirement already satisfied: msgpack<2.0.0,>=0.5.2 in /opt/hostedtoolcache/Python/3.12.15/x64/lib/python3.12/site-packages (from CacheControl>=0.13.0->CacheControl[filecache]>=0.13.0->pip-audit==2.10.1) (1.2.3)
[Session 17 - DevSecOps Pipeline/4. SCA (pip-audit + Trivy fs)]   | Requirement already satisfied: filelock>=3.8.0 in /opt/hostedtoolcache/Python/3.12.15/x64/lib/python3.12/site-packages (from CacheControl[filecache]>=0.13.0->pip-audit==2.10.1) (4.0.12)
[Session 17 - DevSecOps Pipeline/4. SCA (pip-audit + Trivy fs)]   | Requirement already satisfied: pip in /opt/hostedtoolcache/Python/3.12.15/x64/lib/python3.12/site-packages (from pip-api>=0.0.28->pip-audit==2.10.1) (26.2.1)
[Session 17 - DevSecOps Pipeline/4. SCA (pip-audit + Trivy fs)]   | Requirement already satisfied: pyparsing in /opt/hostedtoolcache/Python/3.12.15/x64/lib/python3.12/site-packages (from pip-requirements-parser>=32.0.0->pip-audit==2.10.1) (3.3.3)
[Session 17 - DevSecOps Pipeline/4. SCA (pip-audit + Trivy fs)]   | Requirement already satisfied: charset_normalizer<4,>=2 in /opt/hostedtoolcache/Python/3.12.15/x64/lib/python3.12/site-packages (from requests>=2.31.0->pip-audit==2.10.1) (3.5.2)
[Session 17 - DevSecOps Pipeline/4. SCA (pip-audit + Trivy fs)]   | Requirement already satisfied: idna<4,>=2.5 in /opt/hostedtoolcache/Python/3.12.15/x64/lib/python3.12/site-packages (from requests>=2.31.0->pip-audit==2.10.1) (3.20)
[Session 17 - DevSecOps Pipeline/4. SCA (pip-audit + Trivy fs)]   | Requirement already satisfied: urllib3<3,>=1.26 in /opt/hostedtoolcache/Python/3.12.15/x64/lib/python3.12/site-packages (from requests>=2.31.0->pip-audit==2.10.1) (2.8.0)
[Session 17 - DevSecOps Pipeline/4. SCA (pip-audit + Trivy fs)]   | Requirement already satisfied: certifi>=2023.5.7 in /opt/hostedtoolcache/Python/3.12.15/x64/lib/python3.12/site-packages (from requests>=2.31.0->pip-audit==2.10.1) (2026.7.22)
[Session 17 - DevSecOps Pipeline/4. SCA (pip-audit + Trivy fs)]   | Requirement already satisfied: markdown-it-py>=2.2.0 in /opt/hostedtoolcache/Python/3.12.15/x64/lib/python3.12/site-packages (from rich>=12.4->pip-audit==2.10.1) (4.2.0)
[Session 17 - DevSecOps Pipeline/4. SCA (pip-audit + Trivy fs)]   | Requirement already satisfied: pygments<3.0.0,>=2.13.0 in /opt/hostedtoolcache/Python/3.12.15/x64/lib/python3.12/site-packages (from rich>=12.4->pip-audit==2.10.1) (2.21.0)
[Session 17 - DevSecOps Pipeline/4. SCA (pip-audit + Trivy fs)]   | Requirement already satisfied: mdurl~=0.1 in /opt/hostedtoolcache/Python/3.12.15/x64/lib/python3.12/site-packages (from markdown-it-py>=2.2.0->rich>=12.4->pip-audit==2.10.1) (0.1.2)
[Session 17 - DevSecOps Pipeline/4. SCA (pip-audit + Trivy fs)]   | WARNING: Running pip as the 'root' user can result in broken permissions and conflicting behaviour with the system package manager, possibly rendering your system unusable. It is recommended to use a virtual environment instead: https://pip.pypa.io/warnings/venv. Use the --root-user-action option if you know what you are doing and want to suppress this warning.
[Session 17 - DevSecOps Pipeline/4. SCA (pip-audit + Trivy fs)]   | aquasecurity/trivy info checking GitHub for tag 'v0.75.0'
[Session 17 - DevSecOps Pipeline/4. SCA (pip-audit + Trivy fs)]   | aquasecurity/trivy info found version: 0.75.0 for v0.75.0/Linux/64bit
[Session 17 - DevSecOps Pipeline/4. SCA (pip-audit + Trivy fs)]   | aquasecurity/trivy info installed /root/.local/bin/trivy
[Session 17 - DevSecOps Pipeline/4. SCA (pip-audit + Trivy fs)]   ✅  Success - Main Install pip-audit and Trivy [11.781455957s]
[Session 17 - DevSecOps Pipeline/4. SCA (pip-audit + Trivy fs)]   ⚙  ::add-path:: /root/.local/bin
[Session 17 - DevSecOps Pipeline/4. SCA (pip-audit + Trivy fs)] ⭐ Run Main pip-audit (PyPI advisory database / OSV)
[Session 17 - DevSecOps Pipeline/4. SCA (pip-audit + Trivy fs)]   🐳  docker exec cmd=[bash --noprofile --norc -e -o pipefail /var/run/act/workflow/3.sh] user= workdir=session-17-devsecops
[Session 17 - DevSecOps Pipeline/4. SCA (pip-audit + Trivy fs)]   | Found 6 known vulnerabilities in 2 packages
[Session 17 - DevSecOps Pipeline/4. SCA (pip-audit + Trivy fs)]   | Found 6 known vulnerabilities in 2 packages
[Session 17 - DevSecOps Pipeline/4. SCA (pip-audit + Trivy fs)]   | Name     Version ID              Fix Versions
[Session 17 - DevSecOps Pipeline/4. SCA (pip-audit + Trivy fs)]   | -------- ------- --------------- ------------
[Session 17 - DevSecOps Pipeline/4. SCA (pip-audit + Trivy fs)]   | flask    3.1.2   PYSEC-2026-2151 3.1.3
[Session 17 - DevSecOps Pipeline/4. SCA (pip-audit + Trivy fs)]   | flask    3.1.2   PYSEC-2026-2151 3.1.3
[Session 17 - DevSecOps Pipeline/4. SCA (pip-audit + Trivy fs)]   | gunicorn 20.1.0  PYSEC-2026-1434 22.0.0
[Session 17 - DevSecOps Pipeline/4. SCA (pip-audit + Trivy fs)]   | gunicorn 20.1.0  PYSEC-2026-1433 22.0.0
[Session 17 - DevSecOps Pipeline/4. SCA (pip-audit + Trivy fs)]   | gunicorn 20.1.0  PYSEC-2026-1434 22.0.0
[Session 17 - DevSecOps Pipeline/4. SCA (pip-audit + Trivy fs)]   | gunicorn 20.1.0  PYSEC-2026-1433 22.0.0
[Session 17 - DevSecOps Pipeline/4. SCA (pip-audit + Trivy fs)]   ✅  Success - Main pip-audit (PyPI advisory database / OSV) [15.789712464s]
[Session 17 - DevSecOps Pipeline/4. SCA (pip-audit + Trivy fs)] ⭐ Run Main Trivy filesystem scan of dependency manifests
[Session 17 - DevSecOps Pipeline/4. SCA (pip-audit + Trivy fs)]   🐳  docker exec cmd=[bash --noprofile --norc -e -o pipefail /var/run/act/workflow/4.sh] user= workdir=session-17-devsecops
[Session 17 - DevSecOps Pipeline/4. SCA (pip-audit + Trivy fs)]   | 2026-10-07T18:12:21Z	INFO	Loaded	file_path="trivy.yaml"
[Session 17 - DevSecOps Pipeline/4. SCA (pip-audit + Trivy fs)]   | 2026-10-07T18:12:21Z	INFO	[vulndb] Need to update DB
[Session 17 - DevSecOps Pipeline/4. SCA (pip-audit + Trivy fs)]   | 2026-10-07T18:12:21Z	INFO	[vulndb] Downloading vulnerability DB...
[Session 17 - DevSecOps Pipeline/4. SCA (pip-audit + Trivy fs)]   | 2026-10-07T18:12:21Z	INFO	[vulndb] Downloading artifact...	repo="mirror.gcr.io/aquasec/trivy-db:2"
[Session 17 - DevSecOps Pipeline/4. SCA (pip-audit + Trivy fs)]   | 175.25 KiB / 119.53 MiB [>___________________________________________________________] 0.14% ? p/s ?543.25 KiB / 119.53 MiB [>___________________________________________________________] 0.44% ? p/s ?1.22 MiB / 119.53 MiB [>_____________________________________________________________] 1.02% ? p/s ?1.94 MiB / 119.53 MiB [>________________________________________________] 1.62% 2.95 MiB p/s ETA 39s2.69 MiB / 119.53 MiB [->_______________________________________________] 2.25% 2.95 MiB p/s ETA 39s3.44 MiB / 119.53 MiB [->_______________________________________________] 2.88% 2.95 MiB p/s ETA 39s4.19 MiB / 119.53 MiB [->_______________________________________________] 3.50% 3.00 MiB p/s ETA 38s4.94 MiB / 119.53 MiB [-->______________________________________________] 4.13% 3.00 MiB p/s ETA 38s5.66 MiB / 119.53 MiB [-->______________________________________________] 4.73% 3.00 MiB p/s ETA 37s6.56 MiB / 119.53 MiB [-->______________________________________________] 5.49% 3.06 MiB p/s ETA 36s8.25 MiB / 119.53 MiB [--->_____________________________________________] 6.90% 3.06 MiB p/s ETA 36s10.50 MiB / 119.53 MiB [---->___________________________________________] 8.78% 3.06 MiB p/s ETA 35s12.69 MiB / 119.53 MiB [---->__________________________________________] 10.61% 3.52 MiB p/s ETA 30s14.69 MiB / 119.53 MiB [----->_________________________________________] 12.29% 3.52 MiB p/s ETA 29s16.94 MiB / 119.53 MiB [------>________________________________________] 14.17% 3.52 MiB p/s ETA 29s18.81 MiB / 119.53 MiB [------->_______________________________________] 15.74% 3.95 MiB p/s ETA 25s20.53 MiB / 119.53 MiB [-------->______________________________________] 17.18% 3.95 MiB p/s ETA 25s22.25 MiB / 119.53 MiB [-------->______________________________________] 18.61% 3.95 MiB p/s ETA 24s24.09 MiB / 119.53 MiB [--------->_____________________________________] 20.16% 4.27 MiB p/s ETA 22s26.00 MiB / 119.53 MiB [---------->____________________________________] 21.75% 4.27 MiB p/s ETA 21s27.59 MiB / 119.53 MiB [---------->____________________________________] 23.08% 4.27 MiB p/s ETA 21s29.31 MiB / 119.53 MiB [----------->___________________________________] 24.52% 4.55 MiB p/s ETA 19s30.84 MiB / 119.53 MiB [------------>__________________________________] 25.80% 4.55 MiB p/s ETA 19s31.78 MiB / 119.53 MiB [------------>__________________________________] 26.59% 4.55 MiB p/s ETA 19s34.41 MiB / 119.53 MiB [------------->_________________________________] 28.78% 4.81 MiB p/s ETA 17s35.97 MiB / 119.53 MiB [-------------->________________________________] 30.09% 4.81 MiB p/s ETA 17s36.78 MiB / 119.53 MiB [-------------->________________________________] 30.77% 4.81 MiB p/s ETA 17s39.37 MiB / 119.53 MiB [--------------->_______________________________] 32.94% 5.03 MiB p/s ETA 15s40.28 MiB / 119.53 MiB [--------------->_______________________________] 33.70% 5.03 MiB p/s ETA 15s43.31 MiB / 119.53 MiB [----------------->_____________________________] 36.23% 5.03 MiB p/s ETA 15s45.09 MiB / 119.53 MiB [----------------->_____________________________] 37.72% 5.32 MiB p/s ETA 13s46.91 MiB / 119.53 MiB [------------------>____________________________] 39.24% 5.32 MiB p/s ETA 13s48.72 MiB / 119.53 MiB [------------------->___________________________] 40.76% 5.32 MiB p/s ETA 13s50.37 MiB / 119.53 MiB [------------------->___________________________] 42.14% 5.54 MiB p/s ETA 12s50.91 MiB / 119.53 MiB [-------------------->__________________________] 42.59% 5.54 MiB p/s ETA 12s53.56 MiB / 119.53 MiB [--------------------->_________________________] 44.81% 5.54 MiB p/s ETA 11s55.37 MiB / 119.53 MiB [--------------------->_________________________] 46.33% 5.72 MiB p/s ETA 11s57.09 MiB / 119.53 MiB [---------------------->________________________] 47.76% 5.72 MiB p/s ETA 10s58.87 MiB / 119.53 MiB [----------------------->_______________________] 49.25% 5.72 MiB p/s ETA 10s60.66 MiB / 119.53 MiB [------------------------>_______________________] 50.74% 5.92 MiB p/s ETA 9s62.41 MiB / 119.53 MiB [------------------------->______________________] 52.21% 5.92 MiB p/s ETA 9s64.19 MiB / 119.53 MiB [------------------------->______________________] 53.70% 5.92 MiB p/s ETA 9s65.84 MiB / 119.53 MiB [-------------------------->_____________________] 55.08% 6.10 MiB p/s ETA 8s67.66 MiB / 119.53 MiB [--------------------------->____________________] 56.60% 6.10 MiB p/s ETA 8s69.37 MiB / 119.53 MiB [--------------------------->____________________] 58.04% 6.10 MiB p/s ETA 8s71.19 MiB / 119.53 MiB [---------------------------->___________________] 59.55% 6.28 MiB p/s ETA 7s72.91 MiB / 119.53 MiB [----------------------------->__________________] 60.99% 6.28 MiB p/s ETA 7s74.84 MiB / 119.53 MiB [------------------------------>_________________] 62.61% 6.28 MiB p/s ETA 7s77.41 MiB / 119.53 MiB [------------------------------->________________] 64.76% 6.54 MiB p/s ETA 6s78.66 MiB / 119.53 MiB [------------------------------->________________] 65.80% 6.54 MiB p/s ETA 6s79.59 MiB / 119.53 MiB [------------------------------->________________] 66.59% 6.54 MiB p/s ETA 6s81.44 MiB / 119.53 MiB [-------------------------------->_______________] 68.13% 6.55 MiB p/s ETA 5s83.16 MiB / 119.53 MiB [--------------------------------->______________] 69.57% 6.55 MiB p/s ETA 5s84.81 MiB / 119.53 MiB [---------------------------------->_____________] 70.95% 6.55 MiB p/s ETA 5s86.81 MiB / 119.53 MiB [---------------------------------->_____________] 72.63% 6.71 MiB p/s ETA 4s88.41 MiB / 119.53 MiB [----------------------------------->____________] 73.96% 6.71 MiB p/s ETA 4s90.00 MiB / 119.53 MiB [------------------------------------>___________] 75.29% 6.71 MiB p/s ETA 4s91.69 MiB / 119.53 MiB [------------------------------------>___________] 76.70% 6.80 MiB p/s ETA 4s93.34 MiB / 119.53 MiB [------------------------------------->__________] 78.09% 6.80 MiB p/s ETA 3s94.94 MiB / 119.53 MiB [-------------------------------------->_________] 79.42% 6.80 MiB p/s ETA 3s96.62 MiB / 119.53 MiB [-------------------------------------->_________] 80.83% 6.89 MiB p/s ETA 3s98.72 MiB / 119.53 MiB [--------------------------------------->________] 82.59% 6.89 MiB p/s ETA 3s100.44 MiB / 119.53 MiB [--------------------------------------->_______] 84.02% 6.89 MiB p/s ETA 2s102.31 MiB / 119.53 MiB [---------------------------------------->______] 85.59% 7.06 MiB p/s ETA 2s103.72 MiB / 119.53 MiB [---------------------------------------->______] 86.77% 7.06 MiB p/s ETA 2s105.06 MiB / 119.53 MiB [----------------------------------------->_____] 87.89% 7.06 MiB p/s ETA 2s106.44 MiB / 119.53 MiB [----------------------------------------->_____] 89.04% 7.05 MiB p/s ETA 1s107.87 MiB / 119.53 MiB [------------------------------------------>____] 90.25% 7.05 MiB p/s ETA 1s109.25 MiB / 119.53 MiB [------------------------------------------>____] 91.40% 7.05 MiB p/s ETA 1s110.56 MiB / 119.53 MiB [------------------------------------------->___] 92.49% 7.04 MiB p/s ETA 1s111.72 MiB / 119.53 MiB [------------------------------------------->___] 93.46% 7.04 MiB p/s ETA 1s112.97 MiB / 119.53 MiB [-------------------------------------------->__] 94.51% 7.04 MiB p/s ETA 0s114.44 MiB / 119.53 MiB [-------------------------------------------->__] 95.74% 7.00 MiB p/s ETA 0s116.12 MiB / 119.53 MiB [--------------------------------------------->_] 97.15% 7.00 MiB p/s ETA 0s118.00 MiB / 119.53 MiB [---------------------------------------------->] 98.72% 7.00 MiB p/s ETA 0s118.06 MiB / 119.53 MiB [---------------------------------------------->] 98.77% 6.94 MiB p/s ETA 0s118.06 MiB / 119.53 MiB [---------------------------------------------->] 98.77% 6.94 MiB p/s ETA 0s119.53 MiB / 119.53 MiB [--------------------------------------------->] 100.00% 6.94 MiB p/s ETA 0s119.53 MiB / 119.53 MiB [--------------------------------------------->] 100.00% 6.65 MiB p/s ETA 0s119.53 MiB / 119.53 MiB [--------------------------------------------->] 100.00% 6.65 MiB p/s ETA 0s119.53 MiB / 119.53 MiB [--------------------------------------------->] 100.00% 6.65 MiB p/s ETA 0s119.53 MiB / 119.53 MiB [--------------------------------------------->] 100.00% 6.22 MiB p/s ETA 0s119.53 MiB / 119.53 MiB [--------------------------------------------->] 100.00% 6.22 MiB p/s ETA 0s119.53 MiB / 119.53 MiB [--------------------------------------------->] 100.00% 6.22 MiB p/s ETA 0s119.53 MiB / 119.53 MiB [--------------------------------------------->] 100.00% 5.82 MiB p/s ETA 0s119.53 MiB / 119.53 MiB [--------------------------------------------->] 100.00% 5.82 MiB p/s ETA 0s119.53 MiB / 119.53 MiB [--------------------------------------------->] 100.00% 5.82 MiB p/s ETA 0s119.53 MiB / 119.53 MiB [--------------------------------------------->] 100.00% 5.44 MiB p/s ETA 0s119.53 MiB / 119.53 MiB [--------------------------------------------->] 100.00% 5.44 MiB p/s ETA 0s119.53 MiB / 119.53 MiB [--------------------------------------------->] 100.00% 5.44 MiB p/s ETA 0s119.53 MiB / 119.53 MiB [--------------------------------------------->] 100.00% 5.09 MiB p/s ETA 0s119.53 MiB / 119.53 MiB [--------------------------------------------->] 100.00% 5.09 MiB p/s ETA 0s119.53 MiB / 119.53 MiB [--------------------------------------------->] 100.00% 5.09 MiB p/s ETA 0s119.53 MiB / 119.53 MiB [--------------------------------------------->] 100.00% 4.76 MiB p/s ETA 0s119.53 MiB / 119.53 MiB [--------------------------------------------->] 100.00% 4.76 MiB p/s ETA 0s119.53 MiB / 119.53 MiB [--------------------------------------------->] 100.00% 4.76 MiB p/s ETA 0s119.53 MiB / 119.53 MiB [--------------------------------------------->] 100.00% 4.46 MiB p/s ETA 0s119.53 MiB / 119.53 MiB [--------------------------------------------->] 100.00% 4.46 MiB p/s ETA 0s119.53 MiB / 119.53 MiB [--------------------------------------------->] 100.00% 4.46 MiB p/s ETA 0s119.53 MiB / 119.53 MiB [--------------------------------------------->] 100.00% 4.17 MiB p/s ETA 0s119.53 MiB / 119.53 MiB [--------------------------------------------->] 100.00% 4.17 MiB p/s ETA 0s119.53 MiB / 119.53 MiB [--------------------------------------------->] 100.00% 4.17 MiB p/s ETA 0s119.53 MiB / 119.53 MiB [--------------------------------------------->] 100.00% 3.90 MiB p/s ETA 0s119.53 MiB / 119.53 MiB [--------------------------------------------->] 100.00% 3.90 MiB p/s ETA 0s119.53 MiB / 119.53 MiB [--------------------------------------------->] 100.00% 3.90 MiB p/s ETA 0s119.53 MiB / 119.53 MiB [--------------------------------------------->] 100.00% 3.65 MiB p/s ETA 0s119.53 MiB / 119.53 MiB [--------------------------------------------->] 100.00% 3.65 MiB p/s ETA 0s119.53 MiB / 119.53 MiB [--------------------------------------------->] 100.00% 3.65 MiB p/s ETA 0s119.53 MiB / 119.53 MiB [--------------------------------------------->] 100.00% 3.41 MiB p/s ETA 0s119.53 MiB / 119.53 MiB [--------------------------------------------->] 100.00% 3.41 MiB p/s ETA 0s119.53 MiB / 119.53 MiB [--------------------------------------------->] 100.00% 3.41 MiB p/s ETA 0s119.53 MiB / 119.53 MiB [--------------------------------------------->] 100.00% 3.19 MiB p/s ETA 0s119.53 MiB / 119.53 MiB [--------------------------------------------->] 100.00% 3.19 MiB p/s ETA 0s119.53 MiB / 119.53 MiB [--------------------------------------------->] 100.00% 3.19 MiB p/s ETA 0s119.53 MiB / 119.53 MiB [--------------------------------------------->] 100.00% 2.99 MiB p/s ETA 0s119.53 MiB / 119.53 MiB [--------------------------------------------->] 100.00% 2.99 MiB p/s ETA 0s119.53 MiB / 119.53 MiB [--------------------------------------------->] 100.00% 2.99 MiB p/s ETA 0s119.53 MiB / 119.53 MiB [--------------------------------------------->] 100.00% 2.79 MiB p/s ETA 0s119.53 MiB / 119.53 MiB [--------------------------------------------->] 100.00% 2.79 MiB p/s ETA 0s119.53 MiB / 119.53 MiB [--------------------------------------------->] 100.00% 2.79 MiB p/s ETA 0s119.53 MiB / 119.53 MiB [--------------------------------------------->] 100.00% 2.61 MiB p/s ETA 0s119.53 MiB / 119.53 MiB [--------------------------------------------->] 100.00% 2.61 MiB p/s ETA 0s119.53 MiB / 119.53 MiB [--------------------------------------------->] 100.00% 2.61 MiB p/s ETA 0s119.53 MiB / 119.53 MiB [--------------------------------------------->] 100.00% 2.44 MiB p/s ETA 0s119.53 MiB / 119.53 MiB [--------------------------------------------->] 100.00% 2.44 MiB p/s ETA 0s119.53 MiB / 119.53 MiB [--------------------------------------------->] 100.00% 2.44 MiB p/s ETA 0s119.53 MiB / 119.53 MiB [--------------------------------------------->] 100.00% 2.29 MiB p/s ETA 0s119.53 MiB / 119.53 MiB [--------------------------------------------->] 100.00% 2.29 MiB p/s ETA 0s119.53 MiB / 119.53 MiB [--------------------------------------------->] 100.00% 2.29 MiB p/s ETA 0s119.53 MiB / 119.53 MiB [--------------------------------------------->] 100.00% 2.14 MiB p/s ETA 0s119.53 MiB / 119.53 MiB [--------------------------------------------->] 100.00% 2.14 MiB p/s ETA 0s119.53 MiB / 119.53 MiB [--------------------------------------------->] 100.00% 2.14 MiB p/s ETA 0s119.53 MiB / 119.53 MiB [--------------------------------------------->] 100.00% 2.00 MiB p/s ETA 0s119.53 MiB / 119.53 MiB [--------------------------------------------->] 100.00% 2.00 MiB p/s ETA 0s119.53 MiB / 119.53 MiB [--------------------------------------------->] 100.00% 2.00 MiB p/s ETA 0s119.53 MiB / 119.53 MiB [--------------------------------------------->] 100.00% 1.87 MiB p/s ETA 0s119.53 MiB / 119.53 MiB [--------------------------------------------->] 100.00% 1.87 MiB p/s ETA 0s119.53 MiB / 119.53 MiB [--------------------------------------------->] 100.00% 1.87 MiB p/s ETA 0s119.53 MiB / 119.53 MiB [--------------------------------------------->] 100.00% 1.75 MiB p/s ETA 0s119.53 MiB / 119.53 MiB [--------------------------------------------->] 100.00% 1.75 MiB p/s ETA 0s119.53 MiB / 119.53 MiB [--------------------------------------------->] 100.00% 1.75 MiB p/s ETA 0s119.53 MiB / 119.53 MiB [--------------------------------------------->] 100.00% 1.64 MiB p/s ETA 0s119.53 MiB / 119.53 MiB [--------------------------------------------->] 100.00% 1.64 MiB p/s ETA 0s119.53 MiB / 119.53 MiB [--------------------------------------------->] 100.00% 1.64 MiB p/s ETA 0s119.53 MiB / 119.53 MiB [--------------------------------------------->] 100.00% 1.53 MiB p/s ETA 0s119.53 MiB / 119.53 MiB [--------------------------------------------->] 100.00% 1.53 MiB p/s ETA 0s119.53 MiB / 119.53 MiB [--------------------------------------------->] 100.00% 1.53 MiB p/s ETA 0s119.53 MiB / 119.53 MiB [--------------------------------------------->] 100.00% 1.43 MiB p/s ETA 0s119.53 MiB / 119.53 MiB [--------------------------------------------->] 100.00% 1.43 MiB p/s ETA 0s119.53 MiB / 119.53 MiB [--------------------------------------------->] 100.00% 1.43 MiB p/s ETA 0s119.53 MiB / 119.53 MiB [--------------------------------------------->] 100.00% 1.34 MiB p/s ETA 0s119.53 MiB / 119.53 MiB [--------------------------------------------->] 100.00% 1.34 MiB p/s ETA 0s119.53 MiB / 119.53 MiB [--------------------------------------------->] 100.00% 1.34 MiB p/s ETA 0s119.53 MiB / 119.53 MiB [--------------------------------------------->] 100.00% 1.25 MiB p/s ETA 0s119.53 MiB / 119.53 MiB [--------------------------------------------->] 100.00% 1.25 MiB p/s ETA 0s119.53 MiB / 119.53 MiB [--------------------------------------------->] 100.00% 1.25 MiB p/s ETA 0s119.53 MiB / 119.53 MiB [--------------------------------------------->] 100.00% 1.17 MiB p/s ETA 0s119.53 MiB / 119.53 MiB [--------------------------------------------->] 100.00% 1.17 MiB p/s ETA 0s119.53 MiB / 119.53 MiB [--------------------------------------------->] 100.00% 1.17 MiB p/s ETA 0s119.53 MiB / 119.53 MiB [--------------------------------------------->] 100.00% 1.10 MiB p/s ETA 0s119.53 MiB / 119.53 MiB [--------------------------------------------->] 100.00% 1.10 MiB p/s ETA 0s119.53 MiB / 119.53 MiB [--------------------------------------------->] 100.00% 1.10 MiB p/s ETA 0s119.53 MiB / 119.53 MiB [--------------------------------------------->] 100.00% 1.03 MiB p/s ETA 0s119.53 MiB / 119.53 MiB [--------------------------------------------->] 100.00% 1.03 MiB p/s ETA 0s119.53 MiB / 119.53 MiB [--------------------------------------------->] 100.00% 1.03 MiB p/s ETA 0s119.53 MiB / 119.53 MiB [------------------------------------------->] 100.00% 984.17 KiB p/s ETA 0s119.53 MiB / 119.53 MiB [------------------------------------------->] 100.00% 984.17 KiB p/s ETA 0s119.53 MiB / 119.53 MiB [------------------------------------------->] 100.00% 984.17 KiB p/s ETA 0s119.53 MiB / 119.53 MiB [------------------------------------------->] 100.00% 920.68 KiB p/s ETA 0s119.53 MiB / 119.53 MiB [------------------------------------------->] 100.00% 920.68 KiB p/s ETA 0s119.53 MiB / 119.53 MiB [------------------------------------------->] 100.00% 920.68 KiB p/s ETA 0s119.53 MiB / 119.53 MiB [------------------------------------------->] 100.00% 861.28 KiB p/s ETA 0s119.53 MiB / 119.53 MiB [------------------------------------------->] 100.00% 861.28 KiB p/s ETA 0s119.53 MiB / 119.53 MiB [------------------------------------------->] 100.00% 861.28 KiB p/s ETA 0s119.53 MiB / 119.53 MiB [------------------------------------------->] 100.00% 805.71 KiB p/s ETA 0s119.53 MiB / 119.53 MiB [------------------------------------------->] 100.00% 805.71 KiB p/s ETA 0s119.53 MiB / 119.53 MiB [------------------------------------------->] 100.00% 805.71 KiB p/s ETA 0s119.53 MiB / 119.53 MiB [------------------------------------------->] 100.00% 753.73 KiB p/s ETA 0s119.53 MiB / 119.53 MiB [------------------------------------------->] 100.00% 753.73 KiB p/s ETA 0s119.53 MiB / 119.53 MiB [------------------------------------------->] 100.00% 753.73 KiB p/s ETA 0s119.53 MiB / 119.53 MiB [------------------------------------------->] 100.00% 705.10 KiB p/s ETA 0s119.53 MiB / 119.53 MiB [------------------------------------------->] 100.00% 705.10 KiB p/s ETA 0s119.53 MiB / 119.53 MiB [------------------------------------------->] 100.00% 705.10 KiB p/s ETA 0s119.53 MiB / 119.53 MiB [------------------------------------------->] 100.00% 659.61 KiB p/s ETA 0s119.53 MiB / 119.53 MiB [------------------------------------------->] 100.00% 659.61 KiB p/s ETA 0s119.53 MiB / 119.53 MiB [-------------------------------------------------] 100.00% 3.25 MiB p/s 37s2026-10-07T18:13:00Z	INFO	[vulndb] Artifact successfully downloaded	repo="mirror.gcr.io/aquasec/trivy-db:2"
[Session 17 - DevSecOps Pipeline/4. SCA (pip-audit + Trivy fs)]   | 2026-10-07T18:13:00Z	INFO	[vuln] Vulnerability scanning is enabled
[Session 17 - DevSecOps Pipeline/4. SCA (pip-audit + Trivy fs)]   | 2026-10-07T18:13:00Z	INFO	[python] Licenses acquired from one or more METADATA files may be subject to additional terms. Use `--debug` flag to see all affected packages.
[Session 17 - DevSecOps Pipeline/4. SCA (pip-audit + Trivy fs)]   | 2026-10-07T18:13:00Z	INFO	Number of language-specific files	num=1
[Session 17 - DevSecOps Pipeline/4. SCA (pip-audit + Trivy fs)]   | 2026-10-07T18:13:00Z	INFO	[pip] Detecting vulnerabilities...
[Session 17 - DevSecOps Pipeline/4. SCA (pip-audit + Trivy fs)]   | 2026-10-07T18:13:00Z	INFO	Loaded	file_path="trivy.yaml"
[Session 17 - DevSecOps Pipeline/4. SCA (pip-audit + Trivy fs)]   | 2026-10-07T18:13:00Z	INFO	[vuln] Vulnerability scanning is enabled
[Session 17 - DevSecOps Pipeline/4. SCA (pip-audit + Trivy fs)]   | 2026-10-07T18:13:00Z	INFO	[python] Licenses acquired from one or more METADATA files may be subject to additional terms. Use `--debug` flag to see all affected packages.
[Session 17 - DevSecOps Pipeline/4. SCA (pip-audit + Trivy fs)]   | 2026-10-07T18:13:00Z	INFO	Number of language-specific files	num=1
[Session 17 - DevSecOps Pipeline/4. SCA (pip-audit + Trivy fs)]   | 2026-10-07T18:13:00Z	INFO	[pip] Detecting vulnerabilities...
[Session 17 - DevSecOps Pipeline/4. SCA (pip-audit + Trivy fs)]   | 
[Session 17 - DevSecOps Pipeline/4. SCA (pip-audit + Trivy fs)]   | Report Summary
[Session 17 - DevSecOps Pipeline/4. SCA (pip-audit + Trivy fs)]   | 
[Session 17 - DevSecOps Pipeline/4. SCA (pip-audit + Trivy fs)]   | ┌──────────────────┬──────┬─────────────────┐
[Session 17 - DevSecOps Pipeline/4. SCA (pip-audit + Trivy fs)]   | │      Target      │ Type │ Vulnerabilities │
[Session 17 - DevSecOps Pipeline/4. SCA (pip-audit + Trivy fs)]   | ├──────────────────┼──────┼─────────────────┤
[Session 17 - DevSecOps Pipeline/4. SCA (pip-audit + Trivy fs)]   | │ requirements.txt │ pip  │        2        │
[Session 17 - DevSecOps Pipeline/4. SCA (pip-audit + Trivy fs)]   | └──────────────────┴──────┴─────────────────┘
[Session 17 - DevSecOps Pipeline/4. SCA (pip-audit + Trivy fs)]   | Legend:
[Session 17 - DevSecOps Pipeline/4. SCA (pip-audit + Trivy fs)]   | - '-': Not scanned
[Session 17 - DevSecOps Pipeline/4. SCA (pip-audit + Trivy fs)]   | - '0': Clean (no security findings detected)
[Session 17 - DevSecOps Pipeline/4. SCA (pip-audit + Trivy fs)]   | 
[Session 17 - DevSecOps Pipeline/4. SCA (pip-audit + Trivy fs)]   | 
[Session 17 - DevSecOps Pipeline/4. SCA (pip-audit + Trivy fs)]   | For OSS Maintainers: VEX Notice
[Session 17 - DevSecOps Pipeline/4. SCA (pip-audit + Trivy fs)]   | --------------------------------
[Session 17 - DevSecOps Pipeline/4. SCA (pip-audit + Trivy fs)]   | If you're an OSS maintainer and Trivy has detected vulnerabilities in your project that you believe are not actually exploitable, consider issuing a VEX (Vulnerability Exploitability eXchange) statement.
[Session 17 - DevSecOps Pipeline/4. SCA (pip-audit + Trivy fs)]   | VEX allows you to communicate the actual status of vulnerabilities in your project, improving security transparency and reducing false positives for your users.
[Session 17 - DevSecOps Pipeline/4. SCA (pip-audit + Trivy fs)]   | Learn more and start using VEX: https://trivy.dev/docs/v0.75/guide/supply-chain/vex/repo#publishing-vex-documents
[Session 17 - DevSecOps Pipeline/4. SCA (pip-audit + Trivy fs)]   | 
[Session 17 - DevSecOps Pipeline/4. SCA (pip-audit + Trivy fs)]   | To disable this notice, set the TRIVY_DISABLE_VEX_NOTICE environment variable.
[Session 17 - DevSecOps Pipeline/4. SCA (pip-audit + Trivy fs)]   | 
[Session 17 - DevSecOps Pipeline/4. SCA (pip-audit + Trivy fs)]   | 
[Session 17 - DevSecOps Pipeline/4. SCA (pip-audit + Trivy fs)]   | requirements.txt (pip)
[Session 17 - DevSecOps Pipeline/4. SCA (pip-audit + Trivy fs)]   | ======================
[Session 17 - DevSecOps Pipeline/4. SCA (pip-audit + Trivy fs)]   | Total: 2 (HIGH: 2, CRITICAL: 0)
[Session 17 - DevSecOps Pipeline/4. SCA (pip-audit + Trivy fs)]   | 
[Session 17 - DevSecOps Pipeline/4. SCA (pip-audit + Trivy fs)]   | ┌──────────┬───────────────┬──────────┬────────┬───────────────────┬───────────────┬─────────────────────────────────────────────────────────┐
[Session 17 - DevSecOps Pipeline/4. SCA (pip-audit + Trivy fs)]   | │ Library  │ Vulnerability │ Severity │ Status │ Installed Version │ Fixed Version │                          Title                          │
[Session 17 - DevSecOps Pipeline/4. SCA (pip-audit + Trivy fs)]   | ├──────────┼───────────────┼──────────┼────────┼───────────────────┼───────────────┼─────────────────────────────────────────────────────────┤
[Session 17 - DevSecOps Pipeline/4. SCA (pip-audit + Trivy fs)]   | │ gunicorn │ CVE-2024-1135 │ HIGH     │ fixed  │ 20.1.0            │ 22.0.0        │ python-gunicorn: HTTP Request Smuggling due to improper │
[Session 17 - DevSecOps Pipeline/4. SCA (pip-audit + Trivy fs)]   | │          │               │          │        │                   │               │ validation of Transfer-Encoding headers                 │
[Session 17 - DevSecOps Pipeline/4. SCA (pip-audit + Trivy fs)]   | │          │               │          │        │                   │               │ https://avd.aquasec.com/nvd/cve-2024-1135               │
[Session 17 - DevSecOps Pipeline/4. SCA (pip-audit + Trivy fs)]   | │          ├───────────────┤          │        │                   │               ├─────────────────────────────────────────────────────────┤
[Session 17 - DevSecOps Pipeline/4. SCA (pip-audit + Trivy fs)]   | │          │ CVE-2024-6827 │          │        │                   │               │ gunicorn: HTTP Request Smuggling in benoitc/gunicorn    │
[Session 17 - DevSecOps Pipeline/4. SCA (pip-audit + Trivy fs)]   | │          │               │          │        │                   │               │ https://avd.aquasec.com/nvd/cve-2024-6827               │
[Session 17 - DevSecOps Pipeline/4. SCA (pip-audit + Trivy fs)]   | └──────────┴───────────────┴──────────┴────────┴───────────────────┴───────────────┴─────────────────────────────────────────────────────────┘
[Session 17 - DevSecOps Pipeline/4. SCA (pip-audit + Trivy fs)]   ✅  Success - Main Trivy filesystem scan of dependency manifests [38.846048188s]
[Session 17 - DevSecOps Pipeline/4. SCA (pip-audit + Trivy fs)] ⭐ Run Main actions/upload-artifact@v4
[Session 17 - DevSecOps Pipeline/4. SCA (pip-audit + Trivy fs)]   🐳  docker cp src=/home/vansh/.cache/act/actions-upload-artifact@v4/ dst=/var/run/act/actions/actions-upload-artifact@v4/
[Session 17 - DevSecOps Pipeline/4. SCA (pip-audit + Trivy fs)]   🐳  docker exec cmd=[/opt/acttoolcache/node/24.19.0/x64/bin/node /var/run/act/actions/actions-upload-artifact@v4/dist/upload/index.js] user= workdir=
[Session 17 - DevSecOps Pipeline/4. SCA (pip-audit + Trivy fs)]   | (node:282) [DEP0040] DeprecationWarning: The `punycode` module is deprecated. Please use a userland alternative instead.
[Session 17 - DevSecOps Pipeline/4. SCA (pip-audit + Trivy fs)]   | (Use `node --trace-deprecation ...` to show where the warning was created)
[Session 17 - DevSecOps Pipeline/4. SCA (pip-audit + Trivy fs)]   | With the provided path, there will be 2 files uploaded
[Session 17 - DevSecOps Pipeline/4. SCA (pip-audit + Trivy fs)]   | Artifact name is valid!
[Session 17 - DevSecOps Pipeline/4. SCA (pip-audit + Trivy fs)]   | Root directory input is valid!
[Session 17 - DevSecOps Pipeline/4. SCA (pip-audit + Trivy fs)]   | Beginning upload of artifact content to blob storage
[Session 17 - DevSecOps Pipeline/4. SCA (pip-audit + Trivy fs)]   | (node:282) [DEP0169] DeprecationWarning: `url.parse()` behavior is not standardized and prone to errors that have security implications. Use the WHATWG URL API instead. CVEs are not issued for `url.parse()` vulnerabilities.
[Session 17 - DevSecOps Pipeline/4. SCA (pip-audit + Trivy fs)]   | Uploaded bytes 3689
[Session 17 - DevSecOps Pipeline/4. SCA (pip-audit + Trivy fs)]   | Finished uploading artifact content to blob storage!
[Session 17 - DevSecOps Pipeline/4. SCA (pip-audit + Trivy fs)]   | SHA256 digest of uploaded artifact zip is 8cad6727862da054e1f67d544d6f5b9b03ed53a7c04333f1b94acc672f055176
[Session 17 - DevSecOps Pipeline/4. SCA (pip-audit + Trivy fs)]   | Finalizing artifact upload
[Session 17 - DevSecOps Pipeline/4. SCA (pip-audit + Trivy fs)]   | Artifact sca-reports.zip successfully finalized. Artifact ID 690153812
[Session 17 - DevSecOps Pipeline/4. SCA (pip-audit + Trivy fs)]   | Artifact sca-reports has been successfully uploaded! Final size is 3689 bytes. Artifact ID is 690153812
[Session 17 - DevSecOps Pipeline/4. SCA (pip-audit + Trivy fs)]   | Artifact download URL: https://github.com/v4xsh/devops-homework/actions/runs/1/artifacts/690153812
[Session 17 - DevSecOps Pipeline/4. SCA (pip-audit + Trivy fs)]   ✅  Success - Main actions/upload-artifact@v4 [1.257847304s]
[Session 17 - DevSecOps Pipeline/4. SCA (pip-audit + Trivy fs)]   ⚙  ::set-output:: artifact-id=690153812
[Session 17 - DevSecOps Pipeline/4. SCA (pip-audit + Trivy fs)]   ⚙  ::set-output:: artifact-digest=8cad6727862da054e1f67d544d6f5b9b03ed53a7c04333f1b94acc672f055176
[Session 17 - DevSecOps Pipeline/4. SCA (pip-audit + Trivy fs)]   ⚙  ::set-output:: artifact-url=https://github.com/v4xsh/devops-homework/actions/runs/1/artifacts/690153812
[Session 17 - DevSecOps Pipeline/4. SCA (pip-audit + Trivy fs)] ⭐ Run Post actions/setup-python@v5
[Session 17 - DevSecOps Pipeline/4. SCA (pip-audit + Trivy fs)]   🐳  docker exec cmd=[/opt/acttoolcache/node/24.19.0/x64/bin/node /var/run/act/actions/actions-setup-python@v5/dist/cache-save/index.js] user= workdir=
[Session 17 - DevSecOps Pipeline/4. SCA (pip-audit + Trivy fs)]   | (node:299) [DEP0040] DeprecationWarning: The `punycode` module is deprecated. Please use a userland alternative instead.
[Session 17 - DevSecOps Pipeline/4. SCA (pip-audit + Trivy fs)]   | (Use `node --trace-deprecation ...` to show where the warning was created)
[Session 17 - DevSecOps Pipeline/4. SCA (pip-audit + Trivy fs)]   ✅  Success - Post actions/setup-python@v5 [207.767523ms]
[Session 17 - DevSecOps Pipeline/4. SCA (pip-audit + Trivy fs)] ⭐ Run Complete job
[Session 17 - DevSecOps Pipeline/4. SCA (pip-audit + Trivy fs)] Cleaning up container for job 4. SCA (pip-audit + Trivy fs)
[Session 17 - DevSecOps Pipeline/4. SCA (pip-audit + Trivy fs)]   ✅  Success - Complete job
[Session 17 - DevSecOps Pipeline/4. SCA (pip-audit + Trivy fs)] 🏁  Job succeeded
[Session 17 - DevSecOps Pipeline/5. Secret Scan (Gitleaks)    ] ⭐ Run Set up job
[Session 17 - DevSecOps Pipeline/5. Secret Scan (Gitleaks)    ] 🚀  Start image=catthehacker/ubuntu:act-latest
[Session 17 - DevSecOps Pipeline/5. Secret Scan (Gitleaks)    ]   🐳  docker pull image=catthehacker/ubuntu:act-latest platform=linux/amd64 username= forcePull=false
[Session 17 - DevSecOps Pipeline/5. Secret Scan (Gitleaks)    ]   🐳  docker create image=catthehacker/ubuntu:act-latest platform=linux/amd64 entrypoint=["tail" "-f" "/dev/null"] cmd=[] network="minikube"
[Session 17 - DevSecOps Pipeline/5. Secret Scan (Gitleaks)    ]   🐳  docker run image=catthehacker/ubuntu:act-latest platform=linux/amd64 entrypoint=["tail" "-f" "/dev/null"] cmd=[] network="minikube"
[Session 17 - DevSecOps Pipeline/5. Secret Scan (Gitleaks)    ]   🐳  docker exec cmd=[node --no-warnings -e console.log(process.execPath)] user= workdir=
[Session 17 - DevSecOps Pipeline/5. Secret Scan (Gitleaks)    ]   ✅  Success - Set up job
[Session 17 - DevSecOps Pipeline/5. Secret Scan (Gitleaks)    ]   ☁  git clone 'https://github.com/actions/upload-artifact' # ref=v4
[Session 17 - DevSecOps Pipeline/5. Secret Scan (Gitleaks)    ] ⭐ Run Main actions/checkout@v4
[Session 17 - DevSecOps Pipeline/5. Secret Scan (Gitleaks)    ]   🐳  docker cp src=/home/vansh/act-stage/session-17-devsecops/devops-homework/. dst=/home/vansh/act-stage/session-17-devsecops/devops-homework
[Session 17 - DevSecOps Pipeline/5. Secret Scan (Gitleaks)    ]   ✅  Success - Main actions/checkout@v4 [42.666584ms]
[Session 17 - DevSecOps Pipeline/5. Secret Scan (Gitleaks)    ] ⭐ Run Main Install Gitleaks
[Session 17 - DevSecOps Pipeline/5. Secret Scan (Gitleaks)    ]   🐳  docker exec cmd=[bash --noprofile --norc -e -o pipefail /var/run/act/workflow/1.sh] user= workdir=session-17-devsecops
[Session 17 - DevSecOps Pipeline/5. Secret Scan (Gitleaks)    ]   | 8.21.2
[Session 17 - DevSecOps Pipeline/5. Secret Scan (Gitleaks)    ]   ✅  Success - Main Install Gitleaks [2.039511008s]
[Session 17 - DevSecOps Pipeline/5. Secret Scan (Gitleaks)    ]   ⚙  ::add-path:: /root/.local/bin
[Session 17 - DevSecOps Pipeline/5. Secret Scan (Gitleaks)    ] ⭐ Run Main Scan git history and working tree (fails the pipeline on any leak)
[Session 17 - DevSecOps Pipeline/5. Secret Scan (Gitleaks)    ]   🐳  docker exec cmd=[bash --noprofile --norc -e -o pipefail /var/run/act/workflow/2.sh] user= workdir=session-17-devsecops
[Session 17 - DevSecOps Pipeline/5. Secret Scan (Gitleaks)    ]   | 
[Session 17 - DevSecOps Pipeline/5. Secret Scan (Gitleaks)    ]   |     ○
[Session 17 - DevSecOps Pipeline/5. Secret Scan (Gitleaks)    ]   |     │╲
[Session 17 - DevSecOps Pipeline/5. Secret Scan (Gitleaks)    ]   |     │ ○
[Session 17 - DevSecOps Pipeline/5. Secret Scan (Gitleaks)    ]   |     ○ ░
[Session 17 - DevSecOps Pipeline/5. Secret Scan (Gitleaks)    ]   |     ░    gitleaks
[Session 17 - DevSecOps Pipeline/5. Secret Scan (Gitleaks)    ]   | 
[Session 17 - DevSecOps Pipeline/5. Secret Scan (Gitleaks)    ]   | 6:13PM INF 2 commits scanned.
[Session 17 - DevSecOps Pipeline/5. Secret Scan (Gitleaks)    ]   | 6:13PM INF scan completed in 8.87ms
[Session 17 - DevSecOps Pipeline/5. Secret Scan (Gitleaks)    ]   | 6:13PM INF no leaks found
[Session 17 - DevSecOps Pipeline/5. Secret Scan (Gitleaks)    ]   | 
[Session 17 - DevSecOps Pipeline/5. Secret Scan (Gitleaks)    ]   |     ○
[Session 17 - DevSecOps Pipeline/5. Secret Scan (Gitleaks)    ]   |     │╲
[Session 17 - DevSecOps Pipeline/5. Secret Scan (Gitleaks)    ]   |     │ ○
[Session 17 - DevSecOps Pipeline/5. Secret Scan (Gitleaks)    ]   |     ○ ░
[Session 17 - DevSecOps Pipeline/5. Secret Scan (Gitleaks)    ]   |     ░    gitleaks
[Session 17 - DevSecOps Pipeline/5. Secret Scan (Gitleaks)    ]   | 
[Session 17 - DevSecOps Pipeline/5. Secret Scan (Gitleaks)    ]   | 6:13PM INF scan completed in 6.04ms
[Session 17 - DevSecOps Pipeline/5. Secret Scan (Gitleaks)    ]   | 6:13PM INF no leaks found
[Session 17 - DevSecOps Pipeline/5. Secret Scan (Gitleaks)    ]   ✅  Success - Main Scan git history and working tree (fails the pipeline on any leak) [154.961493ms]
[Session 17 - DevSecOps Pipeline/5. Secret Scan (Gitleaks)    ] ⭐ Run Main actions/upload-artifact@v4
[Session 17 - DevSecOps Pipeline/5. Secret Scan (Gitleaks)    ]   🐳  docker cp src=/home/vansh/.cache/act/actions-upload-artifact@v4/ dst=/var/run/act/actions/actions-upload-artifact@v4/
[Session 17 - DevSecOps Pipeline/5. Secret Scan (Gitleaks)    ]   🐳  docker exec cmd=[/opt/acttoolcache/node/24.19.0/x64/bin/node /var/run/act/actions/actions-upload-artifact@v4/dist/upload/index.js] user= workdir=
[Session 17 - DevSecOps Pipeline/5. Secret Scan (Gitleaks)    ]   | (node:89) [DEP0040] DeprecationWarning: The `punycode` module is deprecated. Please use a userland alternative instead.
[Session 17 - DevSecOps Pipeline/5. Secret Scan (Gitleaks)    ]   | (Use `node --trace-deprecation ...` to show where the warning was created)
[Session 17 - DevSecOps Pipeline/5. Secret Scan (Gitleaks)    ]   | With the provided path, there will be 2 files uploaded
[Session 17 - DevSecOps Pipeline/5. Secret Scan (Gitleaks)    ]   | Artifact name is valid!
[Session 17 - DevSecOps Pipeline/5. Secret Scan (Gitleaks)    ]   | Root directory input is valid!
[Session 17 - DevSecOps Pipeline/5. Secret Scan (Gitleaks)    ]   | Beginning upload of artifact content to blob storage
[Session 17 - DevSecOps Pipeline/5. Secret Scan (Gitleaks)    ]   | (node:89) [DEP0169] DeprecationWarning: `url.parse()` behavior is not standardized and prone to errors that have security implications. Use the WHATWG URL API instead. CVEs are not issued for `url.parse()` vulnerabilities.
[Session 17 - DevSecOps Pipeline/5. Secret Scan (Gitleaks)    ]   | Uploaded bytes 284
[Session 17 - DevSecOps Pipeline/5. Secret Scan (Gitleaks)    ]   | Finished uploading artifact content to blob storage!
[Session 17 - DevSecOps Pipeline/5. Secret Scan (Gitleaks)    ]   | SHA256 digest of uploaded artifact zip is c492e4cc23f15f9de6c214bea4830d2bd90312cd9e998355ed24d862b913a1a8
[Session 17 - DevSecOps Pipeline/5. Secret Scan (Gitleaks)    ]   | Finalizing artifact upload
[Session 17 - DevSecOps Pipeline/5. Secret Scan (Gitleaks)    ]   | Artifact secret-scan-reports.zip successfully finalized. Artifact ID 2775750947
[Session 17 - DevSecOps Pipeline/5. Secret Scan (Gitleaks)    ]   | Artifact secret-scan-reports has been successfully uploaded! Final size is 284 bytes. Artifact ID is 2775750947
[Session 17 - DevSecOps Pipeline/5. Secret Scan (Gitleaks)    ]   | Artifact download URL: https://github.com/v4xsh/devops-homework/actions/runs/1/artifacts/2775750947
[Session 17 - DevSecOps Pipeline/5. Secret Scan (Gitleaks)    ]   ✅  Success - Main actions/upload-artifact@v4 [693.586597ms]
[Session 17 - DevSecOps Pipeline/5. Secret Scan (Gitleaks)    ]   ⚙  ::set-output:: artifact-digest=c492e4cc23f15f9de6c214bea4830d2bd90312cd9e998355ed24d862b913a1a8
[Session 17 - DevSecOps Pipeline/5. Secret Scan (Gitleaks)    ]   ⚙  ::set-output:: artifact-url=https://github.com/v4xsh/devops-homework/actions/runs/1/artifacts/2775750947
[Session 17 - DevSecOps Pipeline/5. Secret Scan (Gitleaks)    ]   ⚙  ::set-output:: artifact-id=2775750947
[Session 17 - DevSecOps Pipeline/5. Secret Scan (Gitleaks)    ] ⭐ Run Complete job
[Session 17 - DevSecOps Pipeline/5. Secret Scan (Gitleaks)    ] Cleaning up container for job 5. Secret Scan (Gitleaks)
[Session 17 - DevSecOps Pipeline/5. Secret Scan (Gitleaks)    ]   ✅  Success - Complete job
[Session 17 - DevSecOps Pipeline/5. Secret Scan (Gitleaks)    ] 🏁  Job succeeded
[Session 17 - DevSecOps Pipeline/6. Docker Build              ] ⭐ Run Set up job
[Session 17 - DevSecOps Pipeline/6. Docker Build              ] 🚀  Start image=catthehacker/ubuntu:act-latest
[Session 17 - DevSecOps Pipeline/6. Docker Build              ]   🐳  docker pull image=catthehacker/ubuntu:act-latest platform=linux/amd64 username= forcePull=false
[Session 17 - DevSecOps Pipeline/6. Docker Build              ]   🐳  docker create image=catthehacker/ubuntu:act-latest platform=linux/amd64 entrypoint=["tail" "-f" "/dev/null"] cmd=[] network="minikube"
[Session 17 - DevSecOps Pipeline/6. Docker Build              ]   🐳  docker run image=catthehacker/ubuntu:act-latest platform=linux/amd64 entrypoint=["tail" "-f" "/dev/null"] cmd=[] network="minikube"
[Session 17 - DevSecOps Pipeline/6. Docker Build              ]   🐳  docker exec cmd=[node --no-warnings -e console.log(process.execPath)] user= workdir=
[Session 17 - DevSecOps Pipeline/6. Docker Build              ]   ✅  Success - Set up job
[Session 17 - DevSecOps Pipeline/6. Docker Build              ]   ☁  git clone 'https://github.com/actions/upload-artifact' # ref=v4
[Session 17 - DevSecOps Pipeline/6. Docker Build              ] ⭐ Run Main actions/checkout@v4
[Session 17 - DevSecOps Pipeline/6. Docker Build              ]   🐳  docker cp src=/home/vansh/act-stage/session-17-devsecops/devops-homework/. dst=/home/vansh/act-stage/session-17-devsecops/devops-homework
[Session 17 - DevSecOps Pipeline/6. Docker Build              ]   ✅  Success - Main actions/checkout@v4 [41.671171ms]
[Session 17 - DevSecOps Pipeline/6. Docker Build              ] ⭐ Run Main echo "tag=${GITHUB_SHA::7}" >> "$GITHUB_OUTPUT"
[Session 17 - DevSecOps Pipeline/6. Docker Build              ]   🐳  docker exec cmd=[bash --noprofile --norc -e -o pipefail /var/run/act/workflow/meta.sh] user= workdir=session-17-devsecops
[Session 17 - DevSecOps Pipeline/6. Docker Build              ]   ✅  Success - Main echo "tag=${GITHUB_SHA::7}" >> "$GITHUB_OUTPUT" [59.834764ms]
[Session 17 - DevSecOps Pipeline/6. Docker Build              ]   ⚙  ::set-output:: tag=901b54d
[Session 17 - DevSecOps Pipeline/6. Docker Build              ] ⭐ Run Main Build image
[Session 17 - DevSecOps Pipeline/6. Docker Build              ]   🐳  docker exec cmd=[bash --noprofile --norc -e -o pipefail /var/run/act/workflow/2.sh] user= workdir=session-17-devsecops
[Session 17 - DevSecOps Pipeline/6. Docker Build              ]   | #0 building with "default" instance using docker driver
[Session 17 - DevSecOps Pipeline/6. Docker Build              ]   | 
[Session 17 - DevSecOps Pipeline/6. Docker Build              ]   | #1 [internal] load build definition from Dockerfile
[Session 17 - DevSecOps Pipeline/6. Docker Build              ]   | #1 transferring dockerfile: 959B done
[Session 17 - DevSecOps Pipeline/6. Docker Build              ]   | #1 DONE 0.0s
[Session 17 - DevSecOps Pipeline/6. Docker Build              ]   | 
[Session 17 - DevSecOps Pipeline/6. Docker Build              ]   | #2 [internal] load metadata for public.ecr.aws/docker/library/python:3.9.7-slim-buster
[Session 17 - DevSecOps Pipeline/6. Docker Build              ]   | #2 DONE 0.0s
[Session 17 - DevSecOps Pipeline/6. Docker Build              ]   | 
[Session 17 - DevSecOps Pipeline/6. Docker Build              ]   | #3 [internal] load .dockerignore
[Session 17 - DevSecOps Pipeline/6. Docker Build              ]   | #3 transferring context: 205B done
[Session 17 - DevSecOps Pipeline/6. Docker Build              ]   | #3 DONE 0.0s
[Session 17 - DevSecOps Pipeline/6. Docker Build              ]   | 
[Session 17 - DevSecOps Pipeline/6. Docker Build              ]   | #4 [internal] load build context
[Session 17 - DevSecOps Pipeline/6. Docker Build              ]   | #4 DONE 0.0s
[Session 17 - DevSecOps Pipeline/6. Docker Build              ]   | 
[Session 17 - DevSecOps Pipeline/6. Docker Build              ]   | #5 [1/6] FROM public.ecr.aws/docker/library/python:3.9.7-slim-buster@sha256:76eaa9e5bd357d6983a88ddc9c4545ef4ad64c50f84f081ba952c7ed08e3bdd6
[Session 17 - DevSecOps Pipeline/6. Docker Build              ]   | #5 resolve public.ecr.aws/docker/library/python:3.9.7-slim-buster@sha256:76eaa9e5bd357d6983a88ddc9c4545ef4ad64c50f84f081ba952c7ed08e3bdd6 0.0s done
[Session 17 - DevSecOps Pipeline/6. Docker Build              ]   | #5 DONE 0.0s
[Session 17 - DevSecOps Pipeline/6. Docker Build              ]   | 
[Session 17 - DevSecOps Pipeline/6. Docker Build              ]   | #4 [internal] load build context
[Session 17 - DevSecOps Pipeline/6. Docker Build              ]   | #4 transferring context: 3.06kB done
[Session 17 - DevSecOps Pipeline/6. Docker Build              ]   | #4 DONE 0.0s
[Session 17 - DevSecOps Pipeline/6. Docker Build              ]   | 
[Session 17 - DevSecOps Pipeline/6. Docker Build              ]   | #6 [2/6] WORKDIR /app
[Session 17 - DevSecOps Pipeline/6. Docker Build              ]   | #6 CACHED
[Session 17 - DevSecOps Pipeline/6. Docker Build              ]   | 
[Session 17 - DevSecOps Pipeline/6. Docker Build              ]   | #7 [3/6] COPY requirements.txt .
[Session 17 - DevSecOps Pipeline/6. Docker Build              ]   | #7 DONE 0.0s
[Session 17 - DevSecOps Pipeline/6. Docker Build              ]   | 
[Session 17 - DevSecOps Pipeline/6. Docker Build              ]   | #8 [4/6] RUN pip install --no-cache-dir -r requirements.txt
[Session 17 - DevSecOps Pipeline/6. Docker Build              ]   | #8 1.781 Collecting Flask==3.1.2
[Session 17 - DevSecOps Pipeline/6. Docker Build              ]   | #8 2.475   Downloading flask-3.1.2-py3-none-any.whl (103 kB)
[Session 17 - DevSecOps Pipeline/6. Docker Build              ]   | #8 2.621 Collecting gunicorn==20.1.0
[Session 17 - DevSecOps Pipeline/6. Docker Build              ]   | #8 2.658   Downloading gunicorn-20.1.0-py3-none-any.whl (79 kB)
[Session 17 - DevSecOps Pipeline/6. Docker Build              ]   | #8 2.718 Collecting jinja2>=3.1.2
[Session 17 - DevSecOps Pipeline/6. Docker Build              ]   | #8 2.750   Downloading jinja2-3.1.6-py3-none-any.whl (134 kB)
[Session 17 - DevSecOps Pipeline/6. Docker Build              ]   | #8 2.864 Collecting importlib-metadata>=3.6.0
[Session 17 - DevSecOps Pipeline/6. Docker Build              ]   | #8 2.883   Downloading importlib_metadata-8.7.1-py3-none-any.whl (27 kB)
[Session 17 - DevSecOps Pipeline/6. Docker Build              ]   | #8 2.991 Collecting werkzeug>=3.1.0
[Session 17 - DevSecOps Pipeline/6. Docker Build              ]   | #8 3.049   Downloading werkzeug-3.1.9-py3-none-any.whl (228 kB)
[Session 17 - DevSecOps Pipeline/6. Docker Build              ]   | #8 3.090 Collecting blinker>=1.9.0
[Session 17 - DevSecOps Pipeline/6. Docker Build              ]   | #8 3.149   Downloading blinker-1.9.0-py3-none-any.whl (8.5 kB)
[Session 17 - DevSecOps Pipeline/6. Docker Build              ]   | #8 3.198 Collecting click>=8.1.3
[Session 17 - DevSecOps Pipeline/6. Docker Build              ]   | #8 3.249   Downloading click-8.1.8-py3-none-any.whl (98 kB)
[Session 17 - DevSecOps Pipeline/6. Docker Build              ]   | #8 3.482 Collecting markupsafe>=2.1.1
[Session 17 - DevSecOps Pipeline/6. Docker Build              ]   | #8 3.552   Downloading markupsafe-3.0.4-cp39-cp39-manylinux2014_x86_64.manylinux_2_17_x86_64.manylinux_2_28_x86_64.whl (20 kB)
[Session 17 - DevSecOps Pipeline/6. Docker Build              ]   | #8 3.580 Collecting itsdangerous>=2.2.0
[Session 17 - DevSecOps Pipeline/6. Docker Build              ]   | #8 3.650   Downloading itsdangerous-2.2.0-py3-none-any.whl (16 kB)
[Session 17 - DevSecOps Pipeline/6. Docker Build              ]   | #8 3.656 Requirement already satisfied: setuptools>=3.0 in /usr/local/lib/python3.9/site-packages (from gunicorn==20.1.0->-r requirements.txt (line 2)) (57.5.0)
[Session 17 - DevSecOps Pipeline/6. Docker Build              ]   | #8 3.719 Collecting zipp>=3.20
[Session 17 - DevSecOps Pipeline/6. Docker Build              ]   | #8 3.748   Downloading zipp-3.23.1-py3-none-any.whl (10 kB)
[Session 17 - DevSecOps Pipeline/6. Docker Build              ]   | #8 3.840 Installing collected packages: zipp, markupsafe, werkzeug, jinja2, itsdangerous, importlib-metadata, click, blinker, gunicorn, Flask
[Session 17 - DevSecOps Pipeline/6. Docker Build              ]   | #8 4.386 Successfully installed Flask-3.1.2 blinker-1.9.0 click-8.1.8 gunicorn-20.1.0 importlib-metadata-8.7.1 itsdangerous-2.2.0 jinja2-3.1.6 markupsafe-3.0.4 werkzeug-3.1.9 zipp-3.23.1
[Session 17 - DevSecOps Pipeline/6. Docker Build              ]   | #8 4.386 WARNING: Running pip as the 'root' user can result in broken permissions and conflicting behaviour with the system package manager. It is recommended to use a virtual environment instead: https://pip.pypa.io/warnings/venv
[Session 17 - DevSecOps Pipeline/6. Docker Build              ]   | #8 DONE 4.6s
[Session 17 - DevSecOps Pipeline/6. Docker Build              ]   | 
[Session 17 - DevSecOps Pipeline/6. Docker Build              ]   | #9 [5/6] COPY app ./app
[Session 17 - DevSecOps Pipeline/6. Docker Build              ]   | #9 DONE 0.1s
[Session 17 - DevSecOps Pipeline/6. Docker Build              ]   | 
[Session 17 - DevSecOps Pipeline/6. Docker Build              ]   | #10 [6/6] RUN useradd --uid 10001 --no-create-home --shell /usr/sbin/nologin appuser
[Session 17 - DevSecOps Pipeline/6. Docker Build              ]   | #10 DONE 0.3s
[Session 17 - DevSecOps Pipeline/6. Docker Build              ]   | 
[Session 17 - DevSecOps Pipeline/6. Docker Build              ]   | #11 exporting to image
[Session 17 - DevSecOps Pipeline/6. Docker Build              ]   | #11 exporting layers
[Session 17 - DevSecOps Pipeline/6. Docker Build              ]   | #11 exporting layers 0.3s done
[Session 17 - DevSecOps Pipeline/6. Docker Build              ]   | #11 exporting manifest sha256:eff695aa4a0c2d5536e1509218b4a090cff353bfe0a481589da08f83801dbf87 0.0s done
[Session 17 - DevSecOps Pipeline/6. Docker Build              ]   | #11 exporting config sha256:7ee5d8f9abce3af216277b7a10157284753a5e280b8c73a3af926d2b3f5779ed 0.1s done
[Session 17 - DevSecOps Pipeline/6. Docker Build              ]   | #11 exporting attestation manifest sha256:601b23685271f369e0dcbf77821c0cf5e600eba8d566639a9fa3365675af9948
[Session 17 - DevSecOps Pipeline/6. Docker Build              ]   | #11 exporting attestation manifest sha256:601b23685271f369e0dcbf77821c0cf5e600eba8d566639a9fa3365675af9948 0.1s done
[Session 17 - DevSecOps Pipeline/6. Docker Build              ]   | #11 exporting manifest list sha256:c4176feb22680b6ced72c052b156acf2503a665f84f61fd5075a183a9b618d38 0.0s done
[Session 17 - DevSecOps Pipeline/6. Docker Build              ]   | #11 naming to docker.io/library/s17-devsecops-api:901b54d done
[Session 17 - DevSecOps Pipeline/6. Docker Build              ]   | #11 unpacking to docker.io/library/s17-devsecops-api:901b54d
[Session 17 - DevSecOps Pipeline/6. Docker Build              ]   | #11 unpacking to docker.io/library/s17-devsecops-api:901b54d 0.2s done
[Session 17 - DevSecOps Pipeline/6. Docker Build              ]   | #11 DONE 0.8s
[Session 17 - DevSecOps Pipeline/6. Docker Build              ]   | user=10001 size=185271327 created=2026-10-07T18:13:19.282667653Z
[Session 17 - DevSecOps Pipeline/6. Docker Build              ]   ✅  Success - Main Build image [8.305681101s]
[Session 17 - DevSecOps Pipeline/6. Docker Build              ] ⭐ Run Main actions/upload-artifact@v4
[Session 17 - DevSecOps Pipeline/6. Docker Build              ]   🐳  docker cp src=/home/vansh/.cache/act/actions-upload-artifact@v4/ dst=/var/run/act/actions/actions-upload-artifact@v4/
[Session 17 - DevSecOps Pipeline/6. Docker Build              ]   🐳  docker exec cmd=[/opt/acttoolcache/node/24.19.0/x64/bin/node /var/run/act/actions/actions-upload-artifact@v4/dist/upload/index.js] user= workdir=
[Session 17 - DevSecOps Pipeline/6. Docker Build              ]   | (node:117) [DEP0040] DeprecationWarning: The `punycode` module is deprecated. Please use a userland alternative instead.
[Session 17 - DevSecOps Pipeline/6. Docker Build              ]   | (Use `node --trace-deprecation ...` to show where the warning was created)
[Session 17 - DevSecOps Pipeline/6. Docker Build              ]   | With the provided path, there will be 1 file uploaded
[Session 17 - DevSecOps Pipeline/6. Docker Build              ]   | Artifact name is valid!
[Session 17 - DevSecOps Pipeline/6. Docker Build              ]   | Root directory input is valid!
[Session 17 - DevSecOps Pipeline/6. Docker Build              ]   | Beginning upload of artifact content to blob storage
[Session 17 - DevSecOps Pipeline/6. Docker Build              ]   | (node:117) [DEP0169] DeprecationWarning: `url.parse()` behavior is not standardized and prone to errors that have security implications. Use the WHATWG URL API instead. CVEs are not issued for `url.parse()` vulnerabilities.
[Session 17 - DevSecOps Pipeline/6. Docker Build              ]   | Uploaded bytes 8388608
[Session 17 - DevSecOps Pipeline/6. Docker Build              ]   | Uploaded bytes 16777216
[Session 17 - DevSecOps Pipeline/6. Docker Build              ]   | Uploaded bytes 25165824
[Session 17 - DevSecOps Pipeline/6. Docker Build              ]   | Uploaded bytes 33554432
[Session 17 - DevSecOps Pipeline/6. Docker Build              ]   | Uploaded bytes 41943040
[Session 17 - DevSecOps Pipeline/6. Docker Build              ]   | Uploaded bytes 44543935
[Session 17 - DevSecOps Pipeline/6. Docker Build              ]   | Finished uploading artifact content to blob storage!
[Session 17 - DevSecOps Pipeline/6. Docker Build              ]   | SHA256 digest of uploaded artifact zip is 4dfb6b5db5ee3f81ed1e9d29a91e2ba01e41589b81aeae112e83920db1daac8c
[Session 17 - DevSecOps Pipeline/6. Docker Build              ]   | Finalizing artifact upload
[Session 17 - DevSecOps Pipeline/6. Docker Build              ]   | Artifact docker-image.zip successfully finalized. Artifact ID 3572604477
[Session 17 - DevSecOps Pipeline/6. Docker Build              ]   | Artifact docker-image has been successfully uploaded! Final size is 44543935 bytes. Artifact ID is 3572604477
[Session 17 - DevSecOps Pipeline/6. Docker Build              ]   | Artifact download URL: https://github.com/v4xsh/devops-homework/actions/runs/1/artifacts/3572604477
[Session 17 - DevSecOps Pipeline/6. Docker Build              ]   ✅  Success - Main actions/upload-artifact@v4 [1.869666933s]
[Session 17 - DevSecOps Pipeline/6. Docker Build              ]   ⚙  ::set-output:: artifact-id=3572604477
[Session 17 - DevSecOps Pipeline/6. Docker Build              ]   ⚙  ::set-output:: artifact-digest=4dfb6b5db5ee3f81ed1e9d29a91e2ba01e41589b81aeae112e83920db1daac8c
[Session 17 - DevSecOps Pipeline/6. Docker Build              ]   ⚙  ::set-output:: artifact-url=https://github.com/v4xsh/devops-homework/actions/runs/1/artifacts/3572604477
[Session 17 - DevSecOps Pipeline/6. Docker Build              ] ⭐ Run Complete job
[Session 17 - DevSecOps Pipeline/6. Docker Build              ] Cleaning up container for job 6. Docker Build
[Session 17 - DevSecOps Pipeline/6. Docker Build              ]   ✅  Success - Complete job
[Session 17 - DevSecOps Pipeline/6. Docker Build              ] 🏁  Job succeeded
[Session 17 - DevSecOps Pipeline/7. Image Scan (Trivy)        ] ⭐ Run Set up job
[Session 17 - DevSecOps Pipeline/7. Image Scan (Trivy)        ] 🚀  Start image=catthehacker/ubuntu:act-latest
[Session 17 - DevSecOps Pipeline/7. Image Scan (Trivy)        ]   🐳  docker pull image=catthehacker/ubuntu:act-latest platform=linux/amd64 username= forcePull=false
[Session 17 - DevSecOps Pipeline/7. Image Scan (Trivy)        ]   🐳  docker create image=catthehacker/ubuntu:act-latest platform=linux/amd64 entrypoint=["tail" "-f" "/dev/null"] cmd=[] network="minikube"
[Session 17 - DevSecOps Pipeline/7. Image Scan (Trivy)        ]   🐳  docker run image=catthehacker/ubuntu:act-latest platform=linux/amd64 entrypoint=["tail" "-f" "/dev/null"] cmd=[] network="minikube"
[Session 17 - DevSecOps Pipeline/7. Image Scan (Trivy)        ]   🐳  docker exec cmd=[node --no-warnings -e console.log(process.execPath)] user= workdir=
[Session 17 - DevSecOps Pipeline/7. Image Scan (Trivy)        ]   ✅  Success - Set up job
[Session 17 - DevSecOps Pipeline/7. Image Scan (Trivy)        ]   ☁  git clone 'https://github.com/actions/download-artifact' # ref=v4
[Session 17 - DevSecOps Pipeline/7. Image Scan (Trivy)        ]   ☁  git clone 'https://github.com/actions/upload-artifact' # ref=v4
[Session 17 - DevSecOps Pipeline/7. Image Scan (Trivy)        ] ⭐ Run Main actions/checkout@v4
[Session 17 - DevSecOps Pipeline/7. Image Scan (Trivy)        ]   🐳  docker cp src=/home/vansh/act-stage/session-17-devsecops/devops-homework/. dst=/home/vansh/act-stage/session-17-devsecops/devops-homework
[Session 17 - DevSecOps Pipeline/7. Image Scan (Trivy)        ]   ✅  Success - Main actions/checkout@v4 [48.506836ms]
[Session 17 - DevSecOps Pipeline/7. Image Scan (Trivy)        ] ⭐ Run Main actions/download-artifact@v4
[Session 17 - DevSecOps Pipeline/7. Image Scan (Trivy)        ]   🐳  docker cp src=/home/vansh/.cache/act/actions-download-artifact@v4/ dst=/var/run/act/actions/actions-download-artifact@v4/
[Session 17 - DevSecOps Pipeline/7. Image Scan (Trivy)        ]   🐳  docker exec cmd=[/opt/acttoolcache/node/24.19.0/x64/bin/node /var/run/act/actions/actions-download-artifact@v4/dist/index.js] user= workdir=
[Session 17 - DevSecOps Pipeline/7. Image Scan (Trivy)        ]   | Downloading single artifact
[Session 17 - DevSecOps Pipeline/7. Image Scan (Trivy)        ]   | (node:31) [DEP0040] DeprecationWarning: The `punycode` module is deprecated. Please use a userland alternative instead.
[Session 17 - DevSecOps Pipeline/7. Image Scan (Trivy)        ]   | (Use `node --trace-deprecation ...` to show where the warning was created)
[Session 17 - DevSecOps Pipeline/7. Image Scan (Trivy)        ]   | Preparing to download the following artifacts:
[Session 17 - DevSecOps Pipeline/7. Image Scan (Trivy)        ]   | - docker-image (ID: 3572604477, Size: 4096, Expected Digest: undefined)
[Session 17 - DevSecOps Pipeline/7. Image Scan (Trivy)        ]   | Redirecting to blob download url: http://172.17.9.114:34567/twirp/github.actions.results.api.v1.ArtifactService/DownloadArtifact
[Session 17 - DevSecOps Pipeline/7. Image Scan (Trivy)        ]   | Starting download of artifact to: /home/vansh/act-stage/session-17-devsecops/devops-homework/session-17-devsecops
[Session 17 - DevSecOps Pipeline/7. Image Scan (Trivy)        ]   | (node:31) [DEP0005] DeprecationWarning: Buffer() is deprecated due to security and usability issues. Please use the Buffer.alloc(), Buffer.allocUnsafe(), or Buffer.from() methods instead.
[Session 17 - DevSecOps Pipeline/7. Image Scan (Trivy)        ]   | SHA256 digest of downloaded artifact is 4dfb6b5db5ee3f81ed1e9d29a91e2ba01e41589b81aeae112e83920db1daac8c
[Session 17 - DevSecOps Pipeline/7. Image Scan (Trivy)        ]   | Artifact download completed successfully.
[Session 17 - DevSecOps Pipeline/7. Image Scan (Trivy)        ]   | Total of 1 artifact(s) downloaded
[Session 17 - DevSecOps Pipeline/7. Image Scan (Trivy)        ]   | Download artifact has finished successfully
[Session 17 - DevSecOps Pipeline/7. Image Scan (Trivy)        ]   ✅  Success - Main actions/download-artifact@v4 [1.019861218s]
[Session 17 - DevSecOps Pipeline/7. Image Scan (Trivy)        ]   ⚙  ::set-output:: download-path=/home/vansh/act-stage/session-17-devsecops/devops-homework/session-17-devsecops
[Session 17 - DevSecOps Pipeline/7. Image Scan (Trivy)        ] ⭐ Run Main Install Trivy
[Session 17 - DevSecOps Pipeline/7. Image Scan (Trivy)        ]   🐳  docker exec cmd=[bash --noprofile --norc -e -o pipefail /var/run/act/workflow/2.sh] user= workdir=session-17-devsecops
[Session 17 - DevSecOps Pipeline/7. Image Scan (Trivy)        ]   | aquasecurity/trivy info checking GitHub for tag 'v0.75.0'
[Session 17 - DevSecOps Pipeline/7. Image Scan (Trivy)        ]   | aquasecurity/trivy info found version: 0.75.0 for v0.75.0/Linux/64bit
[Session 17 - DevSecOps Pipeline/7. Image Scan (Trivy)        ]   | aquasecurity/trivy info installed /root/.local/bin/trivy
[Session 17 - DevSecOps Pipeline/7. Image Scan (Trivy)        ]   ✅  Success - Main Install Trivy [9.186449899s]
[Session 17 - DevSecOps Pipeline/7. Image Scan (Trivy)        ]   ⚙  ::add-path:: /root/.local/bin
[Session 17 - DevSecOps Pipeline/7. Image Scan (Trivy)        ] ⭐ Run Main Trivy image scan (OS packages + Python packages inside the image)
[Session 17 - DevSecOps Pipeline/7. Image Scan (Trivy)        ]   🐳  docker exec cmd=[bash --noprofile --norc -e -o pipefail /var/run/act/workflow/3.sh] user= workdir=session-17-devsecops
[Session 17 - DevSecOps Pipeline/7. Image Scan (Trivy)        ]   | 2026-10-07T18:13:38Z	INFO	Loaded	file_path="trivy.yaml"
[Session 17 - DevSecOps Pipeline/7. Image Scan (Trivy)        ]   | 2026-10-07T18:13:38Z	INFO	[vulndb] Need to update DB
[Session 17 - DevSecOps Pipeline/7. Image Scan (Trivy)        ]   | 2026-10-07T18:13:38Z	INFO	[vulndb] Downloading vulnerability DB...
[Session 17 - DevSecOps Pipeline/7. Image Scan (Trivy)        ]   | 2026-10-07T18:13:38Z	INFO	[vulndb] Downloading artifact...	repo="mirror.gcr.io/aquasec/trivy-db:2"
[Session 17 - DevSecOps Pipeline/7. Image Scan (Trivy)        ]   | 159.25 KiB / 119.53 MiB [>___________________________________________________________] 0.13% ? p/s ?863.25 KiB / 119.53 MiB [>___________________________________________________________] 0.71% ? p/s ?2.48 MiB / 119.53 MiB [->____________________________________________________________] 2.08% ? p/s ?4.53 MiB / 119.53 MiB [->_______________________________________________] 3.79% 7.29 MiB p/s ETA 15s6.62 MiB / 119.53 MiB [-->______________________________________________] 5.54% 7.29 MiB p/s ETA 15s8.75 MiB / 119.53 MiB [--->_____________________________________________] 7.32% 7.29 MiB p/s ETA 15s10.88 MiB / 119.53 MiB [---->___________________________________________] 9.10% 7.50 MiB p/s ETA 14s13.09 MiB / 119.53 MiB [----->_________________________________________] 10.95% 7.50 MiB p/s ETA 14s15.19 MiB / 119.53 MiB [----->_________________________________________] 12.71% 7.50 MiB p/s ETA 13s17.03 MiB / 119.53 MiB [------>________________________________________] 14.25% 7.68 MiB p/s ETA 13s18.59 MiB / 119.53 MiB [------->_______________________________________] 15.56% 7.68 MiB p/s ETA 13s20.38 MiB / 119.53 MiB [-------->______________________________________] 17.05% 7.68 MiB p/s ETA 12s22.25 MiB / 119.53 MiB [-------->______________________________________] 18.61% 7.74 MiB p/s ETA 12s24.03 MiB / 119.53 MiB [--------->_____________________________________] 20.10% 7.74 MiB p/s ETA 12s25.84 MiB / 119.53 MiB [---------->____________________________________] 21.62% 7.74 MiB p/s ETA 12s27.62 MiB / 119.53 MiB [---------->____________________________________] 23.11% 7.82 MiB p/s ETA 11s29.09 MiB / 119.53 MiB [----------->___________________________________] 24.34% 7.82 MiB p/s ETA 11s30.06 MiB / 119.53 MiB [----------->___________________________________] 25.15% 7.82 MiB p/s ETA 11s31.00 MiB / 119.53 MiB [------------>__________________________________] 25.93% 7.68 MiB p/s ETA 11s31.97 MiB / 119.53 MiB [------------>__________________________________] 26.74% 7.68 MiB p/s ETA 11s32.88 MiB / 119.53 MiB [------------>__________________________________] 27.50% 7.68 MiB p/s ETA 11s33.84 MiB / 119.53 MiB [------------->_________________________________] 28.31% 7.49 MiB p/s ETA 11s34.78 MiB / 119.53 MiB [------------->_________________________________] 29.10% 7.49 MiB p/s ETA 11s35.75 MiB / 119.53 MiB [-------------->________________________________] 29.91% 7.49 MiB p/s ETA 11s36.72 MiB / 119.53 MiB [-------------->________________________________] 30.72% 7.32 MiB p/s ETA 11s37.69 MiB / 119.53 MiB [-------------->________________________________] 31.53% 7.32 MiB p/s ETA 11s39.03 MiB / 119.53 MiB [--------------->_______________________________] 32.65% 7.32 MiB p/s ETA 11s40.56 MiB / 119.53 MiB [--------------->_______________________________] 33.93% 7.26 MiB p/s ETA 10s42.44 MiB / 119.53 MiB [---------------->______________________________] 35.50% 7.26 MiB p/s ETA 10s44.38 MiB / 119.53 MiB [----------------->_____________________________] 37.12% 7.26 MiB p/s ETA 10s46.91 MiB / 119.53 MiB [------------------>_____________________________] 39.24% 7.47 MiB p/s ETA 9s48.50 MiB / 119.53 MiB [------------------->____________________________] 40.57% 7.47 MiB p/s ETA 9s50.25 MiB / 119.53 MiB [-------------------->___________________________] 42.04% 7.47 MiB p/s ETA 9s51.97 MiB / 119.53 MiB [-------------------->___________________________] 43.48% 7.53 MiB p/s ETA 8s53.84 MiB / 119.53 MiB [--------------------->__________________________] 45.04% 7.53 MiB p/s ETA 8s55.66 MiB / 119.53 MiB [---------------------->_________________________] 46.56% 7.53 MiB p/s ETA 8s57.31 MiB / 119.53 MiB [----------------------->________________________] 47.95% 7.62 MiB p/s ETA 8s59.00 MiB / 119.53 MiB [----------------------->________________________] 49.36% 7.62 MiB p/s ETA 7s60.72 MiB / 119.53 MiB [------------------------>_______________________] 50.80% 7.62 MiB p/s ETA 7s62.50 MiB / 119.53 MiB [------------------------->______________________] 52.29% 7.69 MiB p/s ETA 7s64.12 MiB / 119.53 MiB [------------------------->______________________] 53.65% 7.69 MiB p/s ETA 7s65.84 MiB / 119.53 MiB [-------------------------->_____________________] 55.08% 7.69 MiB p/s ETA 6s67.56 MiB / 119.53 MiB [--------------------------->____________________] 56.52% 7.74 MiB p/s ETA 6s69.53 MiB / 119.53 MiB [--------------------------->____________________] 58.17% 7.74 MiB p/s ETA 6s71.25 MiB / 119.53 MiB [---------------------------->___________________] 59.61% 7.74 MiB p/s ETA 6s73.41 MiB / 119.53 MiB [----------------------------->__________________] 61.41% 7.87 MiB p/s ETA 5s74.72 MiB / 119.53 MiB [------------------------------>_________________] 62.51% 7.87 MiB p/s ETA 5s76.12 MiB / 119.53 MiB [------------------------------>_________________] 63.68% 7.87 MiB p/s ETA 5s77.06 MiB / 119.53 MiB [------------------------------>_________________] 64.47% 7.75 MiB p/s ETA 5s77.62 MiB / 119.53 MiB [------------------------------->________________] 64.94% 7.75 MiB p/s ETA 5s79.94 MiB / 119.53 MiB [-------------------------------->_______________] 66.87% 7.75 MiB p/s ETA 5s81.97 MiB / 119.53 MiB [-------------------------------->_______________] 68.57% 7.78 MiB p/s ETA 4s84.19 MiB / 119.53 MiB [--------------------------------->______________] 70.43% 7.78 MiB p/s ETA 4s85.72 MiB / 119.53 MiB [---------------------------------->_____________] 71.71% 7.78 MiB p/s ETA 4s87.84 MiB / 119.53 MiB [----------------------------------->____________] 73.49% 7.91 MiB p/s ETA 4s89.66 MiB / 119.53 MiB [------------------------------------>___________] 75.01% 7.91 MiB p/s ETA 3s91.41 MiB / 119.53 MiB [------------------------------------>___________] 76.47% 7.91 MiB p/s ETA 3s93.00 MiB / 119.53 MiB [------------------------------------->__________] 77.80% 7.95 MiB p/s ETA 3s94.66 MiB / 119.53 MiB [-------------------------------------->_________] 79.19% 7.95 MiB p/s ETA 3s96.22 MiB / 119.53 MiB [-------------------------------------->_________] 80.50% 7.95 MiB p/s ETA 2s98.03 MiB / 119.53 MiB [--------------------------------------->________] 82.01% 7.98 MiB p/s ETA 2s99.75 MiB / 119.53 MiB [---------------------------------------->_______] 83.45% 7.98 MiB p/s ETA 2s101.50 MiB / 119.53 MiB [--------------------------------------->_______] 84.91% 7.98 MiB p/s ETA 2s103.34 MiB / 119.53 MiB [---------------------------------------->______] 86.46% 8.04 MiB p/s ETA 2s105.66 MiB / 119.53 MiB [----------------------------------------->_____] 88.39% 8.04 MiB p/s ETA 1s107.69 MiB / 119.53 MiB [------------------------------------------>____] 90.09% 8.04 MiB p/s ETA 1s109.34 MiB / 119.53 MiB [------------------------------------------>____] 91.48% 8.16 MiB p/s ETA 1s111.00 MiB / 119.53 MiB [------------------------------------------->___] 92.86% 8.16 MiB p/s ETA 1s112.72 MiB / 119.53 MiB [-------------------------------------------->__] 94.30% 8.16 MiB p/s ETA 0s114.41 MiB / 119.53 MiB [-------------------------------------------->__] 95.71% 8.18 MiB p/s ETA 0s115.91 MiB / 119.53 MiB [--------------------------------------------->_] 96.97% 8.18 MiB p/s ETA 0s117.53 MiB / 119.53 MiB [---------------------------------------------->] 98.32% 8.18 MiB p/s ETA 0s119.25 MiB / 119.53 MiB [---------------------------------------------->] 99.76% 8.17 MiB p/s ETA 0s119.53 MiB / 119.53 MiB [--------------------------------------------->] 100.00% 8.17 MiB p/s ETA 0s119.53 MiB / 119.53 MiB [--------------------------------------------->] 100.00% 8.17 MiB p/s ETA 0s119.53 MiB / 119.53 MiB [--------------------------------------------->] 100.00% 7.68 MiB p/s ETA 0s119.53 MiB / 119.53 MiB [--------------------------------------------->] 100.00% 7.68 MiB p/s ETA 0s119.53 MiB / 119.53 MiB [--------------------------------------------->] 100.00% 7.68 MiB p/s ETA 0s119.53 MiB / 119.53 MiB [--------------------------------------------->] 100.00% 7.18 MiB p/s ETA 0s119.53 MiB / 119.53 MiB [--------------------------------------------->] 100.00% 7.18 MiB p/s ETA 0s119.53 MiB / 119.53 MiB [--------------------------------------------->] 100.00% 7.18 MiB p/s ETA 0s119.53 MiB / 119.53 MiB [--------------------------------------------->] 100.00% 6.72 MiB p/s ETA 0s119.53 MiB / 119.53 MiB [--------------------------------------------->] 100.00% 6.72 MiB p/s ETA 0s119.53 MiB / 119.53 MiB [--------------------------------------------->] 100.00% 6.72 MiB p/s ETA 0s119.53 MiB / 119.53 MiB [--------------------------------------------->] 100.00% 6.29 MiB p/s ETA 0s119.53 MiB / 119.53 MiB [--------------------------------------------->] 100.00% 6.29 MiB p/s ETA 0s119.53 MiB / 119.53 MiB [--------------------------------------------->] 100.00% 6.29 MiB p/s ETA 0s119.53 MiB / 119.53 MiB [--------------------------------------------->] 100.00% 5.88 MiB p/s ETA 0s119.53 MiB / 119.53 MiB [--------------------------------------------->] 100.00% 5.88 MiB p/s ETA 0s119.53 MiB / 119.53 MiB [--------------------------------------------->] 100.00% 5.88 MiB p/s ETA 0s119.53 MiB / 119.53 MiB [--------------------------------------------->] 100.00% 5.50 MiB p/s ETA 0s119.53 MiB / 119.53 MiB [--------------------------------------------->] 100.00% 5.50 MiB p/s ETA 0s119.53 MiB / 119.53 MiB [--------------------------------------------->] 100.00% 5.50 MiB p/s ETA 0s119.53 MiB / 119.53 MiB [--------------------------------------------->] 100.00% 5.15 MiB p/s ETA 0s119.53 MiB / 119.53 MiB [--------------------------------------------->] 100.00% 5.15 MiB p/s ETA 0s119.53 MiB / 119.53 MiB [--------------------------------------------->] 100.00% 5.15 MiB p/s ETA 0s119.53 MiB / 119.53 MiB [--------------------------------------------->] 100.00% 4.81 MiB p/s ETA 0s119.53 MiB / 119.53 MiB [--------------------------------------------->] 100.00% 4.81 MiB p/s ETA 0s119.53 MiB / 119.53 MiB [--------------------------------------------->] 100.00% 4.81 MiB p/s ETA 0s119.53 MiB / 119.53 MiB [--------------------------------------------->] 100.00% 4.50 MiB p/s ETA 0s119.53 MiB / 119.53 MiB [--------------------------------------------->] 100.00% 4.50 MiB p/s ETA 0s119.53 MiB / 119.53 MiB [--------------------------------------------->] 100.00% 4.50 MiB p/s ETA 0s119.53 MiB / 119.53 MiB [--------------------------------------------->] 100.00% 4.21 MiB p/s ETA 0s119.53 MiB / 119.53 MiB [--------------------------------------------->] 100.00% 4.21 MiB p/s ETA 0s119.53 MiB / 119.53 MiB [--------------------------------------------->] 100.00% 4.21 MiB p/s ETA 0s119.53 MiB / 119.53 MiB [--------------------------------------------->] 100.00% 3.94 MiB p/s ETA 0s119.53 MiB / 119.53 MiB [--------------------------------------------->] 100.00% 3.94 MiB p/s ETA 0s119.53 MiB / 119.53 MiB [--------------------------------------------->] 100.00% 3.94 MiB p/s ETA 0s119.53 MiB / 119.53 MiB [--------------------------------------------->] 100.00% 3.69 MiB p/s ETA 0s119.53 MiB / 119.53 MiB [--------------------------------------------->] 100.00% 3.69 MiB p/s ETA 0s119.53 MiB / 119.53 MiB [--------------------------------------------->] 100.00% 3.69 MiB p/s ETA 0s119.53 MiB / 119.53 MiB [--------------------------------------------->] 100.00% 3.45 MiB p/s ETA 0s119.53 MiB / 119.53 MiB [--------------------------------------------->] 100.00% 3.45 MiB p/s ETA 0s119.53 MiB / 119.53 MiB [--------------------------------------------->] 100.00% 3.45 MiB p/s ETA 0s119.53 MiB / 119.53 MiB [--------------------------------------------->] 100.00% 3.23 MiB p/s ETA 0s119.53 MiB / 119.53 MiB [--------------------------------------------->] 100.00% 3.23 MiB p/s ETA 0s119.53 MiB / 119.53 MiB [--------------------------------------------->] 100.00% 3.23 MiB p/s ETA 0s119.53 MiB / 119.53 MiB [--------------------------------------------->] 100.00% 3.02 MiB p/s ETA 0s119.53 MiB / 119.53 MiB [--------------------------------------------->] 100.00% 3.02 MiB p/s ETA 0s119.53 MiB / 119.53 MiB [--------------------------------------------->] 100.00% 3.02 MiB p/s ETA 0s119.53 MiB / 119.53 MiB [--------------------------------------------->] 100.00% 2.82 MiB p/s ETA 0s119.53 MiB / 119.53 MiB [--------------------------------------------->] 100.00% 2.82 MiB p/s ETA 0s119.53 MiB / 119.53 MiB [--------------------------------------------->] 100.00% 2.82 MiB p/s ETA 0s119.53 MiB / 119.53 MiB [--------------------------------------------->] 100.00% 2.64 MiB p/s ETA 0s119.53 MiB / 119.53 MiB [--------------------------------------------->] 100.00% 2.64 MiB p/s ETA 0s119.53 MiB / 119.53 MiB [--------------------------------------------->] 100.00% 2.64 MiB p/s ETA 0s119.53 MiB / 119.53 MiB [--------------------------------------------->] 100.00% 2.47 MiB p/s ETA 0s119.53 MiB / 119.53 MiB [--------------------------------------------->] 100.00% 2.47 MiB p/s ETA 0s119.53 MiB / 119.53 MiB [--------------------------------------------->] 100.00% 2.47 MiB p/s ETA 0s119.53 MiB / 119.53 MiB [--------------------------------------------->] 100.00% 2.31 MiB p/s ETA 0s119.53 MiB / 119.53 MiB [--------------------------------------------->] 100.00% 2.31 MiB p/s ETA 0s119.53 MiB / 119.53 MiB [--------------------------------------------->] 100.00% 2.31 MiB p/s ETA 0s119.53 MiB / 119.53 MiB [--------------------------------------------->] 100.00% 2.16 MiB p/s ETA 0s119.53 MiB / 119.53 MiB [--------------------------------------------->] 100.00% 2.16 MiB p/s ETA 0s119.53 MiB / 119.53 MiB [--------------------------------------------->] 100.00% 2.16 MiB p/s ETA 0s119.53 MiB / 119.53 MiB [--------------------------------------------->] 100.00% 2.02 MiB p/s ETA 0s119.53 MiB / 119.53 MiB [--------------------------------------------->] 100.00% 2.02 MiB p/s ETA 0s119.53 MiB / 119.53 MiB [--------------------------------------------->] 100.00% 2.02 MiB p/s ETA 0s119.53 MiB / 119.53 MiB [--------------------------------------------->] 100.00% 1.89 MiB p/s ETA 0s119.53 MiB / 119.53 MiB [--------------------------------------------->] 100.00% 1.89 MiB p/s ETA 0s119.53 MiB / 119.53 MiB [--------------------------------------------->] 100.00% 1.89 MiB p/s ETA 0s119.53 MiB / 119.53 MiB [--------------------------------------------->] 100.00% 1.77 MiB p/s ETA 0s119.53 MiB / 119.53 MiB [--------------------------------------------->] 100.00% 1.77 MiB p/s ETA 0s119.53 MiB / 119.53 MiB [--------------------------------------------->] 100.00% 1.77 MiB p/s ETA 0s119.53 MiB / 119.53 MiB [--------------------------------------------->] 100.00% 1.66 MiB p/s ETA 0s119.53 MiB / 119.53 MiB [--------------------------------------------->] 100.00% 1.66 MiB p/s ETA 0s119.53 MiB / 119.53 MiB [--------------------------------------------->] 100.00% 1.66 MiB p/s ETA 0s119.53 MiB / 119.53 MiB [--------------------------------------------->] 100.00% 1.55 MiB p/s ETA 0s119.53 MiB / 119.53 MiB [--------------------------------------------->] 100.00% 1.55 MiB p/s ETA 0s119.53 MiB / 119.53 MiB [--------------------------------------------->] 100.00% 1.55 MiB p/s ETA 0s119.53 MiB / 119.53 MiB [--------------------------------------------->] 100.00% 1.45 MiB p/s ETA 0s119.53 MiB / 119.53 MiB [--------------------------------------------->] 100.00% 1.45 MiB p/s ETA 0s119.53 MiB / 119.53 MiB [--------------------------------------------->] 100.00% 1.45 MiB p/s ETA 0s119.53 MiB / 119.53 MiB [--------------------------------------------->] 100.00% 1.36 MiB p/s ETA 0s119.53 MiB / 119.53 MiB [--------------------------------------------->] 100.00% 1.36 MiB p/s ETA 0s119.53 MiB / 119.53 MiB [--------------------------------------------->] 100.00% 1.36 MiB p/s ETA 0s119.53 MiB / 119.53 MiB [--------------------------------------------->] 100.00% 1.27 MiB p/s ETA 0s119.53 MiB / 119.53 MiB [--------------------------------------------->] 100.00% 1.27 MiB p/s ETA 0s119.53 MiB / 119.53 MiB [--------------------------------------------->] 100.00% 1.27 MiB p/s ETA 0s119.53 MiB / 119.53 MiB [--------------------------------------------->] 100.00% 1.19 MiB p/s ETA 0s119.53 MiB / 119.53 MiB [--------------------------------------------->] 100.00% 1.19 MiB p/s ETA 0s119.53 MiB / 119.53 MiB [--------------------------------------------->] 100.00% 1.19 MiB p/s ETA 0s119.53 MiB / 119.53 MiB [--------------------------------------------->] 100.00% 1.11 MiB p/s ETA 0s119.53 MiB / 119.53 MiB [--------------------------------------------->] 100.00% 1.11 MiB p/s ETA 0s119.53 MiB / 119.53 MiB [--------------------------------------------->] 100.00% 1.11 MiB p/s ETA 0s119.53 MiB / 119.53 MiB [--------------------------------------------->] 100.00% 1.04 MiB p/s ETA 0s119.53 MiB / 119.53 MiB [--------------------------------------------->] 100.00% 1.04 MiB p/s ETA 0s119.53 MiB / 119.53 MiB [-------------------------------------------------] 100.00% 3.59 MiB p/s 33s2026-10-07T18:14:13Z	INFO	[vulndb] Artifact successfully downloaded	repo="mirror.gcr.io/aquasec/trivy-db:2"
[Session 17 - DevSecOps Pipeline/7. Image Scan (Trivy)        ]   | 2026-10-07T18:14:13Z	INFO	[vuln] Vulnerability scanning is enabled
[Session 17 - DevSecOps Pipeline/7. Image Scan (Trivy)        ]   | 2026-10-07T18:14:13Z	INFO	[python] Licenses acquired from one or more METADATA files may be subject to additional terms. Use `--debug` flag to see all affected packages.
[Session 17 - DevSecOps Pipeline/7. Image Scan (Trivy)        ]   | 2026-10-07T18:14:14Z	INFO	Detected OS	family="debian" version="10.11"
[Session 17 - DevSecOps Pipeline/7. Image Scan (Trivy)        ]   | 2026-10-07T18:14:14Z	INFO	[debian] Detecting vulnerabilities...	os_version="10" pkg_num=93
[Session 17 - DevSecOps Pipeline/7. Image Scan (Trivy)        ]   | 2026-10-07T18:14:14Z	INFO	Number of language-specific files	num=1
[Session 17 - DevSecOps Pipeline/7. Image Scan (Trivy)        ]   | 2026-10-07T18:14:14Z	INFO	[python-pkg] Detecting vulnerabilities...
[Session 17 - DevSecOps Pipeline/7. Image Scan (Trivy)        ]   | 2026-10-07T18:14:14Z	WARN	Using severities from other vendors for some vulnerabilities. Read https://trivy.dev/docs/v0.75/guide/scanner/vulnerability#severity-selection for details.
[Session 17 - DevSecOps Pipeline/7. Image Scan (Trivy)        ]   | 2026-10-07T18:14:14Z	WARN	This OS version is no longer supported by the distribution	family="debian" version="10.11"
[Session 17 - DevSecOps Pipeline/7. Image Scan (Trivy)        ]   | 2026-10-07T18:14:14Z	WARN	The vulnerability detection may be insufficient because security updates are not provided
[Session 17 - DevSecOps Pipeline/7. Image Scan (Trivy)        ]   | 2026-10-07T18:14:14Z	INFO	Loaded	file_path="trivy.yaml"
[Session 17 - DevSecOps Pipeline/7. Image Scan (Trivy)        ]   | 2026-10-07T18:14:14Z	INFO	[vuln] Vulnerability scanning is enabled
[Session 17 - DevSecOps Pipeline/7. Image Scan (Trivy)        ]   | 2026-10-07T18:14:14Z	INFO	Detected OS	family="debian" version="10.11"
[Session 17 - DevSecOps Pipeline/7. Image Scan (Trivy)        ]   | 2026-10-07T18:14:14Z	INFO	[debian] Detecting vulnerabilities...	os_version="10" pkg_num=93
[Session 17 - DevSecOps Pipeline/7. Image Scan (Trivy)        ]   | 2026-10-07T18:14:14Z	INFO	Number of language-specific files	num=1
[Session 17 - DevSecOps Pipeline/7. Image Scan (Trivy)        ]   | 2026-10-07T18:14:14Z	INFO	[python-pkg] Detecting vulnerabilities...
[Session 17 - DevSecOps Pipeline/7. Image Scan (Trivy)        ]   | 2026-10-07T18:14:14Z	WARN	Using severities from other vendors for some vulnerabilities. Read https://trivy.dev/docs/v0.75/guide/scanner/vulnerability#severity-selection for details.
[Session 17 - DevSecOps Pipeline/7. Image Scan (Trivy)        ]   | 2026-10-07T18:14:14Z	WARN	This OS version is no longer supported by the distribution	family="debian" version="10.11"
[Session 17 - DevSecOps Pipeline/7. Image Scan (Trivy)        ]   | 2026-10-07T18:14:14Z	WARN	The vulnerability detection may be insufficient because security updates are not provided
[Session 17 - DevSecOps Pipeline/7. Image Scan (Trivy)        ]   | 2026-10-07T18:14:14Z	INFO	Table result includes only package filenames. Use '--format json' option to get the full path to the package file.
[Session 17 - DevSecOps Pipeline/7. Image Scan (Trivy)        ]   | 
[Session 17 - DevSecOps Pipeline/7. Image Scan (Trivy)        ]   | Report Summary
[Session 17 - DevSecOps Pipeline/7. Image Scan (Trivy)        ]   | 
[Session 17 - DevSecOps Pipeline/7. Image Scan (Trivy)        ]   | ┌──────────────────────────────────────────────────────────────────────────────────┬────────────┬─────────────────┐
[Session 17 - DevSecOps Pipeline/7. Image Scan (Trivy)        ]   | │                                      Target                                      │    Type    │ Vulnerabilities │
[Session 17 - DevSecOps Pipeline/7. Image Scan (Trivy)        ]   | ├──────────────────────────────────────────────────────────────────────────────────┼────────────┼─────────────────┤
[Session 17 - DevSecOps Pipeline/7. Image Scan (Trivy)        ]   | │ image.tar (debian 10.11)                                                         │   debian   │       77        │
[Session 17 - DevSecOps Pipeline/7. Image Scan (Trivy)        ]   | ├──────────────────────────────────────────────────────────────────────────────────┼────────────┼─────────────────┤
[Session 17 - DevSecOps Pipeline/7. Image Scan (Trivy)        ]   | │ usr/local/lib/python3.9/site-packages/blinker-1.9.0.dist-info/METADATA           │ python-pkg │        0        │
[Session 17 - DevSecOps Pipeline/7. Image Scan (Trivy)        ]   | ├──────────────────────────────────────────────────────────────────────────────────┼────────────┼─────────────────┤
[Session 17 - DevSecOps Pipeline/7. Image Scan (Trivy)        ]   | │ usr/local/lib/python3.9/site-packages/click-8.1.8.dist-info/METADATA             │ python-pkg │        0        │
[Session 17 - DevSecOps Pipeline/7. Image Scan (Trivy)        ]   | ├──────────────────────────────────────────────────────────────────────────────────┼────────────┼─────────────────┤
[Session 17 - DevSecOps Pipeline/7. Image Scan (Trivy)        ]   | │ usr/local/lib/python3.9/site-packages/flask-3.1.2.dist-info/METADATA             │ python-pkg │        0        │
[Session 17 - DevSecOps Pipeline/7. Image Scan (Trivy)        ]   | ├──────────────────────────────────────────────────────────────────────────────────┼────────────┼─────────────────┤
[Session 17 - DevSecOps Pipeline/7. Image Scan (Trivy)        ]   | │ usr/local/lib/python3.9/site-packages/gunicorn-20.1.0.dist-info/METADATA         │ python-pkg │        2        │
[Session 17 - DevSecOps Pipeline/7. Image Scan (Trivy)        ]   | ├──────────────────────────────────────────────────────────────────────────────────┼────────────┼─────────────────┤
[Session 17 - DevSecOps Pipeline/7. Image Scan (Trivy)        ]   | │ usr/local/lib/python3.9/site-packages/importlib_metadata-8.7.1.dist-info/METADA- │ python-pkg │        0        │
[Session 17 - DevSecOps Pipeline/7. Image Scan (Trivy)        ]   | │ TA                                                                               │            │                 │
[Session 17 - DevSecOps Pipeline/7. Image Scan (Trivy)        ]   | ├──────────────────────────────────────────────────────────────────────────────────┼────────────┼─────────────────┤
[Session 17 - DevSecOps Pipeline/7. Image Scan (Trivy)        ]   | │ usr/local/lib/python3.9/site-packages/itsdangerous-2.2.0.dist-info/METADATA      │ python-pkg │        0        │
[Session 17 - DevSecOps Pipeline/7. Image Scan (Trivy)        ]   | ├──────────────────────────────────────────────────────────────────────────────────┼────────────┼─────────────────┤
[Session 17 - DevSecOps Pipeline/7. Image Scan (Trivy)        ]   | │ usr/local/lib/python3.9/site-packages/jinja2-3.1.6.dist-info/METADATA            │ python-pkg │        0        │
[Session 17 - DevSecOps Pipeline/7. Image Scan (Trivy)        ]   | ├──────────────────────────────────────────────────────────────────────────────────┼────────────┼─────────────────┤
[Session 17 - DevSecOps Pipeline/7. Image Scan (Trivy)        ]   | │ usr/local/lib/python3.9/site-packages/markupsafe-3.0.4.dist-info/METADATA        │ python-pkg │        0        │
[Session 17 - DevSecOps Pipeline/7. Image Scan (Trivy)        ]   | ├──────────────────────────────────────────────────────────────────────────────────┼────────────┼─────────────────┤
[Session 17 - DevSecOps Pipeline/7. Image Scan (Trivy)        ]   | │ usr/local/lib/python3.9/site-packages/pip-21.2.4.dist-info/METADATA              │ python-pkg │        0        │
[Session 17 - DevSecOps Pipeline/7. Image Scan (Trivy)        ]   | ├──────────────────────────────────────────────────────────────────────────────────┼────────────┼─────────────────┤
[Session 17 - DevSecOps Pipeline/7. Image Scan (Trivy)        ]   | │ usr/local/lib/python3.9/site-packages/setuptools-57.5.0.dist-info/METADATA       │ python-pkg │        3        │
[Session 17 - DevSecOps Pipeline/7. Image Scan (Trivy)        ]   | ├──────────────────────────────────────────────────────────────────────────────────┼────────────┼─────────────────┤
[Session 17 - DevSecOps Pipeline/7. Image Scan (Trivy)        ]   | │ usr/local/lib/python3.9/site-packages/werkzeug-3.1.9.dist-info/METADATA          │ python-pkg │        0        │
[Session 17 - DevSecOps Pipeline/7. Image Scan (Trivy)        ]   | ├──────────────────────────────────────────────────────────────────────────────────┼────────────┼─────────────────┤
[Session 17 - DevSecOps Pipeline/7. Image Scan (Trivy)        ]   | │ usr/local/lib/python3.9/site-packages/wheel-0.37.0.dist-info/METADATA            │ python-pkg │        1        │
[Session 17 - DevSecOps Pipeline/7. Image Scan (Trivy)        ]   | ├──────────────────────────────────────────────────────────────────────────────────┼────────────┼─────────────────┤
[Session 17 - DevSecOps Pipeline/7. Image Scan (Trivy)        ]   | │ usr/local/lib/python3.9/site-packages/zipp-3.23.1.dist-info/METADATA             │ python-pkg │        0        │
[Session 17 - DevSecOps Pipeline/7. Image Scan (Trivy)        ]   | └──────────────────────────────────────────────────────────────────────────────────┴────────────┴─────────────────┘
[Session 17 - DevSecOps Pipeline/7. Image Scan (Trivy)        ]   | Legend:
[Session 17 - DevSecOps Pipeline/7. Image Scan (Trivy)        ]   | - '-': Not scanned
[Session 17 - DevSecOps Pipeline/7. Image Scan (Trivy)        ]   | - '0': Clean (no security findings detected)
[Session 17 - DevSecOps Pipeline/7. Image Scan (Trivy)        ]   | 
[Session 17 - DevSecOps Pipeline/7. Image Scan (Trivy)        ]   | 
[Session 17 - DevSecOps Pipeline/7. Image Scan (Trivy)        ]   | For OSS Maintainers: VEX Notice
[Session 17 - DevSecOps Pipeline/7. Image Scan (Trivy)        ]   | --------------------------------
[Session 17 - DevSecOps Pipeline/7. Image Scan (Trivy)        ]   | If you're an OSS maintainer and Trivy has detected vulnerabilities in your project that you believe are not actually exploitable, consider issuing a VEX (Vulnerability Exploitability eXchange) statement.
[Session 17 - DevSecOps Pipeline/7. Image Scan (Trivy)        ]   | VEX allows you to communicate the actual status of vulnerabilities in your project, improving security transparency and reducing false positives for your users.
[Session 17 - DevSecOps Pipeline/7. Image Scan (Trivy)        ]   | Learn more and start using VEX: https://trivy.dev/docs/v0.75/guide/supply-chain/vex/repo#publishing-vex-documents
[Session 17 - DevSecOps Pipeline/7. Image Scan (Trivy)        ]   | 
[Session 17 - DevSecOps Pipeline/7. Image Scan (Trivy)        ]   | To disable this notice, set the TRIVY_DISABLE_VEX_NOTICE environment variable.
[Session 17 - DevSecOps Pipeline/7. Image Scan (Trivy)        ]   | 
[Session 17 - DevSecOps Pipeline/7. Image Scan (Trivy)        ]   | 
[Session 17 - DevSecOps Pipeline/7. Image Scan (Trivy)        ]   | image.tar (debian 10.11)
[Session 17 - DevSecOps Pipeline/7. Image Scan (Trivy)        ]   | ========================
[Session 17 - DevSecOps Pipeline/7. Image Scan (Trivy)        ]   | Total: 77 (HIGH: 58, CRITICAL: 19)
[Session 17 - DevSecOps Pipeline/7. Image Scan (Trivy)        ]   | 
[Session 17 - DevSecOps Pipeline/7. Image Scan (Trivy)        ]   | ┌──────────────┬────────────────┬──────────┬────────┬────────────────────────┬─────────────────────────┬──────────────────────────────────────────────────────────────┐
[Session 17 - DevSecOps Pipeline/7. Image Scan (Trivy)        ]   | │   Library    │ Vulnerability  │ Severity │ Status │   Installed Version    │      Fixed Version      │                            Title                             │
[Session 17 - DevSecOps Pipeline/7. Image Scan (Trivy)        ]   | ├──────────────┼────────────────┼──────────┼────────┼────────────────────────┼─────────────────────────┼──────────────────────────────────────────────────────────────┤
[Session 17 - DevSecOps Pipeline/7. Image Scan (Trivy)        ]   | │ dpkg         │ CVE-2022-1664  │ CRITICAL │ fixed  │ 1.19.7                 │ 1.19.8                  │ Dpkg::Source::Archive in dpkg, the Debian package management │
[Session 17 - DevSecOps Pipeline/7. Image Scan (Trivy)        ]   | │              │                │          │        │                        │                         │ system, b ...                                                │
[Session 17 - DevSecOps Pipeline/7. Image Scan (Trivy)        ]   | │              │                │          │        │                        │                         │ https://avd.aquasec.com/nvd/cve-2022-1664                    │
[Session 17 - DevSecOps Pipeline/7. Image Scan (Trivy)        ]   | ├──────────────┼────────────────┼──────────┤        ├────────────────────────┼─────────────────────────┼──────────────────────────────────────────────────────────────┤
[Session 17 - DevSecOps Pipeline/7. Image Scan (Trivy)        ]   | │ gzip         │ CVE-2022-1271  │ HIGH     │        │ 1.9-3                  │ 1.9-3+deb10u1           │ gzip: arbitrary-file-write vulnerability                     │
[Session 17 - DevSecOps Pipeline/7. Image Scan (Trivy)        ]   | │              │                │          │        │                        │                         │ https://avd.aquasec.com/nvd/cve-2022-1271                    │
[Session 17 - DevSecOps Pipeline/7. Image Scan (Trivy)        ]   | ├──────────────┼────────────────┼──────────┤        ├────────────────────────┼─────────────────────────┼──────────────────────────────────────────────────────────────┤
[Session 17 - DevSecOps Pipeline/7. Image Scan (Trivy)        ]   | │ libc-bin     │ CVE-2021-33574 │ CRITICAL │        │ 2.28-10                │ 2.28-10+deb10u2         │ glibc: mq_notify does not handle separately allocated thread │
[Session 17 - DevSecOps Pipeline/7. Image Scan (Trivy)        ]   | │              │                │          │        │                        │                         │ attributes                                                   │
[Session 17 - DevSecOps Pipeline/7. Image Scan (Trivy)        ]   | │              │                │          │        │                        │                         │ https://avd.aquasec.com/nvd/cve-2021-33574                   │
[Session 17 - DevSecOps Pipeline/7. Image Scan (Trivy)        ]   | │              ├────────────────┤          │        │                        │                         ├──────────────────────────────────────────────────────────────┤
[Session 17 - DevSecOps Pipeline/7. Image Scan (Trivy)        ]   | │              │ CVE-2021-35942 │          │        │                        │                         │ glibc: Arbitrary read in wordexp()                           │
[Session 17 - DevSecOps Pipeline/7. Image Scan (Trivy)        ]   | │              │                │          │        │                        │                         │ https://avd.aquasec.com/nvd/cve-2021-35942                   │
[Session 17 - DevSecOps Pipeline/7. Image Scan (Trivy)        ]   | │              ├────────────────┤          │        │                        │                         ├──────────────────────────────────────────────────────────────┤
[Session 17 - DevSecOps Pipeline/7. Image Scan (Trivy)        ]   | │              │ CVE-2022-23218 │          │        │                        │                         │ glibc: Stack-based buffer overflow in svcunix_create via     │
[Session 17 - DevSecOps Pipeline/7. Image Scan (Trivy)        ]   | │              │                │          │        │                        │                         │ long pathnames                                               │
[Session 17 - DevSecOps Pipeline/7. Image Scan (Trivy)        ]   | │              │                │          │        │                        │                         │ https://avd.aquasec.com/nvd/cve-2022-23218                   │
[Session 17 - DevSecOps Pipeline/7. Image Scan (Trivy)        ]   | │              ├────────────────┤          │        │                        │                         ├──────────────────────────────────────────────────────────────┤
[Session 17 - DevSecOps Pipeline/7. Image Scan (Trivy)        ]   | │              │ CVE-2022-23219 │          │        │                        │                         │ glibc: Stack-based buffer overflow in sunrpc clnt_create via │
[Session 17 - DevSecOps Pipeline/7. Image Scan (Trivy)        ]   | │              │                │          │        │                        │                         │ a long pathname                                              │
[Session 17 - DevSecOps Pipeline/7. Image Scan (Trivy)        ]   | │              │                │          │        │                        │                         │ https://avd.aquasec.com/nvd/cve-2022-23219                   │
[Session 17 - DevSecOps Pipeline/7. Image Scan (Trivy)        ]   | │              ├────────────────┼──────────┤        │                        │                         ├──────────────────────────────────────────────────────────────┤
[Session 17 - DevSecOps Pipeline/7. Image Scan (Trivy)        ]   | │              │ CVE-2020-1752  │ HIGH     │        │                        │                         │ glibc: use-after-free in glob() function when expanding      │
[Session 17 - DevSecOps Pipeline/7. Image Scan (Trivy)        ]   | │              │                │          │        │                        │                         │ ~user                                                        │
[Session 17 - DevSecOps Pipeline/7. Image Scan (Trivy)        ]   | │              │                │          │        │                        │                         │ https://avd.aquasec.com/nvd/cve-2020-1752                    │
[Session 17 - DevSecOps Pipeline/7. Image Scan (Trivy)        ]   | │              ├────────────────┤          │        │                        │                         ├──────────────────────────────────────────────────────────────┤
[Session 17 - DevSecOps Pipeline/7. Image Scan (Trivy)        ]   | │              │ CVE-2020-6096  │          │        │                        │                         │ glibc: signed comparison vulnerability in the ARMv7 memcpy   │
[Session 17 - DevSecOps Pipeline/7. Image Scan (Trivy)        ]   | │              │                │          │        │                        │                         │ function                                                     │
[Session 17 - DevSecOps Pipeline/7. Image Scan (Trivy)        ]   | │              │                │          │        │                        │                         │ https://avd.aquasec.com/nvd/cve-2020-6096                    │
[Session 17 - DevSecOps Pipeline/7. Image Scan (Trivy)        ]   | │              ├────────────────┤          │        │                        │                         ├──────────────────────────────────────────────────────────────┤
[Session 17 - DevSecOps Pipeline/7. Image Scan (Trivy)        ]   | │              │ CVE-2021-3326  │          │        │                        │                         │ glibc: Assertion failure in ISO-2022-JP-3 gconv module       │
[Session 17 - DevSecOps Pipeline/7. Image Scan (Trivy)        ]   | │              │                │          │        │                        │                         │ related to combining characters                              │
[Session 17 - DevSecOps Pipeline/7. Image Scan (Trivy)        ]   | │              │                │          │        │                        │                         │ https://avd.aquasec.com/nvd/cve-2021-3326                    │
[Session 17 - DevSecOps Pipeline/7. Image Scan (Trivy)        ]   | │              ├────────────────┤          │        │                        │                         ├──────────────────────────────────────────────────────────────┤
[Session 17 - DevSecOps Pipeline/7. Image Scan (Trivy)        ]   | │              │ CVE-2021-3999  │          │        │                        │                         │ glibc: Off-by-one buffer overflow/underflow in getcwd()      │
[Session 17 - DevSecOps Pipeline/7. Image Scan (Trivy)        ]   | │              │                │          │        │                        │                         │ https://avd.aquasec.com/nvd/cve-2021-3999                    │
[Session 17 - DevSecOps Pipeline/7. Image Scan (Trivy)        ]   | │              ├────────────────┤          │        │                        ├─────────────────────────┼──────────────────────────────────────────────────────────────┤
[Session 17 - DevSecOps Pipeline/7. Image Scan (Trivy)        ]   | │              │ CVE-2024-2961  │          │        │                        │ 2.28-10+deb10u3         │ glibc: Out of bounds write in iconv may lead to remote       │
[Session 17 - DevSecOps Pipeline/7. Image Scan (Trivy)        ]   | │              │                │          │        │                        │                         │ code...                                                      │
[Session 17 - DevSecOps Pipeline/7. Image Scan (Trivy)        ]   | │              │                │          │        │                        │                         │ https://avd.aquasec.com/nvd/cve-2024-2961                    │
[Session 17 - DevSecOps Pipeline/7. Image Scan (Trivy)        ]   | │              ├────────────────┤          │        │                        ├─────────────────────────┼──────────────────────────────────────────────────────────────┤
[Session 17 - DevSecOps Pipeline/7. Image Scan (Trivy)        ]   | │              │ CVE-2024-33599 │          │        │                        │ 2.28-10+deb10u4         │ glibc: stack-based buffer overflow in netgroup cache         │
[Session 17 - DevSecOps Pipeline/7. Image Scan (Trivy)        ]   | │              │                │          │        │                        │                         │ https://avd.aquasec.com/nvd/cve-2024-33599                   │
[Session 17 - DevSecOps Pipeline/7. Image Scan (Trivy)        ]   | ├──────────────┼────────────────┼──────────┤        │                        ├─────────────────────────┼──────────────────────────────────────────────────────────────┤
[Session 17 - DevSecOps Pipeline/7. Image Scan (Trivy)        ]   | │ libc6        │ CVE-2021-33574 │ CRITICAL │        │                        │ 2.28-10+deb10u2         │ glibc: mq_notify does not handle separately allocated thread │
[Session 17 - DevSecOps Pipeline/7. Image Scan (Trivy)        ]   | │              │                │          │        │                        │                         │ attributes                                                   │
[Session 17 - DevSecOps Pipeline/7. Image Scan (Trivy)        ]   | │              │                │          │        │                        │                         │ https://avd.aquasec.com/nvd/cve-2021-33574                   │
[Session 17 - DevSecOps Pipeline/7. Image Scan (Trivy)        ]   | │              ├────────────────┤          │        │                        │                         ├──────────────────────────────────────────────────────────────┤
[Session 17 - DevSecOps Pipeline/7. Image Scan (Trivy)        ]   | │              │ CVE-2021-35942 │          │        │                        │                         │ glibc: Arbitrary read in wordexp()                           │
[Session 17 - DevSecOps Pipeline/7. Image Scan (Trivy)        ]   | │              │                │          │        │                        │                         │ https://avd.aquasec.com/nvd/cve-2021-35942                   │
[Session 17 - DevSecOps Pipeline/7. Image Scan (Trivy)        ]   | │              ├────────────────┤          │        │                        │                         ├──────────────────────────────────────────────────────────────┤
[Session 17 - DevSecOps Pipeline/7. Image Scan (Trivy)        ]   | │              │ CVE-2022-23218 │          │        │                        │                         │ glibc: Stack-based buffer overflow in svcunix_create via     │
[Session 17 - DevSecOps Pipeline/7. Image Scan (Trivy)        ]   | │              │                │          │        │                        │                         │ long pathnames                                               │
[Session 17 - DevSecOps Pipeline/7. Image Scan (Trivy)        ]   | │              │                │          │        │                        │                         │ https://avd.aquasec.com/nvd/cve-2022-23218                   │
[Session 17 - DevSecOps Pipeline/7. Image Scan (Trivy)        ]   | │              ├────────────────┤          │        │                        │                         ├──────────────────────────────────────────────────────────────┤
[Session 17 - DevSecOps Pipeline/7. Image Scan (Trivy)        ]   | │              │ CVE-2022-23219 │          │        │                        │                         │ glibc: Stack-based buffer overflow in sunrpc clnt_create via │
[Session 17 - DevSecOps Pipeline/7. Image Scan (Trivy)        ]   | │              │                │          │        │                        │                         │ a long pathname                                              │
[Session 17 - DevSecOps Pipeline/7. Image Scan (Trivy)        ]   | │              │                │          │        │                        │                         │ https://avd.aquasec.com/nvd/cve-2022-23219                   │
[Session 17 - DevSecOps Pipeline/7. Image Scan (Trivy)        ]   | │              ├────────────────┼──────────┤        │                        │                         ├──────────────────────────────────────────────────────────────┤
[Session 17 - DevSecOps Pipeline/7. Image Scan (Trivy)        ]   | │              │ CVE-2020-1752  │ HIGH     │        │                        │                         │ glibc: use-after-free in glob() function when expanding      │
[Session 17 - DevSecOps Pipeline/7. Image Scan (Trivy)        ]   | │              │                │          │        │                        │                         │ ~user                                                        │
[Session 17 - DevSecOps Pipeline/7. Image Scan (Trivy)        ]   | │              │                │          │        │                        │                         │ https://avd.aquasec.com/nvd/cve-2020-1752                    │
[Session 17 - DevSecOps Pipeline/7. Image Scan (Trivy)        ]   | │              ├────────────────┤          │        │                        │                         ├──────────────────────────────────────────────────────────────┤
[Session 17 - DevSecOps Pipeline/7. Image Scan (Trivy)        ]   | │              │ CVE-2020-6096  │          │        │                        │                         │ glibc: signed comparison vulnerability in the ARMv7 memcpy   │
[Session 17 - DevSecOps Pipeline/7. Image Scan (Trivy)        ]   | │              │                │          │        │                        │                         │ function                                                     │
[Session 17 - DevSecOps Pipeline/7. Image Scan (Trivy)        ]   | │              │                │          │        │                        │                         │ https://avd.aquasec.com/nvd/cve-2020-6096                    │
[Session 17 - DevSecOps Pipeline/7. Image Scan (Trivy)        ]   | │              ├────────────────┤          │        │                        │                         ├──────────────────────────────────────────────────────────────┤
[Session 17 - DevSecOps Pipeline/7. Image Scan (Trivy)        ]   | │              │ CVE-2021-3326  │          │        │                        │                         │ glibc: Assertion failure in ISO-2022-JP-3 gconv module       │
[Session 17 - DevSecOps Pipeline/7. Image Scan (Trivy)        ]   | │              │                │          │        │                        │                         │ related to combining characters                              │
[Session 17 - DevSecOps Pipeline/7. Image Scan (Trivy)        ]   | │              │                │          │        │                        │                         │ https://avd.aquasec.com/nvd/cve-2021-3326                    │
[Session 17 - DevSecOps Pipeline/7. Image Scan (Trivy)        ]   | │              ├────────────────┤          │        │                        │                         ├──────────────────────────────────────────────────────────────┤
[Session 17 - DevSecOps Pipeline/7. Image Scan (Trivy)        ]   | │              │ CVE-2021-3999  │          │        │                        │                         │ glibc: Off-by-one buffer overflow/underflow in getcwd()      │
[Session 17 - DevSecOps Pipeline/7. Image Scan (Trivy)        ]   | │              │                │          │        │                        │                         │ https://avd.aquasec.com/nvd/cve-2021-3999                    │
[Session 17 - DevSecOps Pipeline/7. Image Scan (Trivy)        ]   | │              ├────────────────┤          │        │                        ├─────────────────────────┼──────────────────────────────────────────────────────────────┤
[Session 17 - DevSecOps Pipeline/7. Image Scan (Trivy)        ]   | │              │ CVE-2024-2961  │          │        │                        │ 2.28-10+deb10u3         │ glibc: Out of bounds write in iconv may lead to remote       │
[Session 17 - DevSecOps Pipeline/7. Image Scan (Trivy)        ]   | │              │                │          │        │                        │                         │ code...                                                      │
[Session 17 - DevSecOps Pipeline/7. Image Scan (Trivy)        ]   | │              │                │          │        │                        │                         │ https://avd.aquasec.com/nvd/cve-2024-2961                    │
[Session 17 - DevSecOps Pipeline/7. Image Scan (Trivy)        ]   | │              ├────────────────┤          │        │                        ├─────────────────────────┼──────────────────────────────────────────────────────────────┤
[Session 17 - DevSecOps Pipeline/7. Image Scan (Trivy)        ]   | │              │ CVE-2024-33599 │          │        │                        │ 2.28-10+deb10u4         │ glibc: stack-based buffer overflow in netgroup cache         │
[Session 17 - DevSecOps Pipeline/7. Image Scan (Trivy)        ]   | │              │                │          │        │                        │                         │ https://avd.aquasec.com/nvd/cve-2024-33599                   │
[Session 17 - DevSecOps Pipeline/7. Image Scan (Trivy)        ]   | ├──────────────┼────────────────┼──────────┤        ├────────────────────────┼─────────────────────────┼──────────────────────────────────────────────────────────────┤
[Session 17 - DevSecOps Pipeline/7. Image Scan (Trivy)        ]   | │ libexpat1    │ CVE-2022-22822 │ CRITICAL │        │ 2.2.6-2+deb10u1        │ 2.2.6-2+deb10u2         │ expat: Integer overflow in addBinding in xmlparse.c          │
[Session 17 - DevSecOps Pipeline/7. Image Scan (Trivy)        ]   | │              │                │          │        │                        │                         │ https://avd.aquasec.com/nvd/cve-2022-22822                   │
[Session 17 - DevSecOps Pipeline/7. Image Scan (Trivy)        ]   | │              ├────────────────┤          │        │                        │                         ├──────────────────────────────────────────────────────────────┤
[Session 17 - DevSecOps Pipeline/7. Image Scan (Trivy)        ]   | │              │ CVE-2022-22823 │          │        │                        │                         │ expat: Expat: Denial of Service vulnerability in XML parsing │
[Session 17 - DevSecOps Pipeline/7. Image Scan (Trivy)        ]   | │              │                │          │        │                        │                         │ https://avd.aquasec.com/nvd/cve-2022-22823                   │
[Session 17 - DevSecOps Pipeline/7. Image Scan (Trivy)        ]   | │              ├────────────────┤          │        │                        │                         ├──────────────────────────────────────────────────────────────┤
[Session 17 - DevSecOps Pipeline/7. Image Scan (Trivy)        ]   | │              │ CVE-2022-22824 │          │        │                        │                         │ expat: Expat: Denial of service and memory issues due to     │
[Session 17 - DevSecOps Pipeline/7. Image Scan (Trivy)        ]   | │              │                │          │        │                        │                         │ integer overflow...                                          │
[Session 17 - DevSecOps Pipeline/7. Image Scan (Trivy)        ]   | │              │                │          │        │                        │                         │ https://avd.aquasec.com/nvd/cve-2022-22824                   │
[Session 17 - DevSecOps Pipeline/7. Image Scan (Trivy)        ]   | │              ├────────────────┤          │        │                        │                         ├──────────────────────────────────────────────────────────────┤
[Session 17 - DevSecOps Pipeline/7. Image Scan (Trivy)        ]   | │              │ CVE-2022-23852 │          │        │                        │                         │ expat: Integer overflow in function XML_GetBuffer            │
[Session 17 - DevSecOps Pipeline/7. Image Scan (Trivy)        ]   | │              │                │          │        │                        │                         │ https://avd.aquasec.com/nvd/cve-2022-23852                   │
[Session 17 - DevSecOps Pipeline/7. Image Scan (Trivy)        ]   | │              ├────────────────┤          │        │                        ├─────────────────────────┼──────────────────────────────────────────────────────────────┤
[Session 17 - DevSecOps Pipeline/7. Image Scan (Trivy)        ]   | │              │ CVE-2022-25235 │          │        │                        │ 2.2.6-2+deb10u3         │ expat: Malformed 2- and 3-byte UTF-8 sequences can lead to   │
[Session 17 - DevSecOps Pipeline/7. Image Scan (Trivy)        ]   | │              │                │          │        │                        │                         │ arbitrary code...                                            │
[Session 17 - DevSecOps Pipeline/7. Image Scan (Trivy)        ]   | │              │                │          │        │                        │                         │ https://avd.aquasec.com/nvd/cve-2022-25235                   │
[Session 17 - DevSecOps Pipeline/7. Image Scan (Trivy)        ]   | │              ├────────────────┤          │        │                        │                         ├──────────────────────────────────────────────────────────────┤
[Session 17 - DevSecOps Pipeline/7. Image Scan (Trivy)        ]   | │              │ CVE-2022-25236 │          │        │                        │                         │ expat: Namespace-separator characters in "xmlns[:prefix]"    │
[Session 17 - DevSecOps Pipeline/7. Image Scan (Trivy)        ]   | │              │                │          │        │                        │                         │ attribute values can lead to arbitrary code...               │
[Session 17 - DevSecOps Pipeline/7. Image Scan (Trivy)        ]   | │              │                │          │        │                        │                         │ https://avd.aquasec.com/nvd/cve-2022-25236                   │
[Session 17 - DevSecOps Pipeline/7. Image Scan (Trivy)        ]   | │              ├────────────────┤          │        │                        │                         ├──────────────────────────────────────────────────────────────┤
[Session 17 - DevSecOps Pipeline/7. Image Scan (Trivy)        ]   | │              │ CVE-2022-25315 │          │        │                        │                         │ expat: Integer overflow in storeRawNames()                   │
[Session 17 - DevSecOps Pipeline/7. Image Scan (Trivy)        ]   | │              │                │          │        │                        │                         │ https://avd.aquasec.com/nvd/cve-2022-25315                   │
[Session 17 - DevSecOps Pipeline/7. Image Scan (Trivy)        ]   | │              ├────────────────┼──────────┤        │                        ├─────────────────────────┼──────────────────────────────────────────────────────────────┤
[Session 17 - DevSecOps Pipeline/7. Image Scan (Trivy)        ]   | │              │ CVE-2021-45960 │ HIGH     │        │                        │ 2.2.6-2+deb10u2         │ expat: Large number of prefixed XML attributes on a single   │
[Session 17 - DevSecOps Pipeline/7. Image Scan (Trivy)        ]   | │              │                │          │        │                        │                         │ tag can...                                                   │
[Session 17 - DevSecOps Pipeline/7. Image Scan (Trivy)        ]   | │              │                │          │        │                        │                         │ https://avd.aquasec.com/nvd/cve-2021-45960                   │
[Session 17 - DevSecOps Pipeline/7. Image Scan (Trivy)        ]   | │              ├────────────────┤          │        │                        │                         ├──────────────────────────────────────────────────────────────┤
[Session 17 - DevSecOps Pipeline/7. Image Scan (Trivy)        ]   | │              │ CVE-2021-46143 │          │        │                        │                         │ expat: Integer overflow in doProlog in xmlparse.c            │
[Session 17 - DevSecOps Pipeline/7. Image Scan (Trivy)        ]   | │              │                │          │        │                        │                         │ https://avd.aquasec.com/nvd/cve-2021-46143                   │
[Session 17 - DevSecOps Pipeline/7. Image Scan (Trivy)        ]   | │              ├────────────────┤          │        │                        │                         ├──────────────────────────────────────────────────────────────┤
[Session 17 - DevSecOps Pipeline/7. Image Scan (Trivy)        ]   | │              │ CVE-2022-22825 │          │        │                        │                         │ expat: Integer overflow in lookup in xmlparse.c              │
[Session 17 - DevSecOps Pipeline/7. Image Scan (Trivy)        ]   | │              │                │          │        │                        │                         │ https://avd.aquasec.com/nvd/cve-2022-22825                   │
[Session 17 - DevSecOps Pipeline/7. Image Scan (Trivy)        ]   | │              ├────────────────┤          │        │                        │                         ├──────────────────────────────────────────────────────────────┤
[Session 17 - DevSecOps Pipeline/7. Image Scan (Trivy)        ]   | │              │ CVE-2022-22826 │          │        │                        │                         │ expat: Integer overflow in nextScaffoldPart in xmlparse.c    │
[Session 17 - DevSecOps Pipeline/7. Image Scan (Trivy)        ]   | │              │                │          │        │                        │                         │ https://avd.aquasec.com/nvd/cve-2022-22826                   │
[Session 17 - DevSecOps Pipeline/7. Image Scan (Trivy)        ]   | │              ├────────────────┤          │        │                        │                         ├──────────────────────────────────────────────────────────────┤
[Session 17 - DevSecOps Pipeline/7. Image Scan (Trivy)        ]   | │              │ CVE-2022-22827 │          │        │                        │                         │ expat: Integer overflow in storeAtts in xmlparse.c           │
[Session 17 - DevSecOps Pipeline/7. Image Scan (Trivy)        ]   | │              │                │          │        │                        │                         │ https://avd.aquasec.com/nvd/cve-2022-22827                   │
[Session 17 - DevSecOps Pipeline/7. Image Scan (Trivy)        ]   | │              ├────────────────┤          │        │                        │                         ├──────────────────────────────────────────────────────────────┤
[Session 17 - DevSecOps Pipeline/7. Image Scan (Trivy)        ]   | │              │ CVE-2022-23990 │          │        │                        │                         │ expat: integer overflow in the doProlog function             │
[Session 17 - DevSecOps Pipeline/7. Image Scan (Trivy)        ]   | │              │                │          │        │                        │                         │ https://avd.aquasec.com/nvd/cve-2022-23990                   │
[Session 17 - DevSecOps Pipeline/7. Image Scan (Trivy)        ]   | │              ├────────────────┤          │        │                        ├─────────────────────────┼──────────────────────────────────────────────────────────────┤
[Session 17 - DevSecOps Pipeline/7. Image Scan (Trivy)        ]   | │              │ CVE-2022-25314 │          │        │                        │ 2.2.6-2+deb10u3         │ expat: Integer overflow in copyString()                      │
[Session 17 - DevSecOps Pipeline/7. Image Scan (Trivy)        ]   | │              │                │          │        │                        │                         │ https://avd.aquasec.com/nvd/cve-2022-25314                   │
[Session 17 - DevSecOps Pipeline/7. Image Scan (Trivy)        ]   | │              ├────────────────┤          │        │                        ├─────────────────────────┼──────────────────────────────────────────────────────────────┤
[Session 17 - DevSecOps Pipeline/7. Image Scan (Trivy)        ]   | │              │ CVE-2022-40674 │          │        │                        │ 2.2.6-2+deb10u5         │ expat: a use-after-free in the doContent function in         │
[Session 17 - DevSecOps Pipeline/7. Image Scan (Trivy)        ]   | │              │                │          │        │                        │                         │ xmlparse.c                                                   │
[Session 17 - DevSecOps Pipeline/7. Image Scan (Trivy)        ]   | │              │                │          │        │                        │                         │ https://avd.aquasec.com/nvd/cve-2022-40674                   │
[Session 17 - DevSecOps Pipeline/7. Image Scan (Trivy)        ]   | │              ├────────────────┤          │        │                        ├─────────────────────────┼──────────────────────────────────────────────────────────────┤
[Session 17 - DevSecOps Pipeline/7. Image Scan (Trivy)        ]   | │              │ CVE-2022-43680 │          │        │                        │ 2.2.6-2+deb10u6         │ expat: use-after free caused by overeager destruction of a   │
[Session 17 - DevSecOps Pipeline/7. Image Scan (Trivy)        ]   | │              │                │          │        │                        │                         │ shared DTD in...                                             │
[Session 17 - DevSecOps Pipeline/7. Image Scan (Trivy)        ]   | │              │                │          │        │                        │                         │ https://avd.aquasec.com/nvd/cve-2022-43680                   │
[Session 17 - DevSecOps Pipeline/7. Image Scan (Trivy)        ]   | │              ├────────────────┤          │        │                        ├─────────────────────────┼──────────────────────────────────────────────────────────────┤
[Session 17 - DevSecOps Pipeline/7. Image Scan (Trivy)        ]   | │              │ CVE-2023-52425 │          │        │                        │ 2.2.6-2+deb10u7         │ expat: parsing large tokens can trigger a denial of service  │
[Session 17 - DevSecOps Pipeline/7. Image Scan (Trivy)        ]   | │              │                │          │        │                        │                         │ https://avd.aquasec.com/nvd/cve-2023-52425                   │
[Session 17 - DevSecOps Pipeline/7. Image Scan (Trivy)        ]   | ├──────────────┼────────────────┤          │        ├────────────────────────┼─────────────────────────┼──────────────────────────────────────────────────────────────┤
[Session 17 - DevSecOps Pipeline/7. Image Scan (Trivy)        ]   | │ libgmp10     │ CVE-2021-43618 │          │        │ 2:6.1.2+dfsg-4         │ 2:6.1.2+dfsg-4+deb10u1  │ gmp: Integer overflow and resultant buffer overflow via      │
[Session 17 - DevSecOps Pipeline/7. Image Scan (Trivy)        ]   | │              │                │          │        │                        │                         │ crafted input                                                │
[Session 17 - DevSecOps Pipeline/7. Image Scan (Trivy)        ]   | │              │                │          │        │                        │                         │ https://avd.aquasec.com/nvd/cve-2021-43618                   │
[Session 17 - DevSecOps Pipeline/7. Image Scan (Trivy)        ]   | ├──────────────┼────────────────┤          │        ├────────────────────────┼─────────────────────────┼──────────────────────────────────────────────────────────────┤
[Session 17 - DevSecOps Pipeline/7. Image Scan (Trivy)        ]   | │ libgnutls30  │ CVE-2022-2509  │          │        │ 3.6.7-4+deb10u7        │ 3.6.7-4+deb10u9         │ gnutls: Double free during gnutls_pkcs7_verify               │
[Session 17 - DevSecOps Pipeline/7. Image Scan (Trivy)        ]   | │              │                │          │        │                        │                         │ https://avd.aquasec.com/nvd/cve-2022-2509                    │
[Session 17 - DevSecOps Pipeline/7. Image Scan (Trivy)        ]   | │              ├────────────────┤          │        │                        ├─────────────────────────┼──────────────────────────────────────────────────────────────┤
[Session 17 - DevSecOps Pipeline/7. Image Scan (Trivy)        ]   | │              │ CVE-2023-0361  │          │        │                        │ 3.6.7-4+deb10u10        │ gnutls: timing side-channel in the TLS RSA key exchange code │
[Session 17 - DevSecOps Pipeline/7. Image Scan (Trivy)        ]   | │              │                │          │        │                        │                         │ https://avd.aquasec.com/nvd/cve-2023-0361                    │
[Session 17 - DevSecOps Pipeline/7. Image Scan (Trivy)        ]   | │              ├────────────────┤          │        │                        ├─────────────────────────┼──────────────────────────────────────────────────────────────┤
[Session 17 - DevSecOps Pipeline/7. Image Scan (Trivy)        ]   | │              │ CVE-2024-0553  │          │        │                        │ 3.6.7-4+deb10u12        │ gnutls: incomplete fix for CVE-2023-5981                     │
[Session 17 - DevSecOps Pipeline/7. Image Scan (Trivy)        ]   | │              │                │          │        │                        │                         │ https://avd.aquasec.com/nvd/cve-2024-0553                    │
[Session 17 - DevSecOps Pipeline/7. Image Scan (Trivy)        ]   | ├──────────────┼────────────────┤          │        ├────────────────────────┼─────────────────────────┼──────────────────────────────────────────────────────────────┤
[Session 17 - DevSecOps Pipeline/7. Image Scan (Trivy)        ]   | │ liblzma5     │ CVE-2022-1271  │          │        │ 5.2.4-1                │ 5.2.4-1+deb10u1         │ gzip: arbitrary-file-write vulnerability                     │
[Session 17 - DevSecOps Pipeline/7. Image Scan (Trivy)        ]   | │              │                │          │        │                        │                         │ https://avd.aquasec.com/nvd/cve-2022-1271                    │
[Session 17 - DevSecOps Pipeline/7. Image Scan (Trivy)        ]   | ├──────────────┼────────────────┤          │        ├────────────────────────┼─────────────────────────┼──────────────────────────────────────────────────────────────┤
[Session 17 - DevSecOps Pipeline/7. Image Scan (Trivy)        ]   | │ libncursesw6 │ CVE-2021-39537 │          │        │ 6.1+20181013-2+deb10u2 │ 6.1+20181013-2+deb10u5  │ ncurses: heap-based buffer overflow in _nc_captoinfo() in    │
[Session 17 - DevSecOps Pipeline/7. Image Scan (Trivy)        ]   | │              │                │          │        │                        │                         │ captoinfo.c                                                  │
[Session 17 - DevSecOps Pipeline/7. Image Scan (Trivy)        ]   | │              │                │          │        │                        │                         │ https://avd.aquasec.com/nvd/cve-2021-39537                   │
[Session 17 - DevSecOps Pipeline/7. Image Scan (Trivy)        ]   | │              ├────────────────┤          │        │                        ├─────────────────────────┼──────────────────────────────────────────────────────────────┤
[Session 17 - DevSecOps Pipeline/7. Image Scan (Trivy)        ]   | │              │ CVE-2022-29458 │          │        │                        │ 6.1+20181013-2+deb10u3  │ ncurses: segfaulting OOB read                                │
[Session 17 - DevSecOps Pipeline/7. Image Scan (Trivy)        ]   | │              │                │          │        │                        │                         │ https://avd.aquasec.com/nvd/cve-2022-29458                   │
[Session 17 - DevSecOps Pipeline/7. Image Scan (Trivy)        ]   | │              ├────────────────┤          │        │                        ├─────────────────────────┼──────────────────────────────────────────────────────────────┤
[Session 17 - DevSecOps Pipeline/7. Image Scan (Trivy)        ]   | │              │ CVE-2023-29491 │          │        │                        │ 6.1+20181013-2+deb10u5  │ ncurses: Local users can trigger security-relevant memory    │
[Session 17 - DevSecOps Pipeline/7. Image Scan (Trivy)        ]   | │              │                │          │        │                        │                         │ corruption via malformed data                                │
[Session 17 - DevSecOps Pipeline/7. Image Scan (Trivy)        ]   | │              │                │          │        │                        │                         │ https://avd.aquasec.com/nvd/cve-2023-29491                   │
[Session 17 - DevSecOps Pipeline/7. Image Scan (Trivy)        ]   | ├──────────────┼────────────────┼──────────┤        ├────────────────────────┼─────────────────────────┼──────────────────────────────────────────────────────────────┤
[Session 17 - DevSecOps Pipeline/7. Image Scan (Trivy)        ]   | │ libsqlite3-0 │ CVE-2020-35527 │ CRITICAL │        │ 3.27.2-3+deb10u1       │ 3.27.2-3+deb10u2        │ sqlite: Out of bounds access during table rename             │
[Session 17 - DevSecOps Pipeline/7. Image Scan (Trivy)        ]   | │              │                │          │        │                        │                         │ https://avd.aquasec.com/nvd/cve-2020-35527                   │
[Session 17 - DevSecOps Pipeline/7. Image Scan (Trivy)        ]   | │              ├────────────────┼──────────┤        │                        │                         ├──────────────────────────────────────────────────────────────┤
[Session 17 - DevSecOps Pipeline/7. Image Scan (Trivy)        ]   | │              │ CVE-2020-35525 │ HIGH     │        │                        │                         │ sqlite: Null pointer derreference in src/select.c            │
[Session 17 - DevSecOps Pipeline/7. Image Scan (Trivy)        ]   | │              │                │          │        │                        │                         │ https://avd.aquasec.com/nvd/cve-2020-35525                   │
[Session 17 - DevSecOps Pipeline/7. Image Scan (Trivy)        ]   | ├──────────────┼────────────────┤          │        ├────────────────────────┼─────────────────────────┼──────────────────────────────────────────────────────────────┤
[Session 17 - DevSecOps Pipeline/7. Image Scan (Trivy)        ]   | │ libssl1.1    │ CVE-2022-0778  │          │        │ 1.1.1d-0+deb10u7       │ 1.1.1d-0+deb10u8        │ openssl: Infinite loop in BN_mod_sqrt() reachable when       │
[Session 17 - DevSecOps Pipeline/7. Image Scan (Trivy)        ]   | │              │                │          │        │                        │                         │ parsing certificates                                         │
[Session 17 - DevSecOps Pipeline/7. Image Scan (Trivy)        ]   | │              │                │          │        │                        │                         │ https://avd.aquasec.com/nvd/cve-2022-0778                    │
[Session 17 - DevSecOps Pipeline/7. Image Scan (Trivy)        ]   | │              ├────────────────┤          │        │                        ├─────────────────────────┼──────────────────────────────────────────────────────────────┤
[Session 17 - DevSecOps Pipeline/7. Image Scan (Trivy)        ]   | │              │ CVE-2022-1292  │          │        │                        │ 1.1.1n-0+deb10u2        │ openssl: c_rehash script allows command injection            │
[Session 17 - DevSecOps Pipeline/7. Image Scan (Trivy)        ]   | │              │                │          │        │                        │                         │ https://avd.aquasec.com/nvd/cve-2022-1292                    │
[Session 17 - DevSecOps Pipeline/7. Image Scan (Trivy)        ]   | │              ├────────────────┤          │        │                        ├─────────────────────────┼──────────────────────────────────────────────────────────────┤
[Session 17 - DevSecOps Pipeline/7. Image Scan (Trivy)        ]   | │              │ CVE-2022-2068  │          │        │                        │ 1.1.1n-0+deb10u3        │ openssl: the c_rehash script allows command injection        │
[Session 17 - DevSecOps Pipeline/7. Image Scan (Trivy)        ]   | │              │                │          │        │                        │                         │ https://avd.aquasec.com/nvd/cve-2022-2068                    │
[Session 17 - DevSecOps Pipeline/7. Image Scan (Trivy)        ]   | │              ├────────────────┤          │        │                        ├─────────────────────────┼──────────────────────────────────────────────────────────────┤
[Session 17 - DevSecOps Pipeline/7. Image Scan (Trivy)        ]   | │              │ CVE-2022-4450  │          │        │                        │ 1.1.1n-0+deb10u4        │ openssl: double free after calling PEM_read_bio_ex           │
[Session 17 - DevSecOps Pipeline/7. Image Scan (Trivy)        ]   | │              │                │          │        │                        │                         │ https://avd.aquasec.com/nvd/cve-2022-4450                    │
[Session 17 - DevSecOps Pipeline/7. Image Scan (Trivy)        ]   | │              ├────────────────┤          │        │                        │                         ├──────────────────────────────────────────────────────────────┤
[Session 17 - DevSecOps Pipeline/7. Image Scan (Trivy)        ]   | │              │ CVE-2023-0215  │          │        │                        │                         │ openssl: use-after-free following BIO_new_NDEF               │
[Session 17 - DevSecOps Pipeline/7. Image Scan (Trivy)        ]   | │              │                │          │        │                        │                         │ https://avd.aquasec.com/nvd/cve-2023-0215                    │
[Session 17 - DevSecOps Pipeline/7. Image Scan (Trivy)        ]   | │              ├────────────────┤          │        │                        │                         ├──────────────────────────────────────────────────────────────┤
[Session 17 - DevSecOps Pipeline/7. Image Scan (Trivy)        ]   | │              │ CVE-2023-0286  │          │        │                        │                         │ openssl: X.400 address type confusion in X.509 GeneralName   │
[Session 17 - DevSecOps Pipeline/7. Image Scan (Trivy)        ]   | │              │                │          │        │                        │                         │ https://avd.aquasec.com/nvd/cve-2023-0286                    │
[Session 17 - DevSecOps Pipeline/7. Image Scan (Trivy)        ]   | │              ├────────────────┤          │        │                        ├─────────────────────────┼──────────────────────────────────────────────────────────────┤
[Session 17 - DevSecOps Pipeline/7. Image Scan (Trivy)        ]   | │              │ CVE-2023-0464  │          │        │                        │ 1.1.1n-0+deb10u5        │ openssl: Denial of service by excessive resource usage in    │
[Session 17 - DevSecOps Pipeline/7. Image Scan (Trivy)        ]   | │              │                │          │        │                        │                         │ verifying X509 policy...                                     │
[Session 17 - DevSecOps Pipeline/7. Image Scan (Trivy)        ]   | │              │                │          │        │                        │                         │ https://avd.aquasec.com/nvd/cve-2023-0464                    │
[Session 17 - DevSecOps Pipeline/7. Image Scan (Trivy)        ]   | ├──────────────┼────────────────┤          │        ├────────────────────────┼─────────────────────────┼──────────────────────────────────────────────────────────────┤
[Session 17 - DevSecOps Pipeline/7. Image Scan (Trivy)        ]   | │ libsystemd0  │ CVE-2023-26604 │          │        │ 241-7~deb10u8          │ 241-7~deb10u9           │ systemd: privilege escalation via the less pager             │
[Session 17 - DevSecOps Pipeline/7. Image Scan (Trivy)        ]   | │              │                │          │        │                        │                         │ https://avd.aquasec.com/nvd/cve-2023-26604                   │
[Session 17 - DevSecOps Pipeline/7. Image Scan (Trivy)        ]   | ├──────────────┼────────────────┼──────────┤        ├────────────────────────┼─────────────────────────┼──────────────────────────────────────────────────────────────┤
[Session 17 - DevSecOps Pipeline/7. Image Scan (Trivy)        ]   | │ libtasn1-6   │ CVE-2021-46848 │ CRITICAL │        │ 4.13-3                 │ 4.13-3+deb10u1          │ libtasn1: Out-of-bound access in ETYPE_OK                    │
[Session 17 - DevSecOps Pipeline/7. Image Scan (Trivy)        ]   | │              │                │          │        │                        │                         │ https://avd.aquasec.com/nvd/cve-2021-46848                   │
[Session 17 - DevSecOps Pipeline/7. Image Scan (Trivy)        ]   | ├──────────────┼────────────────┼──────────┤        ├────────────────────────┼─────────────────────────┼──────────────────────────────────────────────────────────────┤
[Session 17 - DevSecOps Pipeline/7. Image Scan (Trivy)        ]   | │ libtinfo6    │ CVE-2021-39537 │ HIGH     │        │ 6.1+20181013-2+deb10u2 │ 6.1+20181013-2+deb10u5  │ ncurses: heap-based buffer overflow in _nc_captoinfo() in    │
[Session 17 - DevSecOps Pipeline/7. Image Scan (Trivy)        ]   | │              │                │          │        │                        │                         │ captoinfo.c                                                  │
[Session 17 - DevSecOps Pipeline/7. Image Scan (Trivy)        ]   | │              │                │          │        │                        │                         │ https://avd.aquasec.com/nvd/cve-2021-39537                   │
[Session 17 - DevSecOps Pipeline/7. Image Scan (Trivy)        ]   | │              ├────────────────┤          │        │                        ├─────────────────────────┼──────────────────────────────────────────────────────────────┤
[Session 17 - DevSecOps Pipeline/7. Image Scan (Trivy)        ]   | │              │ CVE-2022-29458 │          │        │                        │ 6.1+20181013-2+deb10u3  │ ncurses: segfaulting OOB read                                │
[Session 17 - DevSecOps Pipeline/7. Image Scan (Trivy)        ]   | │              │                │          │        │                        │                         │ https://avd.aquasec.com/nvd/cve-2022-29458                   │
[Session 17 - DevSecOps Pipeline/7. Image Scan (Trivy)        ]   | │              ├────────────────┤          │        │                        ├─────────────────────────┼──────────────────────────────────────────────────────────────┤
[Session 17 - DevSecOps Pipeline/7. Image Scan (Trivy)        ]   | │              │ CVE-2023-29491 │          │        │                        │ 6.1+20181013-2+deb10u5  │ ncurses: Local users can trigger security-relevant memory    │
[Session 17 - DevSecOps Pipeline/7. Image Scan (Trivy)        ]   | │              │                │          │        │                        │                         │ corruption via malformed data                                │
[Session 17 - DevSecOps Pipeline/7. Image Scan (Trivy)        ]   | │              │                │          │        │                        │                         │ https://avd.aquasec.com/nvd/cve-2023-29491                   │
[Session 17 - DevSecOps Pipeline/7. Image Scan (Trivy)        ]   | ├──────────────┼────────────────┤          │        ├────────────────────────┼─────────────────────────┼──────────────────────────────────────────────────────────────┤
[Session 17 - DevSecOps Pipeline/7. Image Scan (Trivy)        ]   | │ libudev1     │ CVE-2023-26604 │          │        │ 241-7~deb10u8          │ 241-7~deb10u9           │ systemd: privilege escalation via the less pager             │
[Session 17 - DevSecOps Pipeline/7. Image Scan (Trivy)        ]   | │              │                │          │        │                        │                         │ https://avd.aquasec.com/nvd/cve-2023-26604                   │
[Session 17 - DevSecOps Pipeline/7. Image Scan (Trivy)        ]   | ├──────────────┼────────────────┤          │        ├────────────────────────┼─────────────────────────┼──────────────────────────────────────────────────────────────┤
[Session 17 - DevSecOps Pipeline/7. Image Scan (Trivy)        ]   | │ ncurses-base │ CVE-2021-39537 │          │        │ 6.1+20181013-2+deb10u2 │ 6.1+20181013-2+deb10u5  │ ncurses: heap-based buffer overflow in _nc_captoinfo() in    │
[Session 17 - DevSecOps Pipeline/7. Image Scan (Trivy)        ]   | │              │                │          │        │                        │                         │ captoinfo.c                                                  │
[Session 17 - DevSecOps Pipeline/7. Image Scan (Trivy)        ]   | │              │                │          │        │                        │                         │ https://avd.aquasec.com/nvd/cve-2021-39537                   │
[Session 17 - DevSecOps Pipeline/7. Image Scan (Trivy)        ]   | │              ├────────────────┤          │        │                        ├─────────────────────────┼──────────────────────────────────────────────────────────────┤
[Session 17 - DevSecOps Pipeline/7. Image Scan (Trivy)        ]   | │              │ CVE-2022-29458 │          │        │                        │ 6.1+20181013-2+deb10u3  │ ncurses: segfaulting OOB read                                │
[Session 17 - DevSecOps Pipeline/7. Image Scan (Trivy)        ]   | │              │                │          │        │                        │                         │ https://avd.aquasec.com/nvd/cve-2022-29458                   │
[Session 17 - DevSecOps Pipeline/7. Image Scan (Trivy)        ]   | │              ├────────────────┤          │        │                        ├─────────────────────────┼──────────────────────────────────────────────────────────────┤
[Session 17 - DevSecOps Pipeline/7. Image Scan (Trivy)        ]   | │              │ CVE-2023-29491 │          │        │                        │ 6.1+20181013-2+deb10u5  │ ncurses: Local users can trigger security-relevant memory    │
[Session 17 - DevSecOps Pipeline/7. Image Scan (Trivy)        ]   | │              │                │          │        │                        │                         │ corruption via malformed data                                │
[Session 17 - DevSecOps Pipeline/7. Image Scan (Trivy)        ]   | │              │                │          │        │                        │                         │ https://avd.aquasec.com/nvd/cve-2023-29491                   │
[Session 17 - DevSecOps Pipeline/7. Image Scan (Trivy)        ]   | ├──────────────┼────────────────┤          │        │                        │                         ├──────────────────────────────────────────────────────────────┤
[Session 17 - DevSecOps Pipeline/7. Image Scan (Trivy)        ]   | │ ncurses-bin  │ CVE-2021-39537 │          │        │                        │                         │ ncurses: heap-based buffer overflow in _nc_captoinfo() in    │
[Session 17 - DevSecOps Pipeline/7. Image Scan (Trivy)        ]   | │              │                │          │        │                        │                         │ captoinfo.c                                                  │
[Session 17 - DevSecOps Pipeline/7. Image Scan (Trivy)        ]   | │              │                │          │        │                        │                         │ https://avd.aquasec.com/nvd/cve-2021-39537                   │
[Session 17 - DevSecOps Pipeline/7. Image Scan (Trivy)        ]   | │              ├────────────────┤          │        │                        ├─────────────────────────┼──────────────────────────────────────────────────────────────┤
[Session 17 - DevSecOps Pipeline/7. Image Scan (Trivy)        ]   | │              │ CVE-2022-29458 │          │        │                        │ 6.1+20181013-2+deb10u3  │ ncurses: segfaulting OOB read                                │
[Session 17 - DevSecOps Pipeline/7. Image Scan (Trivy)        ]   | │              │                │          │        │                        │                         │ https://avd.aquasec.com/nvd/cve-2022-29458                   │
[Session 17 - DevSecOps Pipeline/7. Image Scan (Trivy)        ]   | │              ├────────────────┤          │        │                        ├─────────────────────────┼──────────────────────────────────────────────────────────────┤
[Session 17 - DevSecOps Pipeline/7. Image Scan (Trivy)        ]   | │              │ CVE-2023-29491 │          │        │                        │ 6.1+20181013-2+deb10u5  │ ncurses: Local users can trigger security-relevant memory    │
[Session 17 - DevSecOps Pipeline/7. Image Scan (Trivy)        ]   | │              │                │          │        │                        │                         │ corruption via malformed data                                │
[Session 17 - DevSecOps Pipeline/7. Image Scan (Trivy)        ]   | │              │                │          │        │                        │                         │ https://avd.aquasec.com/nvd/cve-2023-29491                   │
[Session 17 - DevSecOps Pipeline/7. Image Scan (Trivy)        ]   | ├──────────────┼────────────────┤          │        ├────────────────────────┼─────────────────────────┼──────────────────────────────────────────────────────────────┤
[Session 17 - DevSecOps Pipeline/7. Image Scan (Trivy)        ]   | │ openssl      │ CVE-2022-0778  │          │        │ 1.1.1d-0+deb10u7       │ 1.1.1d-0+deb10u8        │ openssl: Infinite loop in BN_mod_sqrt() reachable when       │
[Session 17 - DevSecOps Pipeline/7. Image Scan (Trivy)        ]   | │              │                │          │        │                        │                         │ parsing certificates                                         │
[Session 17 - DevSecOps Pipeline/7. Image Scan (Trivy)        ]   | │              │                │          │        │                        │                         │ https://avd.aquasec.com/nvd/cve-2022-0778                    │
[Session 17 - DevSecOps Pipeline/7. Image Scan (Trivy)        ]   | │              ├────────────────┤          │        │                        ├─────────────────────────┼──────────────────────────────────────────────────────────────┤
[Session 17 - DevSecOps Pipeline/7. Image Scan (Trivy)        ]   | │              │ CVE-2022-1292  │          │        │                        │ 1.1.1n-0+deb10u2        │ openssl: c_rehash script allows command injection            │
[Session 17 - DevSecOps Pipeline/7. Image Scan (Trivy)        ]   | │              │                │          │        │                        │                         │ https://avd.aquasec.com/nvd/cve-2022-1292                    │
[Session 17 - DevSecOps Pipeline/7. Image Scan (Trivy)        ]   | │              ├────────────────┤          │        │                        ├─────────────────────────┼──────────────────────────────────────────────────────────────┤
[Session 17 - DevSecOps Pipeline/7. Image Scan (Trivy)        ]   | │              │ CVE-2022-2068  │          │        │                        │ 1.1.1n-0+deb10u3        │ openssl: the c_rehash script allows command injection        │
[Session 17 - DevSecOps Pipeline/7. Image Scan (Trivy)        ]   | │              │                │          │        │                        │                         │ https://avd.aquasec.com/nvd/cve-2022-2068                    │
[Session 17 - DevSecOps Pipeline/7. Image Scan (Trivy)        ]   | │              ├────────────────┤          │        │                        ├─────────────────────────┼──────────────────────────────────────────────────────────────┤
[Session 17 - DevSecOps Pipeline/7. Image Scan (Trivy)        ]   | │              │ CVE-2022-4450  │          │        │                        │ 1.1.1n-0+deb10u4        │ openssl: double free after calling PEM_read_bio_ex           │
[Session 17 - DevSecOps Pipeline/7. Image Scan (Trivy)        ]   | │              │                │          │        │                        │                         │ https://avd.aquasec.com/nvd/cve-2022-4450                    │
[Session 17 - DevSecOps Pipeline/7. Image Scan (Trivy)        ]   | │              ├────────────────┤          │        │                        │                         ├──────────────────────────────────────────────────────────────┤
[Session 17 - DevSecOps Pipeline/7. Image Scan (Trivy)        ]   | │              │ CVE-2023-0215  │          │        │                        │                         │ openssl: use-after-free following BIO_new_NDEF               │
[Session 17 - DevSecOps Pipeline/7. Image Scan (Trivy)        ]   | │              │                │          │        │                        │                         │ https://avd.aquasec.com/nvd/cve-2023-0215                    │
[Session 17 - DevSecOps Pipeline/7. Image Scan (Trivy)        ]   | │              ├────────────────┤          │        │                        │                         ├──────────────────────────────────────────────────────────────┤
[Session 17 - DevSecOps Pipeline/7. Image Scan (Trivy)        ]   | │              │ CVE-2023-0286  │          │        │                        │                         │ openssl: X.400 address type confusion in X.509 GeneralName   │
[Session 17 - DevSecOps Pipeline/7. Image Scan (Trivy)        ]   | │              │                │          │        │                        │                         │ https://avd.aquasec.com/nvd/cve-2023-0286                    │
[Session 17 - DevSecOps Pipeline/7. Image Scan (Trivy)        ]   | │              ├────────────────┤          │        │                        ├─────────────────────────┼──────────────────────────────────────────────────────────────┤
[Session 17 - DevSecOps Pipeline/7. Image Scan (Trivy)        ]   | │              │ CVE-2023-0464  │          │        │                        │ 1.1.1n-0+deb10u5        │ openssl: Denial of service by excessive resource usage in    │
[Session 17 - DevSecOps Pipeline/7. Image Scan (Trivy)        ]   | │              │                │          │        │                        │                         │ verifying X509 policy...                                     │
[Session 17 - DevSecOps Pipeline/7. Image Scan (Trivy)        ]   | │              │                │          │        │                        │                         │ https://avd.aquasec.com/nvd/cve-2023-0464                    │
[Session 17 - DevSecOps Pipeline/7. Image Scan (Trivy)        ]   | ├──────────────┼────────────────┼──────────┤        ├────────────────────────┼─────────────────────────┼──────────────────────────────────────────────────────────────┤
[Session 17 - DevSecOps Pipeline/7. Image Scan (Trivy)        ]   | │ zlib1g       │ CVE-2022-37434 │ CRITICAL │        │ 1:1.2.11.dfsg-1        │ 1:1.2.11.dfsg-1+deb10u2 │ zlib: heap-based buffer over-read and overflow in inflate()  │
[Session 17 - DevSecOps Pipeline/7. Image Scan (Trivy)        ]   | │              │                │          │        │                        │                         │ in inflate.c via a...                                        │
[Session 17 - DevSecOps Pipeline/7. Image Scan (Trivy)        ]   | │              │                │          │        │                        │                         │ https://avd.aquasec.com/nvd/cve-2022-37434                   │
[Session 17 - DevSecOps Pipeline/7. Image Scan (Trivy)        ]   | │              ├────────────────┼──────────┤        │                        ├─────────────────────────┼──────────────────────────────────────────────────────────────┤
[Session 17 - DevSecOps Pipeline/7. Image Scan (Trivy)        ]   | │              │ CVE-2018-25032 │ HIGH     │        │                        │ 1:1.2.11.dfsg-1+deb10u1 │ zlib: A flaw found in zlib when compressing (not             │
[Session 17 - DevSecOps Pipeline/7. Image Scan (Trivy)        ]   | │              │                │          │        │                        │                         │ decompressing) certain inputs...                             │
[Session 17 - DevSecOps Pipeline/7. Image Scan (Trivy)        ]   | │              │                │          │        │                        │                         │ https://avd.aquasec.com/nvd/cve-2018-25032                   │
[Session 17 - DevSecOps Pipeline/7. Image Scan (Trivy)        ]   | └──────────────┴────────────────┴──────────┴────────┴────────────────────────┴─────────────────────────┴──────────────────────────────────────────────────────────────┘
[Session 17 - DevSecOps Pipeline/7. Image Scan (Trivy)        ]   | 
[Session 17 - DevSecOps Pipeline/7. Image Scan (Trivy)        ]   | Python (python-pkg)
[Session 17 - DevSecOps Pipeline/7. Image Scan (Trivy)        ]   | ===================
[Session 17 - DevSecOps Pipeline/7. Image Scan (Trivy)        ]   | Total: 6 (HIGH: 6, CRITICAL: 0)
[Session 17 - DevSecOps Pipeline/7. Image Scan (Trivy)        ]   | 
[Session 17 - DevSecOps Pipeline/7. Image Scan (Trivy)        ]   | ┌───────────────────────┬────────────────┬──────────┬────────┬───────────────────┬───────────────┬────────────────────────────────────────────────────────────┐
[Session 17 - DevSecOps Pipeline/7. Image Scan (Trivy)        ]   | │        Library        │ Vulnerability  │ Severity │ Status │ Installed Version │ Fixed Version │                           Title                            │
[Session 17 - DevSecOps Pipeline/7. Image Scan (Trivy)        ]   | ├───────────────────────┼────────────────┼──────────┼────────┼───────────────────┼───────────────┼────────────────────────────────────────────────────────────┤
[Session 17 - DevSecOps Pipeline/7. Image Scan (Trivy)        ]   | │ gunicorn (METADATA)   │ CVE-2024-1135  │ HIGH     │ fixed  │ 20.1.0            │ 22.0.0        │ python-gunicorn: HTTP Request Smuggling due to improper    │
[Session 17 - DevSecOps Pipeline/7. Image Scan (Trivy)        ]   | │                       │                │          │        │                   │               │ validation of Transfer-Encoding headers                    │
[Session 17 - DevSecOps Pipeline/7. Image Scan (Trivy)        ]   | │                       │                │          │        │                   │               │ https://avd.aquasec.com/nvd/cve-2024-1135                  │
[Session 17 - DevSecOps Pipeline/7. Image Scan (Trivy)        ]   | │                       ├────────────────┤          │        │                   │               ├────────────────────────────────────────────────────────────┤
[Session 17 - DevSecOps Pipeline/7. Image Scan (Trivy)        ]   | │                       │ CVE-2024-6827  │          │        │                   │               │ gunicorn: HTTP Request Smuggling in benoitc/gunicorn       │
[Session 17 - DevSecOps Pipeline/7. Image Scan (Trivy)        ]   | │                       │                │          │        │                   │               │ https://avd.aquasec.com/nvd/cve-2024-6827                  │
[Session 17 - DevSecOps Pipeline/7. Image Scan (Trivy)        ]   | ├───────────────────────┼────────────────┤          │        ├───────────────────┼───────────────┼────────────────────────────────────────────────────────────┤
[Session 17 - DevSecOps Pipeline/7. Image Scan (Trivy)        ]   | │ setuptools (METADATA) │ CVE-2022-40897 │          │        │ 57.5.0            │ 65.5.1        │ pypa-setuptools: Regular Expression Denial of Service      │
[Session 17 - DevSecOps Pipeline/7. Image Scan (Trivy)        ]   | │                       │                │          │        │                   │               │ (ReDoS) in package_index.py                                │
[Session 17 - DevSecOps Pipeline/7. Image Scan (Trivy)        ]   | │                       │                │          │        │                   │               │ https://avd.aquasec.com/nvd/cve-2022-40897                 │
[Session 17 - DevSecOps Pipeline/7. Image Scan (Trivy)        ]   | │                       ├────────────────┤          │        │                   ├───────────────┼────────────────────────────────────────────────────────────┤
[Session 17 - DevSecOps Pipeline/7. Image Scan (Trivy)        ]   | │                       │ CVE-2024-6345  │          │        │                   │ 70.0.0        │ pypa/setuptools: Remote code execution via download        │
[Session 17 - DevSecOps Pipeline/7. Image Scan (Trivy)        ]   | │                       │                │          │        │                   │               │ functions in the package_index module in...                │
[Session 17 - DevSecOps Pipeline/7. Image Scan (Trivy)        ]   | │                       │                │          │        │                   │               │ https://avd.aquasec.com/nvd/cve-2024-6345                  │
[Session 17 - DevSecOps Pipeline/7. Image Scan (Trivy)        ]   | │                       ├────────────────┤          │        │                   ├───────────────┼────────────────────────────────────────────────────────────┤
[Session 17 - DevSecOps Pipeline/7. Image Scan (Trivy)        ]   | │                       │ CVE-2025-47273 │          │        │                   │ 78.1.1        │ setuptools: Path Traversal Vulnerability in setuptools     │
[Session 17 - DevSecOps Pipeline/7. Image Scan (Trivy)        ]   | │                       │                │          │        │                   │               │ PackageIndex                                               │
[Session 17 - DevSecOps Pipeline/7. Image Scan (Trivy)        ]   | │                       │                │          │        │                   │               │ https://avd.aquasec.com/nvd/cve-2025-47273                 │
[Session 17 - DevSecOps Pipeline/7. Image Scan (Trivy)        ]   | ├───────────────────────┼────────────────┤          │        ├───────────────────┼───────────────┼────────────────────────────────────────────────────────────┤
[Session 17 - DevSecOps Pipeline/7. Image Scan (Trivy)        ]   | │ wheel (METADATA)      │ CVE-2022-40898 │          │        │ 0.37.0            │ 0.38.1        │ python-wheel: remote attackers can cause denial of service │
[Session 17 - DevSecOps Pipeline/7. Image Scan (Trivy)        ]   | │                       │                │          │        │                   │               │ via attacker controlled input...                           │
[Session 17 - DevSecOps Pipeline/7. Image Scan (Trivy)        ]   | │                       │                │          │        │                   │               │ https://avd.aquasec.com/nvd/cve-2022-40898                 │
[Session 17 - DevSecOps Pipeline/7. Image Scan (Trivy)        ]   | └───────────────────────┴────────────────┴──────────┴────────┴───────────────────┴───────────────┴────────────────────────────────────────────────────────────┘
[Session 17 - DevSecOps Pipeline/7. Image Scan (Trivy)        ]   ✅  Success - Main Trivy image scan (OS packages + Python packages inside the image) [35.853715614s]
[Session 17 - DevSecOps Pipeline/7. Image Scan (Trivy)        ] ⭐ Run Main actions/upload-artifact@v4
[Session 17 - DevSecOps Pipeline/7. Image Scan (Trivy)        ]   🐳  docker cp src=/home/vansh/.cache/act/actions-upload-artifact@v4/ dst=/var/run/act/actions/actions-upload-artifact@v4/
[Session 17 - DevSecOps Pipeline/7. Image Scan (Trivy)        ]   🐳  docker exec cmd=[/opt/acttoolcache/node/24.19.0/x64/bin/node /var/run/act/actions/actions-upload-artifact@v4/dist/upload/index.js] user= workdir=
[Session 17 - DevSecOps Pipeline/7. Image Scan (Trivy)        ]   | (node:152) [DEP0040] DeprecationWarning: The `punycode` module is deprecated. Please use a userland alternative instead.
[Session 17 - DevSecOps Pipeline/7. Image Scan (Trivy)        ]   | (Use `node --trace-deprecation ...` to show where the warning was created)
[Session 17 - DevSecOps Pipeline/7. Image Scan (Trivy)        ]   | With the provided path, there will be 1 file uploaded
[Session 17 - DevSecOps Pipeline/7. Image Scan (Trivy)        ]   | Artifact name is valid!
[Session 17 - DevSecOps Pipeline/7. Image Scan (Trivy)        ]   | Root directory input is valid!
[Session 17 - DevSecOps Pipeline/7. Image Scan (Trivy)        ]   | Beginning upload of artifact content to blob storage
[Session 17 - DevSecOps Pipeline/7. Image Scan (Trivy)        ]   | (node:152) [DEP0169] DeprecationWarning: `url.parse()` behavior is not standardized and prone to errors that have security implications. Use the WHATWG URL API instead. CVEs are not issued for `url.parse()` vulnerabilities.
[Session 17 - DevSecOps Pipeline/7. Image Scan (Trivy)        ]   | Uploaded bytes 89875
[Session 17 - DevSecOps Pipeline/7. Image Scan (Trivy)        ]   | Finished uploading artifact content to blob storage!
[Session 17 - DevSecOps Pipeline/7. Image Scan (Trivy)        ]   | SHA256 digest of uploaded artifact zip is fc47d9cf59974c4aababaa052c47cb08603fd2ecc5f66ff4807819d9689d2a33
[Session 17 - DevSecOps Pipeline/7. Image Scan (Trivy)        ]   | Finalizing artifact upload
[Session 17 - DevSecOps Pipeline/7. Image Scan (Trivy)        ]   | Artifact image-scan-reports.zip successfully finalized. Artifact ID 1323555270
[Session 17 - DevSecOps Pipeline/7. Image Scan (Trivy)        ]   | Artifact image-scan-reports has been successfully uploaded! Final size is 89875 bytes. Artifact ID is 1323555270
[Session 17 - DevSecOps Pipeline/7. Image Scan (Trivy)        ]   | Artifact download URL: https://github.com/v4xsh/devops-homework/actions/runs/1/artifacts/1323555270
[Session 17 - DevSecOps Pipeline/7. Image Scan (Trivy)        ]   ✅  Success - Main actions/upload-artifact@v4 [693.285295ms]
[Session 17 - DevSecOps Pipeline/7. Image Scan (Trivy)        ]   ⚙  ::set-output:: artifact-id=1323555270
[Session 17 - DevSecOps Pipeline/7. Image Scan (Trivy)        ]   ⚙  ::set-output:: artifact-digest=fc47d9cf59974c4aababaa052c47cb08603fd2ecc5f66ff4807819d9689d2a33
[Session 17 - DevSecOps Pipeline/7. Image Scan (Trivy)        ]   ⚙  ::set-output:: artifact-url=https://github.com/v4xsh/devops-homework/actions/runs/1/artifacts/1323555270
[Session 17 - DevSecOps Pipeline/7. Image Scan (Trivy)        ] ⭐ Run Complete job
[Session 17 - DevSecOps Pipeline/7. Image Scan (Trivy)        ] Cleaning up container for job 7. Image Scan (Trivy)
[Session 17 - DevSecOps Pipeline/7. Image Scan (Trivy)        ]   ✅  Success - Complete job
[Session 17 - DevSecOps Pipeline/7. Image Scan (Trivy)        ] 🏁  Job succeeded
[Session 17 - DevSecOps Pipeline/8. Security Gate             ] ⭐ Run Set up job
[Session 17 - DevSecOps Pipeline/8. Security Gate             ] 🚀  Start image=catthehacker/ubuntu:act-latest
[Session 17 - DevSecOps Pipeline/8. Security Gate             ]   🐳  docker pull image=catthehacker/ubuntu:act-latest platform=linux/amd64 username= forcePull=false
[Session 17 - DevSecOps Pipeline/8. Security Gate             ]   🐳  docker create image=catthehacker/ubuntu:act-latest platform=linux/amd64 entrypoint=["tail" "-f" "/dev/null"] cmd=[] network="minikube"
[Session 17 - DevSecOps Pipeline/8. Security Gate             ]   🐳  docker run image=catthehacker/ubuntu:act-latest platform=linux/amd64 entrypoint=["tail" "-f" "/dev/null"] cmd=[] network="minikube"
[Session 17 - DevSecOps Pipeline/8. Security Gate             ]   🐳  docker exec cmd=[node --no-warnings -e console.log(process.execPath)] user= workdir=
[Session 17 - DevSecOps Pipeline/8. Security Gate             ]   ✅  Success - Set up job
[Session 17 - DevSecOps Pipeline/8. Security Gate             ]   ☁  git clone 'https://github.com/actions/download-artifact' # ref=v4
[Session 17 - DevSecOps Pipeline/8. Security Gate             ] ⭐ Run Main actions/checkout@v4
[Session 17 - DevSecOps Pipeline/8. Security Gate             ]   🐳  docker cp src=/home/vansh/act-stage/session-17-devsecops/devops-homework/. dst=/home/vansh/act-stage/session-17-devsecops/devops-homework
[Session 17 - DevSecOps Pipeline/8. Security Gate             ]   ✅  Success - Main actions/checkout@v4 [43.92369ms]
[Session 17 - DevSecOps Pipeline/8. Security Gate             ] ⭐ Run Main Download all scanner reports
[Session 17 - DevSecOps Pipeline/8. Security Gate             ]   🐳  docker cp src=/home/vansh/.cache/act/actions-download-artifact@v4/ dst=/var/run/act/actions/actions-download-artifact@v4/
[Session 17 - DevSecOps Pipeline/8. Security Gate             ]   🐳  docker exec cmd=[/opt/acttoolcache/node/24.19.0/x64/bin/node /var/run/act/actions/actions-download-artifact@v4/dist/index.js] user= workdir=
[Session 17 - DevSecOps Pipeline/8. Security Gate             ]   | (node:32) [DEP0040] DeprecationWarning: The `punycode` module is deprecated. Please use a userland alternative instead.
[Session 17 - DevSecOps Pipeline/8. Security Gate             ]   | (Use `node --trace-deprecation ...` to show where the warning was created)
[Session 17 - DevSecOps Pipeline/8. Security Gate             ]   | Found 6 artifact(s)
[Session 17 - DevSecOps Pipeline/8. Security Gate             ]   | Filtering artifacts by pattern '*-reports'
[Session 17 - DevSecOps Pipeline/8. Security Gate             ]   | Preparing to download the following artifacts:
[Session 17 - DevSecOps Pipeline/8. Security Gate             ]   | - test-reports (ID: 3622199011, Size: 4096, Expected Digest: undefined)
[Session 17 - DevSecOps Pipeline/8. Security Gate             ]   | - secret-scan-reports (ID: 2775750947, Size: 4096, Expected Digest: undefined)
[Session 17 - DevSecOps Pipeline/8. Security Gate             ]   | - sast-reports (ID: 1370352796, Size: 4096, Expected Digest: undefined)
[Session 17 - DevSecOps Pipeline/8. Security Gate             ]   | - image-scan-reports (ID: 1323555270, Size: 4096, Expected Digest: undefined)
[Session 17 - DevSecOps Pipeline/8. Security Gate             ]   | - sca-reports (ID: 690153812, Size: 4096, Expected Digest: undefined)
[Session 17 - DevSecOps Pipeline/8. Security Gate             ]   | Redirecting to blob download url: http://172.17.9.114:34567/twirp/github.actions.results.api.v1.ArtifactService/DownloadArtifact
[Session 17 - DevSecOps Pipeline/8. Security Gate             ]   | Starting download of artifact to: /home/vansh/act-stage/session-17-devsecops/devops-homework/session-17-devsecops/reports
[Session 17 - DevSecOps Pipeline/8. Security Gate             ]   | Redirecting to blob download url: http://172.17.9.114:34567/twirp/github.actions.results.api.v1.ArtifactService/DownloadArtifact
[Session 17 - DevSecOps Pipeline/8. Security Gate             ]   | Starting download of artifact to: /home/vansh/act-stage/session-17-devsecops/devops-homework/session-17-devsecops/reports
[Session 17 - DevSecOps Pipeline/8. Security Gate             ]   | (node:32) [DEP0005] DeprecationWarning: Buffer() is deprecated due to security and usability issues. Please use the Buffer.alloc(), Buffer.allocUnsafe(), or Buffer.from() methods instead.
[Session 17 - DevSecOps Pipeline/8. Security Gate             ]   | Redirecting to blob download url: http://172.17.9.114:34567/twirp/github.actions.results.api.v1.ArtifactService/DownloadArtifact
[Session 17 - DevSecOps Pipeline/8. Security Gate             ]   | Starting download of artifact to: /home/vansh/act-stage/session-17-devsecops/devops-homework/session-17-devsecops/reports
[Session 17 - DevSecOps Pipeline/8. Security Gate             ]   | Redirecting to blob download url: http://172.17.9.114:34567/twirp/github.actions.results.api.v1.ArtifactService/DownloadArtifact
[Session 17 - DevSecOps Pipeline/8. Security Gate             ]   | Starting download of artifact to: /home/vansh/act-stage/session-17-devsecops/devops-homework/session-17-devsecops/reports
[Session 17 - DevSecOps Pipeline/8. Security Gate             ]   | Redirecting to blob download url: http://172.17.9.114:34567/twirp/github.actions.results.api.v1.ArtifactService/DownloadArtifact
[Session 17 - DevSecOps Pipeline/8. Security Gate             ]   | Starting download of artifact to: /home/vansh/act-stage/session-17-devsecops/devops-homework/session-17-devsecops/reports
[Session 17 - DevSecOps Pipeline/8. Security Gate             ]   | SHA256 digest of downloaded artifact is c492e4cc23f15f9de6c214bea4830d2bd90312cd9e998355ed24d862b913a1a8
[Session 17 - DevSecOps Pipeline/8. Security Gate             ]   | Artifact download completed successfully.
[Session 17 - DevSecOps Pipeline/8. Security Gate             ]   | SHA256 digest of downloaded artifact is 5566b4255609d37860be659b54fcd047cd5116e7b27f6039b86c4fbfec5bf664
[Session 17 - DevSecOps Pipeline/8. Security Gate             ]   | Artifact download completed successfully.
[Session 17 - DevSecOps Pipeline/8. Security Gate             ]   | SHA256 digest of downloaded artifact is 47bcd7e8466433cdd86727bda1b9812e711265780f79bafd8896896640070b8b
[Session 17 - DevSecOps Pipeline/8. Security Gate             ]   | Artifact download completed successfully.
[Session 17 - DevSecOps Pipeline/8. Security Gate             ]   | SHA256 digest of downloaded artifact is 8cad6727862da054e1f67d544d6f5b9b03ed53a7c04333f1b94acc672f055176
[Session 17 - DevSecOps Pipeline/8. Security Gate             ]   | Artifact download completed successfully.
[Session 17 - DevSecOps Pipeline/8. Security Gate             ]   | SHA256 digest of downloaded artifact is fc47d9cf59974c4aababaa052c47cb08603fd2ecc5f66ff4807819d9689d2a33
[Session 17 - DevSecOps Pipeline/8. Security Gate             ]   | Artifact download completed successfully.
[Session 17 - DevSecOps Pipeline/8. Security Gate             ]   | Total of 5 artifact(s) downloaded
[Session 17 - DevSecOps Pipeline/8. Security Gate             ]   | Download artifact has finished successfully
[Session 17 - DevSecOps Pipeline/8. Security Gate             ]   ✅  Success - Main Download all scanner reports [464.919831ms]
[Session 17 - DevSecOps Pipeline/8. Security Gate             ]   ⚙  ::set-output:: download-path=/home/vansh/act-stage/session-17-devsecops/devops-homework/session-17-devsecops/reports
[Session 17 - DevSecOps Pipeline/8. Security Gate             ] ⭐ Run Main Evaluate policy (block on HIGH/CRITICAL)
[Session 17 - DevSecOps Pipeline/8. Security Gate             ]   🐳  docker exec cmd=[bash --noprofile --norc -e -o pipefail /var/run/act/workflow/2.sh] user= workdir=session-17-devsecops
[Session 17 - DevSecOps Pipeline/8. Security Gate             ]   | bandit.json
[Session 17 - DevSecOps Pipeline/8. Security Gate             ]   | coverage.xml
[Session 17 - DevSecOps Pipeline/8. Security Gate             ]   | gitleaks-history.json
[Session 17 - DevSecOps Pipeline/8. Security Gate             ]   | gitleaks.json
[Session 17 - DevSecOps Pipeline/8. Security Gate             ]   | pip-audit.json
[Session 17 - DevSecOps Pipeline/8. Security Gate             ]   | semgrep.json
[Session 17 - DevSecOps Pipeline/8. Security Gate             ]   | trivy-fs.json
[Session 17 - DevSecOps Pipeline/8. Security Gate             ]   | trivy-image.json
[Session 17 - DevSecOps Pipeline/8. Security Gate             ]   | Security gate - blocking severities: CRITICAL, HIGH
[Session 17 - DevSecOps Pipeline/8. Security Gate             ]   | STAGE    CHECK                          BLOCKING  RESULT
[Session 17 - DevSecOps Pipeline/8. Security Gate             ]   | SAST     Bandit (HIGH)                         0  PASS
[Session 17 - DevSecOps Pipeline/8. Security Gate             ]   | SAST     Semgrep (ERROR)                       0  PASS
[Session 17 - DevSecOps Pipeline/8. Security Gate             ]   | SCA      pip-audit (fixable)                   6  FAIL
[Session 17 - DevSecOps Pipeline/8. Security Gate             ]   | SCA      Trivy fs (HIGH/CRITICAL)              2  FAIL
[Session 17 - DevSecOps Pipeline/8. Security Gate             ]   | Secrets  Gitleaks                              0  PASS
[Session 17 - DevSecOps Pipeline/8. Security Gate             ]   | Image    Trivy image (HIGH/CRITICAL)          83  FAIL
[Session 17 - DevSecOps Pipeline/8. Security Gate             ]   | 
[Session 17 - DevSecOps Pipeline/8. Security Gate             ]   | Blocking findings:
[Session 17 - DevSecOps Pipeline/8. Security Gate             ]   |   [pip-audit (fixable)] flask==3.1.2 PYSEC-2026-2151 (fixed in 3.1.3)
[Session 17 - DevSecOps Pipeline/8. Security Gate             ]   |   [pip-audit (fixable)] flask==3.1.2 PYSEC-2026-2151 (fixed in 3.1.3)
[Session 17 - DevSecOps Pipeline/8. Security Gate             ]   |   [pip-audit (fixable)] gunicorn==20.1.0 PYSEC-2026-1434 (fixed in 22.0.0)
[Session 17 - DevSecOps Pipeline/8. Security Gate             ]   |   [pip-audit (fixable)] gunicorn==20.1.0 PYSEC-2026-1433 (fixed in 22.0.0)
[Session 17 - DevSecOps Pipeline/8. Security Gate             ]   |   [pip-audit (fixable)] gunicorn==20.1.0 PYSEC-2026-1434 (fixed in 22.0.0)
[Session 17 - DevSecOps Pipeline/8. Security Gate             ]   |   [pip-audit (fixable)] gunicorn==20.1.0 PYSEC-2026-1433 (fixed in 22.0.0)
[Session 17 - DevSecOps Pipeline/8. Security Gate             ]   |   [Trivy fs (HIGH/CRITICAL)] HIGH     CVE-2024-1135        gunicorn 20.1.0 -> 22.0.0
[Session 17 - DevSecOps Pipeline/8. Security Gate             ]   |   [Trivy fs (HIGH/CRITICAL)] HIGH     CVE-2024-6827        gunicorn 20.1.0 -> 22.0.0
[Session 17 - DevSecOps Pipeline/8. Security Gate             ]   |   [Trivy image (HIGH/CRITICAL)] CRITICAL CVE-2022-1664        dpkg 1.19.7 -> 1.19.8
[Session 17 - DevSecOps Pipeline/8. Security Gate             ]   |   [Trivy image (HIGH/CRITICAL)] HIGH     CVE-2022-1271        gzip 1.9-3 -> 1.9-3+deb10u1
[Session 17 - DevSecOps Pipeline/8. Security Gate             ]   |   [Trivy image (HIGH/CRITICAL)] CRITICAL CVE-2021-33574       libc-bin 2.28-10 -> 2.28-10+deb10u2
[Session 17 - DevSecOps Pipeline/8. Security Gate             ]   |   [Trivy image (HIGH/CRITICAL)] CRITICAL CVE-2021-35942       libc-bin 2.28-10 -> 2.28-10+deb10u2
[Session 17 - DevSecOps Pipeline/8. Security Gate             ]   |   [Trivy image (HIGH/CRITICAL)] CRITICAL CVE-2022-23218       libc-bin 2.28-10 -> 2.28-10+deb10u2
[Session 17 - DevSecOps Pipeline/8. Security Gate             ]   |   [Trivy image (HIGH/CRITICAL)] CRITICAL CVE-2022-23219       libc-bin 2.28-10 -> 2.28-10+deb10u2
[Session 17 - DevSecOps Pipeline/8. Security Gate             ]   |   [Trivy image (HIGH/CRITICAL)] HIGH     CVE-2020-1752        libc-bin 2.28-10 -> 2.28-10+deb10u2
[Session 17 - DevSecOps Pipeline/8. Security Gate             ]   |   [Trivy image (HIGH/CRITICAL)] HIGH     CVE-2020-6096        libc-bin 2.28-10 -> 2.28-10+deb10u2
[Session 17 - DevSecOps Pipeline/8. Security Gate             ]   |   [Trivy image (HIGH/CRITICAL)] HIGH     CVE-2021-3326        libc-bin 2.28-10 -> 2.28-10+deb10u2
[Session 17 - DevSecOps Pipeline/8. Security Gate             ]   |   [Trivy image (HIGH/CRITICAL)] HIGH     CVE-2021-3999        libc-bin 2.28-10 -> 2.28-10+deb10u2
[Session 17 - DevSecOps Pipeline/8. Security Gate             ]   |   [Trivy image (HIGH/CRITICAL)] HIGH     CVE-2024-2961        libc-bin 2.28-10 -> 2.28-10+deb10u3
[Session 17 - DevSecOps Pipeline/8. Security Gate             ]   |   [Trivy image (HIGH/CRITICAL)] HIGH     CVE-2024-33599       libc-bin 2.28-10 -> 2.28-10+deb10u4
[Session 17 - DevSecOps Pipeline/8. Security Gate             ]   |   [Trivy image (HIGH/CRITICAL)] CRITICAL CVE-2021-33574       libc6 2.28-10 -> 2.28-10+deb10u2
[Session 17 - DevSecOps Pipeline/8. Security Gate             ]   |   [Trivy image (HIGH/CRITICAL)] CRITICAL CVE-2021-35942       libc6 2.28-10 -> 2.28-10+deb10u2
[Session 17 - DevSecOps Pipeline/8. Security Gate             ]   |   [Trivy image (HIGH/CRITICAL)] CRITICAL CVE-2022-23218       libc6 2.28-10 -> 2.28-10+deb10u2
[Session 17 - DevSecOps Pipeline/8. Security Gate             ]   |   [Trivy image (HIGH/CRITICAL)] ... and 68 more
[Session 17 - DevSecOps Pipeline/8. Security Gate             ]   | 
[Session 17 - DevSecOps Pipeline/8. Security Gate             ]   | SECURITY GATE: BLOCKED - fix the findings above before this image can be pushed/deployed
[Session 17 - DevSecOps Pipeline/8. Security Gate             ]   ❌  Failure - Main Evaluate policy (block on HIGH/CRITICAL) [136.61541ms]
[Session 17 - DevSecOps Pipeline/8. Security Gate             ]   ⚙  Summary - ## Security gate

| Stage | Check | Blocking findings | Result |
|---|---|---|---|
| SAST | Bandit (HIGH) | 0 | PASS |
| SAST | Semgrep (ERROR) | 0 | PASS |
| SCA | pip-audit (fixable) | 6 | FAIL |
| SCA | Trivy fs (HIGH/CRITICAL) | 2 | FAIL |
| Secrets | Gitleaks | 0 | PASS |
| Image | Trivy image (HIGH/CRITICAL) | 83 | FAIL |

**BLOCKED - fix the findings above before this image can be pushed/deployed**
[Session 17 - DevSecOps Pipeline/8. Security Gate             ] exitcode '1': failure
[Session 17 - DevSecOps Pipeline/8. Security Gate             ] ⭐ Run Complete job
[Session 17 - DevSecOps Pipeline/8. Security Gate             ]   ✅  Success - Complete job
[Session 17 - DevSecOps Pipeline/8. Security Gate             ] 🏁  Job failed
Error: Job '8. Security Gate' failed
