time="2026-10-07T18:09:23Z" level=info msg="Using docker host 'unix:///var/run/docker.sock', and daemon socket 'unix:///var/run/docker.sock'"
time="2026-10-07T18:09:24Z" level=info msg="Start server on http://172.17.9.114:34567"
[Session 17 - DevSecOps Pipeline/1. Build] ⭐ Run Set up job
[Session 17 - DevSecOps Pipeline/1. Build] 🚀  Start image=catthehacker/ubuntu:act-latest
[Session 17 - DevSecOps Pipeline/1. Build]   🐳  docker pull image=catthehacker/ubuntu:act-latest platform=linux/amd64 username= forcePull=false
[Session 17 - DevSecOps Pipeline/1. Build]   🐳  docker create image=catthehacker/ubuntu:act-latest platform=linux/amd64 entrypoint=["tail" "-f" "/dev/null"] cmd=[] network="minikube"
[Session 17 - DevSecOps Pipeline/1. Build]   🐳  docker run image=catthehacker/ubuntu:act-latest platform=linux/amd64 entrypoint=["tail" "-f" "/dev/null"] cmd=[] network="minikube"
[Session 17 - DevSecOps Pipeline/1. Build]   🐳  docker exec cmd=[node --no-warnings -e console.log(process.execPath)] user= workdir=
[Session 17 - DevSecOps Pipeline/1. Build]   ✅  Success - Set up job
[Session 17 - DevSecOps Pipeline/1. Build]   ☁  git clone 'https://github.com/actions/setup-python' # ref=v5
[Session 17 - DevSecOps Pipeline/1. Build] ⭐ Run Main actions/checkout@v4
[Session 17 - DevSecOps Pipeline/1. Build]   🐳  docker cp src=/home/vansh/act-stage/session-17-devsecops/devops-homework/. dst=/home/vansh/act-stage/session-17-devsecops/devops-homework
[Session 17 - DevSecOps Pipeline/1. Build]   ✅  Success - Main actions/checkout@v4 [38.796638ms]
[Session 17 - DevSecOps Pipeline/1. Build] ⭐ Run Main actions/setup-python@v5
[Session 17 - DevSecOps Pipeline/1. Build]   🐳  docker cp src=/home/vansh/.cache/act/actions-setup-python@v5/ dst=/var/run/act/actions/actions-setup-python@v5/
[Session 17 - DevSecOps Pipeline/1. Build]   🐳  docker exec cmd=[/opt/acttoolcache/node/24.19.0/x64/bin/node /var/run/act/actions/actions-setup-python@v5/dist/setup/index.js] user= workdir=
[Session 17 - DevSecOps Pipeline/1. Build]   ❓  ::group::Installed versions
[Session 17 - DevSecOps Pipeline/1. Build]   | (node:31) [DEP0040] DeprecationWarning: The `punycode` module is deprecated. Please use a userland alternative instead.
[Session 17 - DevSecOps Pipeline/1. Build]   | (Use `node --trace-deprecation ...` to show where the warning was created)
[Session 17 - DevSecOps Pipeline/1. Build]   | Successfully set up CPython (3.12.15)
[Session 17 - DevSecOps Pipeline/1. Build]   ❓  ::endgroup::
[Session 17 - DevSecOps Pipeline/1. Build]   ❓ add-matcher /run/act/actions/actions-setup-python@v5/.github/python.json
[Session 17 - DevSecOps Pipeline/1. Build]   ✅  Success - Main actions/setup-python@v5 [673.910518ms]
[Session 17 - DevSecOps Pipeline/1. Build]   ⚙  ::set-env:: Python_ROOT_DIR=/opt/hostedtoolcache/Python/3.12.15/x64
[Session 17 - DevSecOps Pipeline/1. Build]   ⚙  ::set-env:: Python2_ROOT_DIR=/opt/hostedtoolcache/Python/3.12.15/x64
[Session 17 - DevSecOps Pipeline/1. Build]   ⚙  ::set-env:: Python3_ROOT_DIR=/opt/hostedtoolcache/Python/3.12.15/x64
[Session 17 - DevSecOps Pipeline/1. Build]   ⚙  ::set-env:: LD_LIBRARY_PATH=/opt/hostedtoolcache/Python/3.12.15/x64/lib
[Session 17 - DevSecOps Pipeline/1. Build]   ⚙  ::set-env:: pythonLocation=/opt/hostedtoolcache/Python/3.12.15/x64
[Session 17 - DevSecOps Pipeline/1. Build]   ⚙  ::set-env:: PKG_CONFIG_PATH=/opt/hostedtoolcache/Python/3.12.15/x64/lib/pkgconfig
[Session 17 - DevSecOps Pipeline/1. Build]   ⚙  ::set-output:: python-version=3.12.15
[Session 17 - DevSecOps Pipeline/1. Build]   ⚙  ::set-output:: python-path=/opt/hostedtoolcache/Python/3.12.15/x64/bin/python
[Session 17 - DevSecOps Pipeline/1. Build]   ⚙  ::add-path:: /opt/hostedtoolcache/Python/3.12.15/x64
[Session 17 - DevSecOps Pipeline/1. Build]   ⚙  ::add-path:: /opt/hostedtoolcache/Python/3.12.15/x64/bin
[Session 17 - DevSecOps Pipeline/1. Build] ⭐ Run Main Install runtime dependencies
[Session 17 - DevSecOps Pipeline/1. Build]   🐳  docker exec cmd=[bash --noprofile --norc -e -o pipefail /var/run/act/workflow/2.sh] user= workdir=session-17-devsecops
[Session 17 - DevSecOps Pipeline/1. Build]   | Requirement already satisfied: Flask==3.1.3 in /opt/hostedtoolcache/Python/3.12.15/x64/lib/python3.12/site-packages (from -r requirements.txt (line 1)) (3.1.3)
[Session 17 - DevSecOps Pipeline/1. Build]   | Requirement already satisfied: gunicorn==23.0.0 in /opt/hostedtoolcache/Python/3.12.15/x64/lib/python3.12/site-packages (from -r requirements.txt (line 2)) (23.0.0)
[Session 17 - DevSecOps Pipeline/1. Build]   | Requirement already satisfied: blinker>=1.9.0 in /opt/hostedtoolcache/Python/3.12.15/x64/lib/python3.12/site-packages (from Flask==3.1.3->-r requirements.txt (line 1)) (1.9.0)
[Session 17 - DevSecOps Pipeline/1. Build]   | Requirement already satisfied: click>=8.1.3 in /opt/hostedtoolcache/Python/3.12.15/x64/lib/python3.12/site-packages (from Flask==3.1.3->-r requirements.txt (line 1)) (8.4.2)
[Session 17 - DevSecOps Pipeline/1. Build]   | Requirement already satisfied: itsdangerous>=2.2.0 in /opt/hostedtoolcache/Python/3.12.15/x64/lib/python3.12/site-packages (from Flask==3.1.3->-r requirements.txt (line 1)) (2.2.0)
[Session 17 - DevSecOps Pipeline/1. Build]   | Requirement already satisfied: jinja2>=3.1.2 in /opt/hostedtoolcache/Python/3.12.15/x64/lib/python3.12/site-packages (from Flask==3.1.3->-r requirements.txt (line 1)) (3.1.6)
[Session 17 - DevSecOps Pipeline/1. Build]   | Requirement already satisfied: markupsafe>=2.1.1 in /opt/hostedtoolcache/Python/3.12.15/x64/lib/python3.12/site-packages (from Flask==3.1.3->-r requirements.txt (line 1)) (3.0.4)
[Session 17 - DevSecOps Pipeline/1. Build]   | Requirement already satisfied: werkzeug>=3.1.0 in /opt/hostedtoolcache/Python/3.12.15/x64/lib/python3.12/site-packages (from Flask==3.1.3->-r requirements.txt (line 1)) (3.1.9)
[Session 17 - DevSecOps Pipeline/1. Build]   | Requirement already satisfied: packaging in /opt/hostedtoolcache/Python/3.12.15/x64/lib/python3.12/site-packages (from gunicorn==23.0.0->-r requirements.txt (line 2)) (26.3)
[Session 17 - DevSecOps Pipeline/1. Build]   | WARNING: Running pip as the 'root' user can result in broken permissions and conflicting behaviour with the system package manager, possibly rendering your system unusable. It is recommended to use a virtual environment instead: https://pip.pypa.io/warnings/venv. Use the --root-user-action option if you know what you are doing and want to suppress this warning.
[Session 17 - DevSecOps Pipeline/1. Build]   ✅  Success - Main Install runtime dependencies [925.351331ms]
[Session 17 - DevSecOps Pipeline/1. Build] ⭐ Run Main Byte-compile and import the app
[Session 17 - DevSecOps Pipeline/1. Build]   🐳  docker exec cmd=[bash --noprofile --norc -e -o pipefail /var/run/act/workflow/3.sh] user= workdir=session-17-devsecops
[Session 17 - DevSecOps Pipeline/1. Build]   | app import OK, routes: ['/api/notes', '/api/notes', '/api/notes/<int:note_id>', '/api/status', '/health', '/static/<path:filename>']
[Session 17 - DevSecOps Pipeline/1. Build]   ✅  Success - Main Byte-compile and import the app [296.068067ms]
[Session 17 - DevSecOps Pipeline/1. Build] ⭐ Run Post actions/setup-python@v5
[Session 17 - DevSecOps Pipeline/1. Build]   🐳  docker exec cmd=[/opt/acttoolcache/node/24.19.0/x64/bin/node /var/run/act/actions/actions-setup-python@v5/dist/cache-save/index.js] user= workdir=
[Session 17 - DevSecOps Pipeline/1. Build]   | (node:75) [DEP0040] DeprecationWarning: The `punycode` module is deprecated. Please use a userland alternative instead.
[Session 17 - DevSecOps Pipeline/1. Build]   | (Use `node --trace-deprecation ...` to show where the warning was created)
[Session 17 - DevSecOps Pipeline/1. Build]   ✅  Success - Post actions/setup-python@v5 [168.095521ms]
[Session 17 - DevSecOps Pipeline/1. Build] ⭐ Run Complete job
[Session 17 - DevSecOps Pipeline/1. Build] Cleaning up container for job 1. Build
[Session 17 - DevSecOps Pipeline/1. Build]   ✅  Success - Complete job
[Session 17 - DevSecOps Pipeline/1. Build] 🏁  Job succeeded
[Session 17 - DevSecOps Pipeline/2. Unit Test] ⭐ Run Set up job
[Session 17 - DevSecOps Pipeline/2. Unit Test] 🚀  Start image=catthehacker/ubuntu:act-latest
[Session 17 - DevSecOps Pipeline/2. Unit Test]   🐳  docker pull image=catthehacker/ubuntu:act-latest platform=linux/amd64 username= forcePull=false
[Session 17 - DevSecOps Pipeline/2. Unit Test]   🐳  docker create image=catthehacker/ubuntu:act-latest platform=linux/amd64 entrypoint=["tail" "-f" "/dev/null"] cmd=[] network="minikube"
[Session 17 - DevSecOps Pipeline/2. Unit Test]   🐳  docker run image=catthehacker/ubuntu:act-latest platform=linux/amd64 entrypoint=["tail" "-f" "/dev/null"] cmd=[] network="minikube"
[Session 17 - DevSecOps Pipeline/2. Unit Test]   🐳  docker exec cmd=[node --no-warnings -e console.log(process.execPath)] user= workdir=
[Session 17 - DevSecOps Pipeline/2. Unit Test]   ✅  Success - Set up job
[Session 17 - DevSecOps Pipeline/2. Unit Test]   ☁  git clone 'https://github.com/actions/setup-python' # ref=v5
[Session 17 - DevSecOps Pipeline/2. Unit Test]   ☁  git clone 'https://github.com/actions/upload-artifact' # ref=v4
[Session 17 - DevSecOps Pipeline/2. Unit Test] ⭐ Run Main actions/checkout@v4
[Session 17 - DevSecOps Pipeline/2. Unit Test]   🐳  docker cp src=/home/vansh/act-stage/session-17-devsecops/devops-homework/. dst=/home/vansh/act-stage/session-17-devsecops/devops-homework
[Session 17 - DevSecOps Pipeline/2. Unit Test]   ✅  Success - Main actions/checkout@v4 [38.046811ms]
[Session 17 - DevSecOps Pipeline/2. Unit Test] ⭐ Run Main actions/setup-python@v5
[Session 17 - DevSecOps Pipeline/2. Unit Test]   🐳  docker cp src=/home/vansh/.cache/act/actions-setup-python@v5/ dst=/var/run/act/actions/actions-setup-python@v5/
[Session 17 - DevSecOps Pipeline/2. Unit Test]   🐳  docker exec cmd=[/opt/acttoolcache/node/24.19.0/x64/bin/node /var/run/act/actions/actions-setup-python@v5/dist/setup/index.js] user= workdir=
[Session 17 - DevSecOps Pipeline/2. Unit Test]   ❓  ::group::Installed versions
[Session 17 - DevSecOps Pipeline/2. Unit Test]   | (node:31) [DEP0040] DeprecationWarning: The `punycode` module is deprecated. Please use a userland alternative instead.
[Session 17 - DevSecOps Pipeline/2. Unit Test]   | (Use `node --trace-deprecation ...` to show where the warning was created)
[Session 17 - DevSecOps Pipeline/2. Unit Test]   | Successfully set up CPython (3.12.15)
[Session 17 - DevSecOps Pipeline/2. Unit Test]   ❓  ::endgroup::
[Session 17 - DevSecOps Pipeline/2. Unit Test]   ❓ add-matcher /run/act/actions/actions-setup-python@v5/.github/python.json
[Session 17 - DevSecOps Pipeline/2. Unit Test]   ✅  Success - Main actions/setup-python@v5 [608.104332ms]
[Session 17 - DevSecOps Pipeline/2. Unit Test]   ⚙  ::set-env:: pythonLocation=/opt/hostedtoolcache/Python/3.12.15/x64
[Session 17 - DevSecOps Pipeline/2. Unit Test]   ⚙  ::set-env:: PKG_CONFIG_PATH=/opt/hostedtoolcache/Python/3.12.15/x64/lib/pkgconfig
[Session 17 - DevSecOps Pipeline/2. Unit Test]   ⚙  ::set-env:: Python_ROOT_DIR=/opt/hostedtoolcache/Python/3.12.15/x64
[Session 17 - DevSecOps Pipeline/2. Unit Test]   ⚙  ::set-env:: Python2_ROOT_DIR=/opt/hostedtoolcache/Python/3.12.15/x64
[Session 17 - DevSecOps Pipeline/2. Unit Test]   ⚙  ::set-env:: Python3_ROOT_DIR=/opt/hostedtoolcache/Python/3.12.15/x64
[Session 17 - DevSecOps Pipeline/2. Unit Test]   ⚙  ::set-env:: LD_LIBRARY_PATH=/opt/hostedtoolcache/Python/3.12.15/x64/lib
[Session 17 - DevSecOps Pipeline/2. Unit Test]   ⚙  ::set-output:: python-version=3.12.15
[Session 17 - DevSecOps Pipeline/2. Unit Test]   ⚙  ::set-output:: python-path=/opt/hostedtoolcache/Python/3.12.15/x64/bin/python
[Session 17 - DevSecOps Pipeline/2. Unit Test]   ⚙  ::add-path:: /opt/hostedtoolcache/Python/3.12.15/x64
[Session 17 - DevSecOps Pipeline/2. Unit Test]   ⚙  ::add-path:: /opt/hostedtoolcache/Python/3.12.15/x64/bin
[Session 17 - DevSecOps Pipeline/2. Unit Test] ⭐ Run Main Install dependencies
[Session 17 - DevSecOps Pipeline/2. Unit Test]   🐳  docker exec cmd=[bash --noprofile --norc -e -o pipefail /var/run/act/workflow/2.sh] user= workdir=session-17-devsecops
[Session 17 - DevSecOps Pipeline/2. Unit Test]   | Requirement already satisfied: Flask==3.1.3 in /opt/hostedtoolcache/Python/3.12.15/x64/lib/python3.12/site-packages (from -r /home/vansh/act-stage/session-17-devsecops/devops-homework/session-17-devsecops/requirements.txt (line 1)) (3.1.3)
[Session 17 - DevSecOps Pipeline/2. Unit Test]   | Requirement already satisfied: gunicorn==23.0.0 in /opt/hostedtoolcache/Python/3.12.15/x64/lib/python3.12/site-packages (from -r /home/vansh/act-stage/session-17-devsecops/devops-homework/session-17-devsecops/requirements.txt (line 2)) (23.0.0)
[Session 17 - DevSecOps Pipeline/2. Unit Test]   | Requirement already satisfied: pytest==8.4.2 in /opt/hostedtoolcache/Python/3.12.15/x64/lib/python3.12/site-packages (from -r requirements-dev.txt (line 2)) (8.4.2)
[Session 17 - DevSecOps Pipeline/2. Unit Test]   | Requirement already satisfied: pytest-cov==6.0.0 in /opt/hostedtoolcache/Python/3.12.15/x64/lib/python3.12/site-packages (from -r requirements-dev.txt (line 3)) (6.0.0)
[Session 17 - DevSecOps Pipeline/2. Unit Test]   | Requirement already satisfied: blinker>=1.9.0 in /opt/hostedtoolcache/Python/3.12.15/x64/lib/python3.12/site-packages (from Flask==3.1.3->-r /home/vansh/act-stage/session-17-devsecops/devops-homework/session-17-devsecops/requirements.txt (line 1)) (1.9.0)
[Session 17 - DevSecOps Pipeline/2. Unit Test]   | Requirement already satisfied: click>=8.1.3 in /opt/hostedtoolcache/Python/3.12.15/x64/lib/python3.12/site-packages (from Flask==3.1.3->-r /home/vansh/act-stage/session-17-devsecops/devops-homework/session-17-devsecops/requirements.txt (line 1)) (8.4.2)
[Session 17 - DevSecOps Pipeline/2. Unit Test]   | Requirement already satisfied: itsdangerous>=2.2.0 in /opt/hostedtoolcache/Python/3.12.15/x64/lib/python3.12/site-packages (from Flask==3.1.3->-r /home/vansh/act-stage/session-17-devsecops/devops-homework/session-17-devsecops/requirements.txt (line 1)) (2.2.0)
[Session 17 - DevSecOps Pipeline/2. Unit Test]   | Requirement already satisfied: jinja2>=3.1.2 in /opt/hostedtoolcache/Python/3.12.15/x64/lib/python3.12/site-packages (from Flask==3.1.3->-r /home/vansh/act-stage/session-17-devsecops/devops-homework/session-17-devsecops/requirements.txt (line 1)) (3.1.6)
[Session 17 - DevSecOps Pipeline/2. Unit Test]   | Requirement already satisfied: markupsafe>=2.1.1 in /opt/hostedtoolcache/Python/3.12.15/x64/lib/python3.12/site-packages (from Flask==3.1.3->-r /home/vansh/act-stage/session-17-devsecops/devops-homework/session-17-devsecops/requirements.txt (line 1)) (3.0.4)
[Session 17 - DevSecOps Pipeline/2. Unit Test]   | Requirement already satisfied: werkzeug>=3.1.0 in /opt/hostedtoolcache/Python/3.12.15/x64/lib/python3.12/site-packages (from Flask==3.1.3->-r /home/vansh/act-stage/session-17-devsecops/devops-homework/session-17-devsecops/requirements.txt (line 1)) (3.1.9)
[Session 17 - DevSecOps Pipeline/2. Unit Test]   | Requirement already satisfied: packaging in /opt/hostedtoolcache/Python/3.12.15/x64/lib/python3.12/site-packages (from gunicorn==23.0.0->-r /home/vansh/act-stage/session-17-devsecops/devops-homework/session-17-devsecops/requirements.txt (line 2)) (26.3)
[Session 17 - DevSecOps Pipeline/2. Unit Test]   | Requirement already satisfied: iniconfig>=1 in /opt/hostedtoolcache/Python/3.12.15/x64/lib/python3.12/site-packages (from pytest==8.4.2->-r requirements-dev.txt (line 2)) (2.3.1)
[Session 17 - DevSecOps Pipeline/2. Unit Test]   | Requirement already satisfied: pluggy<2,>=1.5 in /opt/hostedtoolcache/Python/3.12.15/x64/lib/python3.12/site-packages (from pytest==8.4.2->-r requirements-dev.txt (line 2)) (1.6.0)
[Session 17 - DevSecOps Pipeline/2. Unit Test]   | Requirement already satisfied: pygments>=2.7.2 in /opt/hostedtoolcache/Python/3.12.15/x64/lib/python3.12/site-packages (from pytest==8.4.2->-r requirements-dev.txt (line 2)) (2.21.0)
[Session 17 - DevSecOps Pipeline/2. Unit Test]   | Requirement already satisfied: coverage>=7.5 in /opt/hostedtoolcache/Python/3.12.15/x64/lib/python3.12/site-packages (from coverage[toml]>=7.5->pytest-cov==6.0.0->-r requirements-dev.txt (line 3)) (7.16.2)
[Session 17 - DevSecOps Pipeline/2. Unit Test]   | WARNING: Running pip as the 'root' user can result in broken permissions and conflicting behaviour with the system package manager, possibly rendering your system unusable. It is recommended to use a virtual environment instead: https://pip.pypa.io/warnings/venv. Use the --root-user-action option if you know what you are doing and want to suppress this warning.
[Session 17 - DevSecOps Pipeline/2. Unit Test]   ✅  Success - Main Install dependencies [1.091859827s]
[Session 17 - DevSecOps Pipeline/2. Unit Test] ⭐ Run Main Run pytest with coverage
[Session 17 - DevSecOps Pipeline/2. Unit Test]   🐳  docker exec cmd=[bash --noprofile --norc -e -o pipefail /var/run/act/workflow/3.sh] user= workdir=session-17-devsecops
[Session 17 - DevSecOps Pipeline/2. Unit Test]   | ============================= test session starts ==============================
[Session 17 - DevSecOps Pipeline/2. Unit Test]   | platform linux -- Python 3.12.15, pytest-8.4.2, pluggy-1.6.0 -- /opt/hostedtoolcache/Python/3.12.15/x64/bin/python
[Session 17 - DevSecOps Pipeline/2. Unit Test]   | cachedir: .pytest_cache
[Session 17 - DevSecOps Pipeline/2. Unit Test]   | rootdir: /home/vansh/act-stage/session-17-devsecops/devops-homework/session-17-devsecops
[Session 17 - DevSecOps Pipeline/2. Unit Test]   | configfile: pytest.ini
[Session 17 - DevSecOps Pipeline/2. Unit Test]   | testpaths: tests
[Session 17 - DevSecOps Pipeline/2. Unit Test]   | plugins: anyio-4.15.1, cov-6.0.0, platformdirs-4.12.3
[Session 17 - DevSecOps Pipeline/2. Unit Test]   | collecting ... collected 11 items
[Session 17 - DevSecOps Pipeline/2. Unit Test]   | 
[Session 17 - DevSecOps Pipeline/2. Unit Test]   | tests/test_app.py::test_health PASSED                                    [  9%]
[Session 17 - DevSecOps Pipeline/2. Unit Test]   | tests/test_app.py::test_security_headers_present PASSED                  [ 18%]
[Session 17 - DevSecOps Pipeline/2. Unit Test]   | tests/test_app.py::test_status_reports_git_sha PASSED                    [ 27%]
[Session 17 - DevSecOps Pipeline/2. Unit Test]   | tests/test_app.py::test_create_and_get_note PASSED                       [ 36%]
[Session 17 - DevSecOps Pipeline/2. Unit Test]   | tests/test_app.py::test_missing_note_returns_404 PASSED                  [ 45%]
[Session 17 - DevSecOps Pipeline/2. Unit Test]   | tests/test_app.py::test_input_validation[None] PASSED                    [ 54%]
[Session 17 - DevSecOps Pipeline/2. Unit Test]   | tests/test_app.py::test_input_validation[payload1] PASSED                [ 63%]
[Session 17 - DevSecOps Pipeline/2. Unit Test]   | tests/test_app.py::test_input_validation[payload2] PASSED                [ 72%]
[Session 17 - DevSecOps Pipeline/2. Unit Test]   | tests/test_app.py::test_input_validation[payload3] PASSED                [ 81%]
[Session 17 - DevSecOps Pipeline/2. Unit Test]   | tests/test_app.py::test_input_validation[payload4] PASSED                [ 90%]
[Session 17 - DevSecOps Pipeline/2. Unit Test]   | tests/test_app.py::test_secret_key_comes_from_environment PASSED         [100%]
[Session 17 - DevSecOps Pipeline/2. Unit Test]   | 
[Session 17 - DevSecOps Pipeline/2. Unit Test]   | ---------- coverage: platform linux, python 3.12.15-final-0 ----------
[Session 17 - DevSecOps Pipeline/2. Unit Test]   | Name              Stmts   Miss  Cover   Missing
[Session 17 - DevSecOps Pipeline/2. Unit Test]   | -----------------------------------------------
[Session 17 - DevSecOps Pipeline/2. Unit Test]   | app/__init__.py       0      0   100%
[Session 17 - DevSecOps Pipeline/2. Unit Test]   | app/main.py          52      0   100%
[Session 17 - DevSecOps Pipeline/2. Unit Test]   | -----------------------------------------------
[Session 17 - DevSecOps Pipeline/2. Unit Test]   | TOTAL                52      0   100%
[Session 17 - DevSecOps Pipeline/2. Unit Test]   | Coverage XML written to file reports/coverage.xml
[Session 17 - DevSecOps Pipeline/2. Unit Test]   | 
[Session 17 - DevSecOps Pipeline/2. Unit Test]   | Required test coverage of 90% reached. Total coverage: 100.00%
[Session 17 - DevSecOps Pipeline/2. Unit Test]   | 
[Session 17 - DevSecOps Pipeline/2. Unit Test]   | ============================== 11 passed in 0.37s ==============================
[Session 17 - DevSecOps Pipeline/2. Unit Test]   ✅  Success - Main Run pytest with coverage [1.069348949s]
[Session 17 - DevSecOps Pipeline/2. Unit Test] ⭐ Run Main actions/upload-artifact@v4
[Session 17 - DevSecOps Pipeline/2. Unit Test]   🐳  docker cp src=/home/vansh/.cache/act/actions-upload-artifact@v4/ dst=/var/run/act/actions/actions-upload-artifact@v4/
[Session 17 - DevSecOps Pipeline/2. Unit Test]   🐳  docker exec cmd=[/opt/acttoolcache/node/24.19.0/x64/bin/node /var/run/act/actions/actions-upload-artifact@v4/dist/upload/index.js] user= workdir=
[Session 17 - DevSecOps Pipeline/2. Unit Test]   | (node:75) [DEP0040] DeprecationWarning: The `punycode` module is deprecated. Please use a userland alternative instead.
[Session 17 - DevSecOps Pipeline/2. Unit Test]   | (Use `node --trace-deprecation ...` to show where the warning was created)
[Session 17 - DevSecOps Pipeline/2. Unit Test]   | With the provided path, there will be 1 file uploaded
[Session 17 - DevSecOps Pipeline/2. Unit Test]   | Artifact name is valid!
[Session 17 - DevSecOps Pipeline/2. Unit Test]   | Root directory input is valid!
[Session 17 - DevSecOps Pipeline/2. Unit Test]   | Beginning upload of artifact content to blob storage
[Session 17 - DevSecOps Pipeline/2. Unit Test]   | (node:75) [DEP0169] DeprecationWarning: `url.parse()` behavior is not standardized and prone to errors that have security implications. Use the WHATWG URL API instead. CVEs are not issued for `url.parse()` vulnerabilities.
[Session 17 - DevSecOps Pipeline/2. Unit Test]   | Uploaded bytes 705
[Session 17 - DevSecOps Pipeline/2. Unit Test]   | Finished uploading artifact content to blob storage!
[Session 17 - DevSecOps Pipeline/2. Unit Test]   | SHA256 digest of uploaded artifact zip is 2eb3874002125d605f42a7fccbc72a283921a00a5fd133c9af5cf3767e352191
[Session 17 - DevSecOps Pipeline/2. Unit Test]   | Finalizing artifact upload
[Session 17 - DevSecOps Pipeline/2. Unit Test]   | Artifact test-reports.zip successfully finalized. Artifact ID 3622199011
[Session 17 - DevSecOps Pipeline/2. Unit Test]   | Artifact test-reports has been successfully uploaded! Final size is 705 bytes. Artifact ID is 3622199011
[Session 17 - DevSecOps Pipeline/2. Unit Test]   | Artifact download URL: https://github.com/v4xsh/devops-homework/actions/runs/1/artifacts/3622199011
[Session 17 - DevSecOps Pipeline/2. Unit Test]   ✅  Success - Main actions/upload-artifact@v4 [1.314155859s]
[Session 17 - DevSecOps Pipeline/2. Unit Test]   ⚙  ::set-output:: artifact-url=https://github.com/v4xsh/devops-homework/actions/runs/1/artifacts/3622199011
[Session 17 - DevSecOps Pipeline/2. Unit Test]   ⚙  ::set-output:: artifact-id=3622199011
[Session 17 - DevSecOps Pipeline/2. Unit Test]   ⚙  ::set-output:: artifact-digest=2eb3874002125d605f42a7fccbc72a283921a00a5fd133c9af5cf3767e352191
[Session 17 - DevSecOps Pipeline/2. Unit Test] ⭐ Run Post actions/setup-python@v5
[Session 17 - DevSecOps Pipeline/2. Unit Test]   🐳  docker exec cmd=[/opt/acttoolcache/node/24.19.0/x64/bin/node /var/run/act/actions/actions-setup-python@v5/dist/cache-save/index.js] user= workdir=
[Session 17 - DevSecOps Pipeline/2. Unit Test]   | (node:92) [DEP0040] DeprecationWarning: The `punycode` module is deprecated. Please use a userland alternative instead.
[Session 17 - DevSecOps Pipeline/2. Unit Test]   | (Use `node --trace-deprecation ...` to show where the warning was created)
[Session 17 - DevSecOps Pipeline/2. Unit Test]   ✅  Success - Post actions/setup-python@v5 [252.795947ms]
[Session 17 - DevSecOps Pipeline/2. Unit Test] ⭐ Run Complete job
[Session 17 - DevSecOps Pipeline/2. Unit Test] Cleaning up container for job 2. Unit Test
[Session 17 - DevSecOps Pipeline/2. Unit Test]   ✅  Success - Complete job
[Session 17 - DevSecOps Pipeline/2. Unit Test] 🏁  Job succeeded
[Session 17 - DevSecOps Pipeline/3. SAST (Bandit + Semgrep)] ⭐ Run Set up job
[Session 17 - DevSecOps Pipeline/3. SAST (Bandit + Semgrep)] 🚀  Start image=catthehacker/ubuntu:act-latest
[Session 17 - DevSecOps Pipeline/3. SAST (Bandit + Semgrep)]   🐳  docker pull image=catthehacker/ubuntu:act-latest platform=linux/amd64 username= forcePull=false
[Session 17 - DevSecOps Pipeline/3. SAST (Bandit + Semgrep)]   🐳  docker create image=catthehacker/ubuntu:act-latest platform=linux/amd64 entrypoint=["tail" "-f" "/dev/null"] cmd=[] network="minikube"
[Session 17 - DevSecOps Pipeline/3. SAST (Bandit + Semgrep)]   🐳  docker run image=catthehacker/ubuntu:act-latest platform=linux/amd64 entrypoint=["tail" "-f" "/dev/null"] cmd=[] network="minikube"
[Session 17 - DevSecOps Pipeline/3. SAST (Bandit + Semgrep)]   🐳  docker exec cmd=[node --no-warnings -e console.log(process.execPath)] user= workdir=
[Session 17 - DevSecOps Pipeline/3. SAST (Bandit + Semgrep)]   ✅  Success - Set up job
[Session 17 - DevSecOps Pipeline/3. SAST (Bandit + Semgrep)]   ☁  git clone 'https://github.com/actions/setup-python' # ref=v5
[Session 17 - DevSecOps Pipeline/3. SAST (Bandit + Semgrep)]   ☁  git clone 'https://github.com/actions/upload-artifact' # ref=v4
[Session 17 - DevSecOps Pipeline/3. SAST (Bandit + Semgrep)] ⭐ Run Main actions/checkout@v4
[Session 17 - DevSecOps Pipeline/3. SAST (Bandit + Semgrep)]   🐳  docker cp src=/home/vansh/act-stage/session-17-devsecops/devops-homework/. dst=/home/vansh/act-stage/session-17-devsecops/devops-homework
[Session 17 - DevSecOps Pipeline/3. SAST (Bandit + Semgrep)]   ✅  Success - Main actions/checkout@v4 [47.118512ms]
[Session 17 - DevSecOps Pipeline/3. SAST (Bandit + Semgrep)] ⭐ Run Main actions/setup-python@v5
[Session 17 - DevSecOps Pipeline/3. SAST (Bandit + Semgrep)]   🐳  docker cp src=/home/vansh/.cache/act/actions-setup-python@v5/ dst=/var/run/act/actions/actions-setup-python@v5/
[Session 17 - DevSecOps Pipeline/3. SAST (Bandit + Semgrep)]   🐳  docker exec cmd=[/opt/acttoolcache/node/24.19.0/x64/bin/node /var/run/act/actions/actions-setup-python@v5/dist/setup/index.js] user= workdir=
[Session 17 - DevSecOps Pipeline/3. SAST (Bandit + Semgrep)]   ❓  ::group::Installed versions
[Session 17 - DevSecOps Pipeline/3. SAST (Bandit + Semgrep)]   | (node:31) [DEP0040] DeprecationWarning: The `punycode` module is deprecated. Please use a userland alternative instead.
[Session 17 - DevSecOps Pipeline/3. SAST (Bandit + Semgrep)]   | (Use `node --trace-deprecation ...` to show where the warning was created)
[Session 17 - DevSecOps Pipeline/3. SAST (Bandit + Semgrep)]   | Successfully set up CPython (3.12.15)
[Session 17 - DevSecOps Pipeline/3. SAST (Bandit + Semgrep)]   ❓  ::endgroup::
[Session 17 - DevSecOps Pipeline/3. SAST (Bandit + Semgrep)]   ❓ add-matcher /run/act/actions/actions-setup-python@v5/.github/python.json
[Session 17 - DevSecOps Pipeline/3. SAST (Bandit + Semgrep)]   ✅  Success - Main actions/setup-python@v5 [695.867451ms]
[Session 17 - DevSecOps Pipeline/3. SAST (Bandit + Semgrep)]   ⚙  ::set-env:: LD_LIBRARY_PATH=/opt/hostedtoolcache/Python/3.12.15/x64/lib
[Session 17 - DevSecOps Pipeline/3. SAST (Bandit + Semgrep)]   ⚙  ::set-env:: pythonLocation=/opt/hostedtoolcache/Python/3.12.15/x64
[Session 17 - DevSecOps Pipeline/3. SAST (Bandit + Semgrep)]   ⚙  ::set-env:: PKG_CONFIG_PATH=/opt/hostedtoolcache/Python/3.12.15/x64/lib/pkgconfig
[Session 17 - DevSecOps Pipeline/3. SAST (Bandit + Semgrep)]   ⚙  ::set-env:: Python_ROOT_DIR=/opt/hostedtoolcache/Python/3.12.15/x64
[Session 17 - DevSecOps Pipeline/3. SAST (Bandit + Semgrep)]   ⚙  ::set-env:: Python2_ROOT_DIR=/opt/hostedtoolcache/Python/3.12.15/x64
[Session 17 - DevSecOps Pipeline/3. SAST (Bandit + Semgrep)]   ⚙  ::set-env:: Python3_ROOT_DIR=/opt/hostedtoolcache/Python/3.12.15/x64
[Session 17 - DevSecOps Pipeline/3. SAST (Bandit + Semgrep)]   ⚙  ::set-output:: python-version=3.12.15
[Session 17 - DevSecOps Pipeline/3. SAST (Bandit + Semgrep)]   ⚙  ::set-output:: python-path=/opt/hostedtoolcache/Python/3.12.15/x64/bin/python
[Session 17 - DevSecOps Pipeline/3. SAST (Bandit + Semgrep)]   ⚙  ::add-path:: /opt/hostedtoolcache/Python/3.12.15/x64
[Session 17 - DevSecOps Pipeline/3. SAST (Bandit + Semgrep)]   ⚙  ::add-path:: /opt/hostedtoolcache/Python/3.12.15/x64/bin
[Session 17 - DevSecOps Pipeline/3. SAST (Bandit + Semgrep)] ⭐ Run Main Install SAST tools
[Session 17 - DevSecOps Pipeline/3. SAST (Bandit + Semgrep)]   🐳  docker exec cmd=[bash --noprofile --norc -e -o pipefail /var/run/act/workflow/2.sh] user= workdir=session-17-devsecops
[Session 17 - DevSecOps Pipeline/3. SAST (Bandit + Semgrep)]   | Requirement already satisfied: bandit==1.9.4 in /opt/hostedtoolcache/Python/3.12.15/x64/lib/python3.12/site-packages (1.9.4)
[Session 17 - DevSecOps Pipeline/3. SAST (Bandit + Semgrep)]   | Requirement already satisfied: semgrep==1.179.0 in /opt/hostedtoolcache/Python/3.12.15/x64/lib/python3.12/site-packages (1.179.0)
[Session 17 - DevSecOps Pipeline/3. SAST (Bandit + Semgrep)]   | Requirement already satisfied: PyYAML>=5.3.1 in /opt/hostedtoolcache/Python/3.12.15/x64/lib/python3.12/site-packages (from bandit==1.9.4) (6.0.3)
[Session 17 - DevSecOps Pipeline/3. SAST (Bandit + Semgrep)]   | Requirement already satisfied: stevedore>=1.20.0 in /opt/hostedtoolcache/Python/3.12.15/x64/lib/python3.12/site-packages (from bandit==1.9.4) (5.9.1)
[Session 17 - DevSecOps Pipeline/3. SAST (Bandit + Semgrep)]   | Requirement already satisfied: rich in /opt/hostedtoolcache/Python/3.12.15/x64/lib/python3.12/site-packages (from bandit==1.9.4) (15.0.0)
[Session 17 - DevSecOps Pipeline/3. SAST (Bandit + Semgrep)]   | Requirement already satisfied: attrs>=21.3 in /opt/hostedtoolcache/Python/3.12.15/x64/lib/python3.12/site-packages (from semgrep==1.179.0) (26.1.0)
[Session 17 - DevSecOps Pipeline/3. SAST (Bandit + Semgrep)]   | Requirement already satisfied: boltons~=21.0 in /opt/hostedtoolcache/Python/3.12.15/x64/lib/python3.12/site-packages (from semgrep==1.179.0) (21.0.0)
[Session 17 - DevSecOps Pipeline/3. SAST (Bandit + Semgrep)]   | Requirement already satisfied: click-option-group~=0.5 in /opt/hostedtoolcache/Python/3.12.15/x64/lib/python3.12/site-packages (from semgrep==1.179.0) (0.5.9)
[Session 17 - DevSecOps Pipeline/3. SAST (Bandit + Semgrep)]   | Requirement already satisfied: click~=8.4.2 in /opt/hostedtoolcache/Python/3.12.15/x64/lib/python3.12/site-packages (from semgrep==1.179.0) (8.4.2)
[Session 17 - DevSecOps Pipeline/3. SAST (Bandit + Semgrep)]   | Requirement already satisfied: colorama~=0.4.0 in /opt/hostedtoolcache/Python/3.12.15/x64/lib/python3.12/site-packages (from semgrep==1.179.0) (0.4.6)
[Session 17 - DevSecOps Pipeline/3. SAST (Bandit + Semgrep)]   | Requirement already satisfied: exceptiongroup~=1.2.0 in /opt/hostedtoolcache/Python/3.12.15/x64/lib/python3.12/site-packages (from semgrep==1.179.0) (1.2.2)
[Session 17 - DevSecOps Pipeline/3. SAST (Bandit + Semgrep)]   | Requirement already satisfied: glom>=23.3 in /opt/hostedtoolcache/Python/3.12.15/x64/lib/python3.12/site-packages (from semgrep==1.179.0) (25.12.0)
[Session 17 - DevSecOps Pipeline/3. SAST (Bandit + Semgrep)]   | Requirement already satisfied: jsonschema~=4.25.1 in /opt/hostedtoolcache/Python/3.12.15/x64/lib/python3.12/site-packages (from semgrep==1.179.0) (4.25.1)
[Session 17 - DevSecOps Pipeline/3. SAST (Bandit + Semgrep)]   | Requirement already satisfied: mcp==1.29.0 in /opt/hostedtoolcache/Python/3.12.15/x64/lib/python3.12/site-packages (from semgrep==1.179.0) (1.29.0)
[Session 17 - DevSecOps Pipeline/3. SAST (Bandit + Semgrep)]   | Requirement already satisfied: opentelemetry-api~=1.37.0 in /opt/hostedtoolcache/Python/3.12.15/x64/lib/python3.12/site-packages (from semgrep==1.179.0) (1.37.0)
[Session 17 - DevSecOps Pipeline/3. SAST (Bandit + Semgrep)]   | Requirement already satisfied: opentelemetry-sdk~=1.37.0 in /opt/hostedtoolcache/Python/3.12.15/x64/lib/python3.12/site-packages (from semgrep==1.179.0) (1.37.0)
[Session 17 - DevSecOps Pipeline/3. SAST (Bandit + Semgrep)]   | Requirement already satisfied: opentelemetry-exporter-otlp-proto-http~=1.37.0 in /opt/hostedtoolcache/Python/3.12.15/x64/lib/python3.12/site-packages (from semgrep==1.179.0) (1.37.0)
[Session 17 - DevSecOps Pipeline/3. SAST (Bandit + Semgrep)]   | Requirement already satisfied: opentelemetry-instrumentation-requests~=0.58b0 in /opt/hostedtoolcache/Python/3.12.15/x64/lib/python3.12/site-packages (from semgrep==1.179.0) (0.58b0)
[Session 17 - DevSecOps Pipeline/3. SAST (Bandit + Semgrep)]   | Requirement already satisfied: opentelemetry-instrumentation-threading~=0.58b0 in /opt/hostedtoolcache/Python/3.12.15/x64/lib/python3.12/site-packages (from semgrep==1.179.0) (0.58b0)
[Session 17 - DevSecOps Pipeline/3. SAST (Bandit + Semgrep)]   | Requirement already satisfied: packaging>=21.0 in /opt/hostedtoolcache/Python/3.12.15/x64/lib/python3.12/site-packages (from semgrep==1.179.0) (26.3)
[Session 17 - DevSecOps Pipeline/3. SAST (Bandit + Semgrep)]   | Requirement already satisfied: peewee~=3.14 in /opt/hostedtoolcache/Python/3.12.15/x64/lib/python3.12/site-packages (from semgrep==1.179.0) (3.19.0)
[Session 17 - DevSecOps Pipeline/3. SAST (Bandit + Semgrep)]   | Requirement already satisfied: pyjwt<3,>=2.15.0 in /opt/hostedtoolcache/Python/3.12.15/x64/lib/python3.12/site-packages (from pyjwt[crypto]<3,>=2.15.0->semgrep==1.179.0) (2.15.1)
[Session 17 - DevSecOps Pipeline/3. SAST (Bandit + Semgrep)]   | Requirement already satisfied: requests~=2.22 in /opt/hostedtoolcache/Python/3.12.15/x64/lib/python3.12/site-packages (from semgrep==1.179.0) (2.34.2)
[Session 17 - DevSecOps Pipeline/3. SAST (Bandit + Semgrep)]   | Requirement already satisfied: ruamel.yaml>=0.18.15 in /opt/hostedtoolcache/Python/3.12.15/x64/lib/python3.12/site-packages (from semgrep==1.179.0) (0.19.1)
[Session 17 - DevSecOps Pipeline/3. SAST (Bandit + Semgrep)]   | Requirement already satisfied: ruamel.yaml.clib==0.2.15 in /opt/hostedtoolcache/Python/3.12.15/x64/lib/python3.12/site-packages (from semgrep==1.179.0) (0.2.15)
[Session 17 - DevSecOps Pipeline/3. SAST (Bandit + Semgrep)]   | Requirement already satisfied: semantic-version~=2.10.0 in /opt/hostedtoolcache/Python/3.12.15/x64/lib/python3.12/site-packages (from semgrep==1.179.0) (2.10.0)
[Session 17 - DevSecOps Pipeline/3. SAST (Bandit + Semgrep)]   | Requirement already satisfied: tomli~=2.4.0 in /opt/hostedtoolcache/Python/3.12.15/x64/lib/python3.12/site-packages (from semgrep==1.179.0) (2.4.1)
[Session 17 - DevSecOps Pipeline/3. SAST (Bandit + Semgrep)]   | Requirement already satisfied: typing-extensions~=4.2 in /opt/hostedtoolcache/Python/3.12.15/x64/lib/python3.12/site-packages (from semgrep==1.179.0) (4.16.0)
[Session 17 - DevSecOps Pipeline/3. SAST (Bandit + Semgrep)]   | Requirement already satisfied: urllib3~=2.0 in /opt/hostedtoolcache/Python/3.12.15/x64/lib/python3.12/site-packages (from semgrep==1.179.0) (2.8.0)
[Session 17 - DevSecOps Pipeline/3. SAST (Bandit + Semgrep)]   | Requirement already satisfied: wcmatch~=8.3 in /opt/hostedtoolcache/Python/3.12.15/x64/lib/python3.12/site-packages (from semgrep==1.179.0) (8.5.2)
[Session 17 - DevSecOps Pipeline/3. SAST (Bandit + Semgrep)]   | Requirement already satisfied: anyio>=4.5 in /opt/hostedtoolcache/Python/3.12.15/x64/lib/python3.12/site-packages (from mcp==1.29.0->semgrep==1.179.0) (4.15.1)
[Session 17 - DevSecOps Pipeline/3. SAST (Bandit + Semgrep)]   | Requirement already satisfied: httpx-sse>=0.4 in /opt/hostedtoolcache/Python/3.12.15/x64/lib/python3.12/site-packages (from mcp==1.29.0->semgrep==1.179.0) (0.4.3)
[Session 17 - DevSecOps Pipeline/3. SAST (Bandit + Semgrep)]   | Requirement already satisfied: httpx<1.0.0,>=0.27.1 in /opt/hostedtoolcache/Python/3.12.15/x64/lib/python3.12/site-packages (from mcp==1.29.0->semgrep==1.179.0) (0.28.1)
[Session 17 - DevSecOps Pipeline/3. SAST (Bandit + Semgrep)]   | Requirement already satisfied: pydantic-settings>=2.5.2 in /opt/hostedtoolcache/Python/3.12.15/x64/lib/python3.12/site-packages (from mcp==1.29.0->semgrep==1.179.0) (2.15.0)
[Session 17 - DevSecOps Pipeline/3. SAST (Bandit + Semgrep)]   | Requirement already satisfied: pydantic<3.0.0,>=2.11.0 in /opt/hostedtoolcache/Python/3.12.15/x64/lib/python3.12/site-packages (from mcp==1.29.0->semgrep==1.179.0) (2.13.5)
[Session 17 - DevSecOps Pipeline/3. SAST (Bandit + Semgrep)]   | Requirement already satisfied: python-multipart>=0.0.9 in /opt/hostedtoolcache/Python/3.12.15/x64/lib/python3.12/site-packages (from mcp==1.29.0->semgrep==1.179.0) (0.0.32)
[Session 17 - DevSecOps Pipeline/3. SAST (Bandit + Semgrep)]   | Requirement already satisfied: sse-starlette>=1.6.1 in /opt/hostedtoolcache/Python/3.12.15/x64/lib/python3.12/site-packages (from mcp==1.29.0->semgrep==1.179.0) (3.5.0)
[Session 17 - DevSecOps Pipeline/3. SAST (Bandit + Semgrep)]   | Requirement already satisfied: starlette>=0.27 in /opt/hostedtoolcache/Python/3.12.15/x64/lib/python3.12/site-packages (from mcp==1.29.0->semgrep==1.179.0) (1.7.0)
[Session 17 - DevSecOps Pipeline/3. SAST (Bandit + Semgrep)]   | Requirement already satisfied: typing-inspection>=0.4.1 in /opt/hostedtoolcache/Python/3.12.15/x64/lib/python3.12/site-packages (from mcp==1.29.0->semgrep==1.179.0) (0.4.4)
[Session 17 - DevSecOps Pipeline/3. SAST (Bandit + Semgrep)]   | Requirement already satisfied: uvicorn>=0.31.1 in /opt/hostedtoolcache/Python/3.12.15/x64/lib/python3.12/site-packages (from mcp==1.29.0->semgrep==1.179.0) (0.54.0)
[Session 17 - DevSecOps Pipeline/3. SAST (Bandit + Semgrep)]   | Requirement already satisfied: certifi in /opt/hostedtoolcache/Python/3.12.15/x64/lib/python3.12/site-packages (from httpx<1.0.0,>=0.27.1->mcp==1.29.0->semgrep==1.179.0) (2026.7.22)
[Session 17 - DevSecOps Pipeline/3. SAST (Bandit + Semgrep)]   | Requirement already satisfied: httpcore==1.* in /opt/hostedtoolcache/Python/3.12.15/x64/lib/python3.12/site-packages (from httpx<1.0.0,>=0.27.1->mcp==1.29.0->semgrep==1.179.0) (1.0.9)
[Session 17 - DevSecOps Pipeline/3. SAST (Bandit + Semgrep)]   | Requirement already satisfied: idna in /opt/hostedtoolcache/Python/3.12.15/x64/lib/python3.12/site-packages (from httpx<1.0.0,>=0.27.1->mcp==1.29.0->semgrep==1.179.0) (3.20)
[Session 17 - DevSecOps Pipeline/3. SAST (Bandit + Semgrep)]   | Requirement already satisfied: h11>=0.16 in /opt/hostedtoolcache/Python/3.12.15/x64/lib/python3.12/site-packages (from httpcore==1.*->httpx<1.0.0,>=0.27.1->mcp==1.29.0->semgrep==1.179.0) (0.16.0)
[Session 17 - DevSecOps Pipeline/3. SAST (Bandit + Semgrep)]   | Requirement already satisfied: jsonschema-specifications>=2023.03.6 in /opt/hostedtoolcache/Python/3.12.15/x64/lib/python3.12/site-packages (from jsonschema~=4.25.1->semgrep==1.179.0) (2025.9.1)
[Session 17 - DevSecOps Pipeline/3. SAST (Bandit + Semgrep)]   | Requirement already satisfied: referencing>=0.28.4 in /opt/hostedtoolcache/Python/3.12.15/x64/lib/python3.12/site-packages (from jsonschema~=4.25.1->semgrep==1.179.0) (0.37.0)
[Session 17 - DevSecOps Pipeline/3. SAST (Bandit + Semgrep)]   | Requirement already satisfied: rpds-py>=0.7.1 in /opt/hostedtoolcache/Python/3.12.15/x64/lib/python3.12/site-packages (from jsonschema~=4.25.1->semgrep==1.179.0) (2026.9.1)
[Session 17 - DevSecOps Pipeline/3. SAST (Bandit + Semgrep)]   | Requirement already satisfied: importlib-metadata<8.8.0,>=6.0 in /opt/hostedtoolcache/Python/3.12.15/x64/lib/python3.12/site-packages (from opentelemetry-api~=1.37.0->semgrep==1.179.0) (8.7.1)
[Session 17 - DevSecOps Pipeline/3. SAST (Bandit + Semgrep)]   | Requirement already satisfied: zipp>=3.20 in /opt/hostedtoolcache/Python/3.12.15/x64/lib/python3.12/site-packages (from importlib-metadata<8.8.0,>=6.0->opentelemetry-api~=1.37.0->semgrep==1.179.0) (4.1.1)
[Session 17 - DevSecOps Pipeline/3. SAST (Bandit + Semgrep)]   | Requirement already satisfied: googleapis-common-protos~=1.52 in /opt/hostedtoolcache/Python/3.12.15/x64/lib/python3.12/site-packages (from opentelemetry-exporter-otlp-proto-http~=1.37.0->semgrep==1.179.0) (1.75.5)
[Session 17 - DevSecOps Pipeline/3. SAST (Bandit + Semgrep)]   | Requirement already satisfied: opentelemetry-exporter-otlp-proto-common==1.37.0 in /opt/hostedtoolcache/Python/3.12.15/x64/lib/python3.12/site-packages (from opentelemetry-exporter-otlp-proto-http~=1.37.0->semgrep==1.179.0) (1.37.0)
[Session 17 - DevSecOps Pipeline/3. SAST (Bandit + Semgrep)]   | Requirement already satisfied: opentelemetry-proto==1.37.0 in /opt/hostedtoolcache/Python/3.12.15/x64/lib/python3.12/site-packages (from opentelemetry-exporter-otlp-proto-http~=1.37.0->semgrep==1.179.0) (1.37.0)
[Session 17 - DevSecOps Pipeline/3. SAST (Bandit + Semgrep)]   | Requirement already satisfied: protobuf<7.0,>=5.0 in /opt/hostedtoolcache/Python/3.12.15/x64/lib/python3.12/site-packages (from opentelemetry-proto==1.37.0->opentelemetry-exporter-otlp-proto-http~=1.37.0->semgrep==1.179.0) (6.33.6)
[Session 17 - DevSecOps Pipeline/3. SAST (Bandit + Semgrep)]   | Requirement already satisfied: opentelemetry-instrumentation==0.58b0 in /opt/hostedtoolcache/Python/3.12.15/x64/lib/python3.12/site-packages (from opentelemetry-instrumentation-requests~=0.58b0->semgrep==1.179.0) (0.58b0)
[Session 17 - DevSecOps Pipeline/3. SAST (Bandit + Semgrep)]   | Requirement already satisfied: opentelemetry-semantic-conventions==0.58b0 in /opt/hostedtoolcache/Python/3.12.15/x64/lib/python3.12/site-packages (from opentelemetry-instrumentation-requests~=0.58b0->semgrep==1.179.0) (0.58b0)
[Session 17 - DevSecOps Pipeline/3. SAST (Bandit + Semgrep)]   | Requirement already satisfied: opentelemetry-util-http==0.58b0 in /opt/hostedtoolcache/Python/3.12.15/x64/lib/python3.12/site-packages (from opentelemetry-instrumentation-requests~=0.58b0->semgrep==1.179.0) (0.58b0)
[Session 17 - DevSecOps Pipeline/3. SAST (Bandit + Semgrep)]   | Requirement already satisfied: wrapt<2.0.0,>=1.0.0 in /opt/hostedtoolcache/Python/3.12.15/x64/lib/python3.12/site-packages (from opentelemetry-instrumentation==0.58b0->opentelemetry-instrumentation-requests~=0.58b0->semgrep==1.179.0) (1.17.3)
[Session 17 - DevSecOps Pipeline/3. SAST (Bandit + Semgrep)]   | Requirement already satisfied: annotated-types>=0.6.0 in /opt/hostedtoolcache/Python/3.12.15/x64/lib/python3.12/site-packages (from pydantic<3.0.0,>=2.11.0->mcp==1.29.0->semgrep==1.179.0) (0.8.0)
[Session 17 - DevSecOps Pipeline/3. SAST (Bandit + Semgrep)]   | Requirement already satisfied: pydantic-core==2.46.5 in /opt/hostedtoolcache/Python/3.12.15/x64/lib/python3.12/site-packages (from pydantic<3.0.0,>=2.11.0->mcp==1.29.0->semgrep==1.179.0) (2.46.5)
[Session 17 - DevSecOps Pipeline/3. SAST (Bandit + Semgrep)]   | Requirement already satisfied: cryptography>=3.4.0 in /opt/hostedtoolcache/Python/3.12.15/x64/lib/python3.12/site-packages (from pyjwt[crypto]<3,>=2.15.0->semgrep==1.179.0) (50.0.2)
[Session 17 - DevSecOps Pipeline/3. SAST (Bandit + Semgrep)]   | Requirement already satisfied: charset_normalizer<4,>=2 in /opt/hostedtoolcache/Python/3.12.15/x64/lib/python3.12/site-packages (from requests~=2.22->semgrep==1.179.0) (3.5.2)
[Session 17 - DevSecOps Pipeline/3. SAST (Bandit + Semgrep)]   | Requirement already satisfied: bracex>=2.1.1 in /opt/hostedtoolcache/Python/3.12.15/x64/lib/python3.12/site-packages (from wcmatch~=8.3->semgrep==1.179.0) (3.0.1)
[Session 17 - DevSecOps Pipeline/3. SAST (Bandit + Semgrep)]   | Requirement already satisfied: cffi>=2.0.0 in /opt/hostedtoolcache/Python/3.12.15/x64/lib/python3.12/site-packages (from cryptography>=3.4.0->pyjwt[crypto]<3,>=2.15.0->semgrep==1.179.0) (2.1.1)
[Session 17 - DevSecOps Pipeline/3. SAST (Bandit + Semgrep)]   | Requirement already satisfied: pycparser in /opt/hostedtoolcache/Python/3.12.15/x64/lib/python3.12/site-packages (from cffi>=2.0.0->cryptography>=3.4.0->pyjwt[crypto]<3,>=2.15.0->semgrep==1.179.0) (3.0)
[Session 17 - DevSecOps Pipeline/3. SAST (Bandit + Semgrep)]   | Requirement already satisfied: face>=20.1.1 in /opt/hostedtoolcache/Python/3.12.15/x64/lib/python3.12/site-packages (from glom>=23.3->semgrep==1.179.0) (26.0.1)
[Session 17 - DevSecOps Pipeline/3. SAST (Bandit + Semgrep)]   | Requirement already satisfied: python-dotenv>=0.21.0 in /opt/hostedtoolcache/Python/3.12.15/x64/lib/python3.12/site-packages (from pydantic-settings>=2.5.2->mcp==1.29.0->semgrep==1.179.0) (1.2.4)
[Session 17 - DevSecOps Pipeline/3. SAST (Bandit + Semgrep)]   | Requirement already satisfied: markdown-it-py>=2.2.0 in /opt/hostedtoolcache/Python/3.12.15/x64/lib/python3.12/site-packages (from rich->bandit==1.9.4) (4.2.0)
[Session 17 - DevSecOps Pipeline/3. SAST (Bandit + Semgrep)]   | Requirement already satisfied: pygments<3.0.0,>=2.13.0 in /opt/hostedtoolcache/Python/3.12.15/x64/lib/python3.12/site-packages (from rich->bandit==1.9.4) (2.21.0)
[Session 17 - DevSecOps Pipeline/3. SAST (Bandit + Semgrep)]   | Requirement already satisfied: mdurl~=0.1 in /opt/hostedtoolcache/Python/3.12.15/x64/lib/python3.12/site-packages (from markdown-it-py>=2.2.0->rich->bandit==1.9.4) (0.1.2)
[Session 17 - DevSecOps Pipeline/3. SAST (Bandit + Semgrep)]   | WARNING: Running pip as the 'root' user can result in broken permissions and conflicting behaviour with the system package manager, possibly rendering your system unusable. It is recommended to use a virtual environment instead: https://pip.pypa.io/warnings/venv. Use the --root-user-action option if you know what you are doing and want to suppress this warning.
[Session 17 - DevSecOps Pipeline/3. SAST (Bandit + Semgrep)]   ✅  Success - Main Install SAST tools [1.432894551s]
[Session 17 - DevSecOps Pipeline/3. SAST (Bandit + Semgrep)] ⭐ Run Main Bandit
[Session 17 - DevSecOps Pipeline/3. SAST (Bandit + Semgrep)]   🐳  docker exec cmd=[bash --noprofile --norc -e -o pipefail /var/run/act/workflow/3.sh] user= workdir=session-17-devsecops
[Session 17 - DevSecOps Pipeline/3. SAST (Bandit + Semgrep)]   | [main]	INFO	Using ini file for skipped tests
[Session 17 - DevSecOps Pipeline/3. SAST (Bandit + Semgrep)]   | [main]	INFO	Using command line arg for selected targets
[Session 17 - DevSecOps Pipeline/3. SAST (Bandit + Semgrep)]   | [main]	INFO	profile include tests: None
[Session 17 - DevSecOps Pipeline/3. SAST (Bandit + Semgrep)]   | [main]	INFO	profile exclude tests: None
[Session 17 - DevSecOps Pipeline/3. SAST (Bandit + Semgrep)]   | [main]	INFO	cli include tests: None
[Session 17 - DevSecOps Pipeline/3. SAST (Bandit + Semgrep)]   | [main]	INFO	cli exclude tests: B101
[Session 17 - DevSecOps Pipeline/3. SAST (Bandit + Semgrep)]   | [json]	INFO	JSON output written to file: reports/bandit.json
[Session 17 - DevSecOps Pipeline/3. SAST (Bandit + Semgrep)]   | [main]	INFO	Using ini file for skipped tests
[Session 17 - DevSecOps Pipeline/3. SAST (Bandit + Semgrep)]   | [main]	INFO	Using command line arg for selected targets
[Session 17 - DevSecOps Pipeline/3. SAST (Bandit + Semgrep)]   | [main]	INFO	profile include tests: None
[Session 17 - DevSecOps Pipeline/3. SAST (Bandit + Semgrep)]   | [main]	INFO	profile exclude tests: None
[Session 17 - DevSecOps Pipeline/3. SAST (Bandit + Semgrep)]   | [main]	INFO	cli include tests: None
[Session 17 - DevSecOps Pipeline/3. SAST (Bandit + Semgrep)]   | [main]	INFO	cli exclude tests: B101
[Session 17 - DevSecOps Pipeline/3. SAST (Bandit + Semgrep)]   | [main]	INFO	running on Python 3.12.15
[Session 17 - DevSecOps Pipeline/3. SAST (Bandit + Semgrep)]   | Run started:2026-10-07 18:09:42.527255+00:00
[Session 17 - DevSecOps Pipeline/3. SAST (Bandit + Semgrep)]   | 
[Session 17 - DevSecOps Pipeline/3. SAST (Bandit + Semgrep)]   | Test results:
[Session 17 - DevSecOps Pipeline/3. SAST (Bandit + Semgrep)]   | 	No issues identified.
[Session 17 - DevSecOps Pipeline/3. SAST (Bandit + Semgrep)]   | 
[Session 17 - DevSecOps Pipeline/3. SAST (Bandit + Semgrep)]   | Code scanned:
[Session 17 - DevSecOps Pipeline/3. SAST (Bandit + Semgrep)]   | 	Total lines of code: 71
[Session 17 - DevSecOps Pipeline/3. SAST (Bandit + Semgrep)]   | 	Total lines skipped (#nosec): 0
[Session 17 - DevSecOps Pipeline/3. SAST (Bandit + Semgrep)]   | 	Total potential issues skipped due to specifically being disabled (e.g., #nosec BXXX): 0
[Session 17 - DevSecOps Pipeline/3. SAST (Bandit + Semgrep)]   | 
[Session 17 - DevSecOps Pipeline/3. SAST (Bandit + Semgrep)]   | Run metrics:
[Session 17 - DevSecOps Pipeline/3. SAST (Bandit + Semgrep)]   | 	Total issues (by severity):
[Session 17 - DevSecOps Pipeline/3. SAST (Bandit + Semgrep)]   | 		Undefined: 0
[Session 17 - DevSecOps Pipeline/3. SAST (Bandit + Semgrep)]   | 		Low: 0
[Session 17 - DevSecOps Pipeline/3. SAST (Bandit + Semgrep)]   | 		Medium: 0
[Session 17 - DevSecOps Pipeline/3. SAST (Bandit + Semgrep)]   | 		High: 0
[Session 17 - DevSecOps Pipeline/3. SAST (Bandit + Semgrep)]   | 	Total issues (by confidence):
[Session 17 - DevSecOps Pipeline/3. SAST (Bandit + Semgrep)]   | 		Undefined: 0
[Session 17 - DevSecOps Pipeline/3. SAST (Bandit + Semgrep)]   | 		Low: 0
[Session 17 - DevSecOps Pipeline/3. SAST (Bandit + Semgrep)]   | 		Medium: 0
[Session 17 - DevSecOps Pipeline/3. SAST (Bandit + Semgrep)]   | 		High: 0
[Session 17 - DevSecOps Pipeline/3. SAST (Bandit + Semgrep)]   | Files skipped (0):
[Session 17 - DevSecOps Pipeline/3. SAST (Bandit + Semgrep)]   ✅  Success - Main Bandit [399.105667ms]
[Session 17 - DevSecOps Pipeline/3. SAST (Bandit + Semgrep)] ⭐ Run Main Semgrep (custom rules in .semgrep.yml)
[Session 17 - DevSecOps Pipeline/3. SAST (Bandit + Semgrep)]   🐳  docker exec cmd=[bash --noprofile --norc -e -o pipefail /var/run/act/workflow/4.sh] user= workdir=session-17-devsecops
[Session 17 - DevSecOps Pipeline/3. SAST (Bandit + Semgrep)]   |                
[Session 17 - DevSecOps Pipeline/3. SAST (Bandit + Semgrep)]   |                
[Session 17 - DevSecOps Pipeline/3. SAST (Bandit + Semgrep)]   | ┌─────────────┐
[Session 17 - DevSecOps Pipeline/3. SAST (Bandit + Semgrep)]   | │ Scan Status │
[Session 17 - DevSecOps Pipeline/3. SAST (Bandit + Semgrep)]   | └─────────────┘
[Session 17 - DevSecOps Pipeline/3. SAST (Bandit + Semgrep)]   |   Scanning 2 files tracked by git with 8 Code rules:
[Session 17 - DevSecOps Pipeline/3. SAST (Bandit + Semgrep)]   |   Scanning 2 files with 8 python rules.
[Session 17 - DevSecOps Pipeline/3. SAST (Bandit + Semgrep)]   |                 
[Session 17 - DevSecOps Pipeline/3. SAST (Bandit + Semgrep)]   |                 
[Session 17 - DevSecOps Pipeline/3. SAST (Bandit + Semgrep)]   | ┌──────────────┐
[Session 17 - DevSecOps Pipeline/3. SAST (Bandit + Semgrep)]   | │ Scan Summary │
[Session 17 - DevSecOps Pipeline/3. SAST (Bandit + Semgrep)]   | └──────────────┘
[Session 17 - DevSecOps Pipeline/3. SAST (Bandit + Semgrep)]   | ✅ Scan completed successfully.
[Session 17 - DevSecOps Pipeline/3. SAST (Bandit + Semgrep)]   |  • Findings: 0 (0 blocking)
[Session 17 - DevSecOps Pipeline/3. SAST (Bandit + Semgrep)]   |  • Rules run: 8
[Session 17 - DevSecOps Pipeline/3. SAST (Bandit + Semgrep)]   |  • Targets scanned: 2
[Session 17 - DevSecOps Pipeline/3. SAST (Bandit + Semgrep)]   |  • Parsed lines: ~100.0%
[Session 17 - DevSecOps Pipeline/3. SAST (Bandit + Semgrep)]   |  • Scan was limited to files tracked by git
[Session 17 - DevSecOps Pipeline/3. SAST (Bandit + Semgrep)]   |  • For a detailed list of skipped files and lines, run semgrep with the --verbose flag
[Session 17 - DevSecOps Pipeline/3. SAST (Bandit + Semgrep)]   | Ran 8 rules on 2 files: 0 findings.
[Session 17 - DevSecOps Pipeline/3. SAST (Bandit + Semgrep)]   | If Semgrep missed a finding, please send us feedback to let us know!
[Session 17 - DevSecOps Pipeline/3. SAST (Bandit + Semgrep)]   | See https://semgrep.dev/docs/reporting-false-negatives/
[Session 17 - DevSecOps Pipeline/3. SAST (Bandit + Semgrep)]   |                
[Session 17 - DevSecOps Pipeline/3. SAST (Bandit + Semgrep)]   |                
[Session 17 - DevSecOps Pipeline/3. SAST (Bandit + Semgrep)]   | ┌─────────────┐
[Session 17 - DevSecOps Pipeline/3. SAST (Bandit + Semgrep)]   | │ Scan Status │
[Session 17 - DevSecOps Pipeline/3. SAST (Bandit + Semgrep)]   | └─────────────┘
[Session 17 - DevSecOps Pipeline/3. SAST (Bandit + Semgrep)]   |   Scanning 2 files tracked by git with 8 Code rules:
[Session 17 - DevSecOps Pipeline/3. SAST (Bandit + Semgrep)]   |   Scanning 2 files with 8 python rules.
[Session 17 - DevSecOps Pipeline/3. SAST (Bandit + Semgrep)]   |                 
[Session 17 - DevSecOps Pipeline/3. SAST (Bandit + Semgrep)]   |                 
[Session 17 - DevSecOps Pipeline/3. SAST (Bandit + Semgrep)]   | ┌──────────────┐
[Session 17 - DevSecOps Pipeline/3. SAST (Bandit + Semgrep)]   | │ Scan Summary │
[Session 17 - DevSecOps Pipeline/3. SAST (Bandit + Semgrep)]   | └──────────────┘
[Session 17 - DevSecOps Pipeline/3. SAST (Bandit + Semgrep)]   | ✅ Scan completed successfully.
[Session 17 - DevSecOps Pipeline/3. SAST (Bandit + Semgrep)]   |  • Findings: 0 (0 blocking)
[Session 17 - DevSecOps Pipeline/3. SAST (Bandit + Semgrep)]   |  • Rules run: 8
[Session 17 - DevSecOps Pipeline/3. SAST (Bandit + Semgrep)]   |  • Targets scanned: 2
[Session 17 - DevSecOps Pipeline/3. SAST (Bandit + Semgrep)]   |  • Parsed lines: ~100.0%
[Session 17 - DevSecOps Pipeline/3. SAST (Bandit + Semgrep)]   |  • Scan was limited to files tracked by git
[Session 17 - DevSecOps Pipeline/3. SAST (Bandit + Semgrep)]   |  • For a detailed list of skipped files and lines, run semgrep with the --verbose flag
[Session 17 - DevSecOps Pipeline/3. SAST (Bandit + Semgrep)]   | Ran 8 rules on 2 files: 0 findings.
[Session 17 - DevSecOps Pipeline/3. SAST (Bandit + Semgrep)]   | If Semgrep missed a finding, please send us feedback to let us know!
[Session 17 - DevSecOps Pipeline/3. SAST (Bandit + Semgrep)]   | See https://semgrep.dev/docs/reporting-false-negatives/
[Session 17 - DevSecOps Pipeline/3. SAST (Bandit + Semgrep)]   ✅  Success - Main Semgrep (custom rules in .semgrep.yml) [4.008781481s]
[Session 17 - DevSecOps Pipeline/3. SAST (Bandit + Semgrep)] ⭐ Run Main actions/upload-artifact@v4
[Session 17 - DevSecOps Pipeline/3. SAST (Bandit + Semgrep)]   🐳  docker cp src=/home/vansh/.cache/act/actions-upload-artifact@v4/ dst=/var/run/act/actions/actions-upload-artifact@v4/
[Session 17 - DevSecOps Pipeline/3. SAST (Bandit + Semgrep)]   🐳  docker exec cmd=[/opt/acttoolcache/node/24.19.0/x64/bin/node /var/run/act/actions/actions-upload-artifact@v4/dist/upload/index.js] user= workdir=
[Session 17 - DevSecOps Pipeline/3. SAST (Bandit + Semgrep)]   | (node:175) [DEP0040] DeprecationWarning: The `punycode` module is deprecated. Please use a userland alternative instead.
[Session 17 - DevSecOps Pipeline/3. SAST (Bandit + Semgrep)]   | (Use `node --trace-deprecation ...` to show where the warning was created)
[Session 17 - DevSecOps Pipeline/3. SAST (Bandit + Semgrep)]   | With the provided path, there will be 2 files uploaded
[Session 17 - DevSecOps Pipeline/3. SAST (Bandit + Semgrep)]   | Artifact name is valid!
[Session 17 - DevSecOps Pipeline/3. SAST (Bandit + Semgrep)]   | Root directory input is valid!
[Session 17 - DevSecOps Pipeline/3. SAST (Bandit + Semgrep)]   | Beginning upload of artifact content to blob storage
[Session 17 - DevSecOps Pipeline/3. SAST (Bandit + Semgrep)]   | (node:175) [DEP0169] DeprecationWarning: `url.parse()` behavior is not standardized and prone to errors that have security implications. Use the WHATWG URL API instead. CVEs are not issued for `url.parse()` vulnerabilities.
[Session 17 - DevSecOps Pipeline/3. SAST (Bandit + Semgrep)]   | Uploaded bytes 985
[Session 17 - DevSecOps Pipeline/3. SAST (Bandit + Semgrep)]   | Finished uploading artifact content to blob storage!
[Session 17 - DevSecOps Pipeline/3. SAST (Bandit + Semgrep)]   | SHA256 digest of uploaded artifact zip is 91bb75f69ed704caabe41a25941875561086bd85367e20a6325ce63283e80a71
[Session 17 - DevSecOps Pipeline/3. SAST (Bandit + Semgrep)]   | Finalizing artifact upload
[Session 17 - DevSecOps Pipeline/3. SAST (Bandit + Semgrep)]   | Artifact sast-reports.zip successfully finalized. Artifact ID 1370352796
[Session 17 - DevSecOps Pipeline/3. SAST (Bandit + Semgrep)]   | Artifact sast-reports has been successfully uploaded! Final size is 985 bytes. Artifact ID is 1370352796
[Session 17 - DevSecOps Pipeline/3. SAST (Bandit + Semgrep)]   | Artifact download URL: https://github.com/v4xsh/devops-homework/actions/runs/1/artifacts/1370352796
[Session 17 - DevSecOps Pipeline/3. SAST (Bandit + Semgrep)]   ✅  Success - Main actions/upload-artifact@v4 [648.166019ms]
[Session 17 - DevSecOps Pipeline/3. SAST (Bandit + Semgrep)]   ⚙  ::set-output:: artifact-id=1370352796
[Session 17 - DevSecOps Pipeline/3. SAST (Bandit + Semgrep)]   ⚙  ::set-output:: artifact-digest=91bb75f69ed704caabe41a25941875561086bd85367e20a6325ce63283e80a71
[Session 17 - DevSecOps Pipeline/3. SAST (Bandit + Semgrep)]   ⚙  ::set-output:: artifact-url=https://github.com/v4xsh/devops-homework/actions/runs/1/artifacts/1370352796
[Session 17 - DevSecOps Pipeline/3. SAST (Bandit + Semgrep)] ⭐ Run Post actions/setup-python@v5
[Session 17 - DevSecOps Pipeline/3. SAST (Bandit + Semgrep)]   🐳  docker exec cmd=[/opt/acttoolcache/node/24.19.0/x64/bin/node /var/run/act/actions/actions-setup-python@v5/dist/cache-save/index.js] user= workdir=
[Session 17 - DevSecOps Pipeline/3. SAST (Bandit + Semgrep)]   | (node:192) [DEP0040] DeprecationWarning: The `punycode` module is deprecated. Please use a userland alternative instead.
[Session 17 - DevSecOps Pipeline/3. SAST (Bandit + Semgrep)]   | (Use `node --trace-deprecation ...` to show where the warning was created)
[Session 17 - DevSecOps Pipeline/3. SAST (Bandit + Semgrep)]   ✅  Success - Post actions/setup-python@v5 [172.613776ms]
[Session 17 - DevSecOps Pipeline/3. SAST (Bandit + Semgrep)] ⭐ Run Complete job
[Session 17 - DevSecOps Pipeline/3. SAST (Bandit + Semgrep)] Cleaning up container for job 3. SAST (Bandit + Semgrep)
[Session 17 - DevSecOps Pipeline/3. SAST (Bandit + Semgrep)]   ✅  Success - Complete job
[Session 17 - DevSecOps Pipeline/3. SAST (Bandit + Semgrep)] 🏁  Job succeeded
[Session 17 - DevSecOps Pipeline/4. SCA (pip-audit + Trivy fs)] ⭐ Run Set up job
[Session 17 - DevSecOps Pipeline/4. SCA (pip-audit + Trivy fs)] 🚀  Start image=catthehacker/ubuntu:act-latest
[Session 17 - DevSecOps Pipeline/4. SCA (pip-audit + Trivy fs)]   🐳  docker pull image=catthehacker/ubuntu:act-latest platform=linux/amd64 username= forcePull=false
[Session 17 - DevSecOps Pipeline/4. SCA (pip-audit + Trivy fs)]   🐳  docker create image=catthehacker/ubuntu:act-latest platform=linux/amd64 entrypoint=["tail" "-f" "/dev/null"] cmd=[] network="minikube"
[Session 17 - DevSecOps Pipeline/4. SCA (pip-audit + Trivy fs)]   🐳  docker run image=catthehacker/ubuntu:act-latest platform=linux/amd64 entrypoint=["tail" "-f" "/dev/null"] cmd=[] network="minikube"
[Session 17 - DevSecOps Pipeline/4. SCA (pip-audit + Trivy fs)]   🐳  docker exec cmd=[node --no-warnings -e console.log(process.execPath)] user= workdir=
[Session 17 - DevSecOps Pipeline/4. SCA (pip-audit + Trivy fs)]   ✅  Success - Set up job
[Session 17 - DevSecOps Pipeline/4. SCA (pip-audit + Trivy fs)]   ☁  git clone 'https://github.com/actions/setup-python' # ref=v5
[Session 17 - DevSecOps Pipeline/4. SCA (pip-audit + Trivy fs)]   ☁  git clone 'https://github.com/actions/upload-artifact' # ref=v4
[Session 17 - DevSecOps Pipeline/4. SCA (pip-audit + Trivy fs)] ⭐ Run Main actions/checkout@v4
[Session 17 - DevSecOps Pipeline/4. SCA (pip-audit + Trivy fs)]   🐳  docker cp src=/home/vansh/act-stage/session-17-devsecops/devops-homework/. dst=/home/vansh/act-stage/session-17-devsecops/devops-homework
[Session 17 - DevSecOps Pipeline/4. SCA (pip-audit + Trivy fs)]   ✅  Success - Main actions/checkout@v4 [50.961654ms]
[Session 17 - DevSecOps Pipeline/4. SCA (pip-audit + Trivy fs)] ⭐ Run Main actions/setup-python@v5
[Session 17 - DevSecOps Pipeline/4. SCA (pip-audit + Trivy fs)]   🐳  docker cp src=/home/vansh/.cache/act/actions-setup-python@v5/ dst=/var/run/act/actions/actions-setup-python@v5/
[Session 17 - DevSecOps Pipeline/4. SCA (pip-audit + Trivy fs)]   🐳  docker exec cmd=[/opt/acttoolcache/node/24.19.0/x64/bin/node /var/run/act/actions/actions-setup-python@v5/dist/setup/index.js] user= workdir=
[Session 17 - DevSecOps Pipeline/4. SCA (pip-audit + Trivy fs)]   ❓  ::group::Installed versions
[Session 17 - DevSecOps Pipeline/4. SCA (pip-audit + Trivy fs)]   | (node:31) [DEP0040] DeprecationWarning: The `punycode` module is deprecated. Please use a userland alternative instead.
[Session 17 - DevSecOps Pipeline/4. SCA (pip-audit + Trivy fs)]   | (Use `node --trace-deprecation ...` to show where the warning was created)
[Session 17 - DevSecOps Pipeline/4. SCA (pip-audit + Trivy fs)]   | Successfully set up CPython (3.12.15)
[Session 17 - DevSecOps Pipeline/4. SCA (pip-audit + Trivy fs)]   ❓  ::endgroup::
[Session 17 - DevSecOps Pipeline/4. SCA (pip-audit + Trivy fs)]   ❓ add-matcher /run/act/actions/actions-setup-python@v5/.github/python.json
[Session 17 - DevSecOps Pipeline/4. SCA (pip-audit + Trivy fs)]   ✅  Success - Main actions/setup-python@v5 [784.546242ms]
[Session 17 - DevSecOps Pipeline/4. SCA (pip-audit + Trivy fs)]   ⚙  ::set-env:: PKG_CONFIG_PATH=/opt/hostedtoolcache/Python/3.12.15/x64/lib/pkgconfig
[Session 17 - DevSecOps Pipeline/4. SCA (pip-audit + Trivy fs)]   ⚙  ::set-env:: Python_ROOT_DIR=/opt/hostedtoolcache/Python/3.12.15/x64
[Session 17 - DevSecOps Pipeline/4. SCA (pip-audit + Trivy fs)]   ⚙  ::set-env:: Python2_ROOT_DIR=/opt/hostedtoolcache/Python/3.12.15/x64
[Session 17 - DevSecOps Pipeline/4. SCA (pip-audit + Trivy fs)]   ⚙  ::set-env:: Python3_ROOT_DIR=/opt/hostedtoolcache/Python/3.12.15/x64
[Session 17 - DevSecOps Pipeline/4. SCA (pip-audit + Trivy fs)]   ⚙  ::set-env:: LD_LIBRARY_PATH=/opt/hostedtoolcache/Python/3.12.15/x64/lib
[Session 17 - DevSecOps Pipeline/4. SCA (pip-audit + Trivy fs)]   ⚙  ::set-env:: pythonLocation=/opt/hostedtoolcache/Python/3.12.15/x64
[Session 17 - DevSecOps Pipeline/4. SCA (pip-audit + Trivy fs)]   ⚙  ::set-output:: python-version=3.12.15
[Session 17 - DevSecOps Pipeline/4. SCA (pip-audit + Trivy fs)]   ⚙  ::set-output:: python-path=/opt/hostedtoolcache/Python/3.12.15/x64/bin/python
[Session 17 - DevSecOps Pipeline/4. SCA (pip-audit + Trivy fs)]   ⚙  ::add-path:: /opt/hostedtoolcache/Python/3.12.15/x64
[Session 17 - DevSecOps Pipeline/4. SCA (pip-audit + Trivy fs)]   ⚙  ::add-path:: /opt/hostedtoolcache/Python/3.12.15/x64/bin
[Session 17 - DevSecOps Pipeline/4. SCA (pip-audit + Trivy fs)] ⭐ Run Main Install pip-audit and Trivy
[Session 17 - DevSecOps Pipeline/4. SCA (pip-audit + Trivy fs)]   🐳  docker exec cmd=[bash --noprofile --norc -e -o pipefail /var/run/act/workflow/2.sh] user= workdir=session-17-devsecops
[Session 17 - DevSecOps Pipeline/4. SCA (pip-audit + Trivy fs)]   | Requirement already satisfied: pip-audit==2.10.1 in /opt/hostedtoolcache/Python/3.12.15/x64/lib/python3.12/site-packages (2.10.1)
[Session 17 - DevSecOps Pipeline/4. SCA (pip-audit + Trivy fs)]   | Requirement already satisfied: CacheControl>=0.13.0 in /opt/hostedtoolcache/Python/3.12.15/x64/lib/python3.12/site-packages (from CacheControl[filecache]>=0.13.0->pip-audit==2.10.1) (0.14.4)
[Session 17 - DevSecOps Pipeline/4. SCA (pip-audit + Trivy fs)]   | Requirement already satisfied: cyclonedx-python-lib<12,>=5 in /opt/hostedtoolcache/Python/3.12.15/x64/lib/python3.12/site-packages (from pip-audit==2.10.1) (11.12.0)
[Session 17 - DevSecOps Pipeline/4. SCA (pip-audit + Trivy fs)]   | Requirement already satisfied: packaging>=23.0.0 in /opt/hostedtoolcache/Python/3.12.15/x64/lib/python3.12/site-packages (from pip-audit==2.10.1) (26.3)
[Session 17 - DevSecOps Pipeline/4. SCA (pip-audit + Trivy fs)]   | Requirement already satisfied: pip-api>=0.0.28 in /opt/hostedtoolcache/Python/3.12.15/x64/lib/python3.12/site-packages (from pip-audit==2.10.1) (0.0.35)
[Session 17 - DevSecOps Pipeline/4. SCA (pip-audit + Trivy fs)]   | Requirement already satisfied: pip-requirements-parser>=32.0.0 in /opt/hostedtoolcache/Python/3.12.15/x64/lib/python3.12/site-packages (from pip-audit==2.10.1) (32.0.1)
[Session 17 - DevSecOps Pipeline/4. SCA (pip-audit + Trivy fs)]   | Requirement already satisfied: requests>=2.31.0 in /opt/hostedtoolcache/Python/3.12.15/x64/lib/python3.12/site-packages (from pip-audit==2.10.1) (2.34.2)
[Session 17 - DevSecOps Pipeline/4. SCA (pip-audit + Trivy fs)]   | Requirement already satisfied: rich>=12.4 in /opt/hostedtoolcache/Python/3.12.15/x64/lib/python3.12/site-packages (from pip-audit==2.10.1) (15.0.0)
[Session 17 - DevSecOps Pipeline/4. SCA (pip-audit + Trivy fs)]   | Requirement already satisfied: tomli>=2.2.1 in /opt/hostedtoolcache/Python/3.12.15/x64/lib/python3.12/site-packages (from pip-audit==2.10.1) (2.4.1)
[Session 17 - DevSecOps Pipeline/4. SCA (pip-audit + Trivy fs)]   | Requirement already satisfied: tomli-w>=1.2.0 in /opt/hostedtoolcache/Python/3.12.15/x64/lib/python3.12/site-packages (from pip-audit==2.10.1) (1.2.0)
[Session 17 - DevSecOps Pipeline/4. SCA (pip-audit + Trivy fs)]   | Requirement already satisfied: platformdirs>=4.2.0 in /opt/hostedtoolcache/Python/3.12.15/x64/lib/python3.12/site-packages (from pip-audit==2.10.1) (4.12.3)
[Session 17 - DevSecOps Pipeline/4. SCA (pip-audit + Trivy fs)]   | Requirement already satisfied: license-expression<31,>=30 in /opt/hostedtoolcache/Python/3.12.15/x64/lib/python3.12/site-packages (from cyclonedx-python-lib<12,>=5->pip-audit==2.10.1) (30.4.4)
[Session 17 - DevSecOps Pipeline/4. SCA (pip-audit + Trivy fs)]   | Requirement already satisfied: packageurl-python<2,>=0.11 in /opt/hostedtoolcache/Python/3.12.15/x64/lib/python3.12/site-packages (from cyclonedx-python-lib<12,>=5->pip-audit==2.10.1) (0.17.6)
[Session 17 - DevSecOps Pipeline/4. SCA (pip-audit + Trivy fs)]   | Requirement already satisfied: py-serializable<3.0.0,>=2.1.0 in /opt/hostedtoolcache/Python/3.12.15/x64/lib/python3.12/site-packages (from cyclonedx-python-lib<12,>=5->pip-audit==2.10.1) (2.1.0)
[Session 17 - DevSecOps Pipeline/4. SCA (pip-audit + Trivy fs)]   | Requirement already satisfied: sortedcontainers<3.0.0,>=2.4.0 in /opt/hostedtoolcache/Python/3.12.15/x64/lib/python3.12/site-packages (from cyclonedx-python-lib<12,>=5->pip-audit==2.10.1) (2.4.0)
[Session 17 - DevSecOps Pipeline/4. SCA (pip-audit + Trivy fs)]   | Requirement already satisfied: typing_extensions<5.0,>=4.6 in /opt/hostedtoolcache/Python/3.12.15/x64/lib/python3.12/site-packages (from cyclonedx-python-lib<12,>=5->pip-audit==2.10.1) (4.16.0)
[Session 17 - DevSecOps Pipeline/4. SCA (pip-audit + Trivy fs)]   | Requirement already satisfied: boolean.py>=4.0 in /opt/hostedtoolcache/Python/3.12.15/x64/lib/python3.12/site-packages (from license-expression<31,>=30->cyclonedx-python-lib<12,>=5->pip-audit==2.10.1) (5.0)
[Session 17 - DevSecOps Pipeline/4. SCA (pip-audit + Trivy fs)]   | Requirement already satisfied: defusedxml<0.8.0,>=0.7.1 in /opt/hostedtoolcache/Python/3.12.15/x64/lib/python3.12/site-packages (from py-serializable<3.0.0,>=2.1.0->cyclonedx-python-lib<12,>=5->pip-audit==2.10.1) (0.7.1)
[Session 17 - DevSecOps Pipeline/4. SCA (pip-audit + Trivy fs)]   | Requirement already satisfied: msgpack<2.0.0,>=0.5.2 in /opt/hostedtoolcache/Python/3.12.15/x64/lib/python3.12/site-packages (from CacheControl>=0.13.0->CacheControl[filecache]>=0.13.0->pip-audit==2.10.1) (1.2.3)
[Session 17 - DevSecOps Pipeline/4. SCA (pip-audit + Trivy fs)]   | Requirement already satisfied: filelock>=3.8.0 in /opt/hostedtoolcache/Python/3.12.15/x64/lib/python3.12/site-packages (from CacheControl[filecache]>=0.13.0->pip-audit==2.10.1) (4.0.12)
[Session 17 - DevSecOps Pipeline/4. SCA (pip-audit + Trivy fs)]   | Requirement already satisfied: pip in /opt/hostedtoolcache/Python/3.12.15/x64/lib/python3.12/site-packages (from pip-api>=0.0.28->pip-audit==2.10.1) (26.2.1)
[Session 17 - DevSecOps Pipeline/4. SCA (pip-audit + Trivy fs)]   | Requirement already satisfied: pyparsing in /opt/hostedtoolcache/Python/3.12.15/x64/lib/python3.12/site-packages (from pip-requirements-parser>=32.0.0->pip-audit==2.10.1) (3.3.3)
[Session 17 - DevSecOps Pipeline/4. SCA (pip-audit + Trivy fs)]   | Requirement already satisfied: charset_normalizer<4,>=2 in /opt/hostedtoolcache/Python/3.12.15/x64/lib/python3.12/site-packages (from requests>=2.31.0->pip-audit==2.10.1) (3.5.2)
[Session 17 - DevSecOps Pipeline/4. SCA (pip-audit + Trivy fs)]   | Requirement already satisfied: idna<4,>=2.5 in /opt/hostedtoolcache/Python/3.12.15/x64/lib/python3.12/site-packages (from requests>=2.31.0->pip-audit==2.10.1) (3.20)
[Session 17 - DevSecOps Pipeline/4. SCA (pip-audit + Trivy fs)]   | Requirement already satisfied: urllib3<3,>=1.26 in /opt/hostedtoolcache/Python/3.12.15/x64/lib/python3.12/site-packages (from requests>=2.31.0->pip-audit==2.10.1) (2.8.0)
[Session 17 - DevSecOps Pipeline/4. SCA (pip-audit + Trivy fs)]   | Requirement already satisfied: certifi>=2023.5.7 in /opt/hostedtoolcache/Python/3.12.15/x64/lib/python3.12/site-packages (from requests>=2.31.0->pip-audit==2.10.1) (2026.7.22)
[Session 17 - DevSecOps Pipeline/4. SCA (pip-audit + Trivy fs)]   | Requirement already satisfied: markdown-it-py>=2.2.0 in /opt/hostedtoolcache/Python/3.12.15/x64/lib/python3.12/site-packages (from rich>=12.4->pip-audit==2.10.1) (4.2.0)
[Session 17 - DevSecOps Pipeline/4. SCA (pip-audit + Trivy fs)]   | Requirement already satisfied: pygments<3.0.0,>=2.13.0 in /opt/hostedtoolcache/Python/3.12.15/x64/lib/python3.12/site-packages (from rich>=12.4->pip-audit==2.10.1) (2.21.0)
[Session 17 - DevSecOps Pipeline/4. SCA (pip-audit + Trivy fs)]   | Requirement already satisfied: mdurl~=0.1 in /opt/hostedtoolcache/Python/3.12.15/x64/lib/python3.12/site-packages (from markdown-it-py>=2.2.0->rich>=12.4->pip-audit==2.10.1) (0.1.2)
[Session 17 - DevSecOps Pipeline/4. SCA (pip-audit + Trivy fs)]   | WARNING: Running pip as the 'root' user can result in broken permissions and conflicting behaviour with the system package manager, possibly rendering your system unusable. It is recommended to use a virtual environment instead: https://pip.pypa.io/warnings/venv. Use the --root-user-action option if you know what you are doing and want to suppress this warning.
[Session 17 - DevSecOps Pipeline/4. SCA (pip-audit + Trivy fs)]   | aquasecurity/trivy info checking GitHub for tag 'v0.75.0'
[Session 17 - DevSecOps Pipeline/4. SCA (pip-audit + Trivy fs)]   | aquasecurity/trivy info found version: 0.75.0 for v0.75.0/Linux/64bit
[Session 17 - DevSecOps Pipeline/4. SCA (pip-audit + Trivy fs)]   | aquasecurity/trivy info installed /root/.local/bin/trivy
[Session 17 - DevSecOps Pipeline/4. SCA (pip-audit + Trivy fs)]   ✅  Success - Main Install pip-audit and Trivy [14.502154947s]
[Session 17 - DevSecOps Pipeline/4. SCA (pip-audit + Trivy fs)]   ⚙  ::add-path:: /root/.local/bin
[Session 17 - DevSecOps Pipeline/4. SCA (pip-audit + Trivy fs)] ⭐ Run Main pip-audit (PyPI advisory database / OSV)
[Session 17 - DevSecOps Pipeline/4. SCA (pip-audit + Trivy fs)]   🐳  docker exec cmd=[bash --noprofile --norc -e -o pipefail /var/run/act/workflow/3.sh] user= workdir=session-17-devsecops
[Session 17 - DevSecOps Pipeline/4. SCA (pip-audit + Trivy fs)]   | No known vulnerabilities found
[Session 17 - DevSecOps Pipeline/4. SCA (pip-audit + Trivy fs)]   | No known vulnerabilities found
[Session 17 - DevSecOps Pipeline/4. SCA (pip-audit + Trivy fs)]   ✅  Success - Main pip-audit (PyPI advisory database / OSV) [15.646375236s]
[Session 17 - DevSecOps Pipeline/4. SCA (pip-audit + Trivy fs)] ⭐ Run Main Trivy filesystem scan of dependency manifests
[Session 17 - DevSecOps Pipeline/4. SCA (pip-audit + Trivy fs)]   🐳  docker exec cmd=[bash --noprofile --norc -e -o pipefail /var/run/act/workflow/4.sh] user= workdir=session-17-devsecops
[Session 17 - DevSecOps Pipeline/4. SCA (pip-audit + Trivy fs)]   | 2026-10-07T18:10:23Z	INFO	Loaded	file_path="trivy.yaml"
[Session 17 - DevSecOps Pipeline/4. SCA (pip-audit + Trivy fs)]   | 2026-10-07T18:10:23Z	INFO	[vulndb] Need to update DB
[Session 17 - DevSecOps Pipeline/4. SCA (pip-audit + Trivy fs)]   | 2026-10-07T18:10:23Z	INFO	[vulndb] Downloading vulnerability DB...
[Session 17 - DevSecOps Pipeline/4. SCA (pip-audit + Trivy fs)]   | 2026-10-07T18:10:23Z	INFO	[vulndb] Downloading artifact...	repo="mirror.gcr.io/aquasec/trivy-db:2"
[Session 17 - DevSecOps Pipeline/4. SCA (pip-audit + Trivy fs)]   | 143.25 KiB / 119.53 MiB [>___________________________________________________________] 0.12% ? p/s ?1.03 MiB / 119.53 MiB [>_____________________________________________________________] 0.86% ? p/s ?2.78 MiB / 119.53 MiB [->____________________________________________________________] 2.33% ? p/s ?5.17 MiB / 119.53 MiB [-->______________________________________________] 4.33% 8.38 MiB p/s ETA 13s6.86 MiB / 119.53 MiB [-->______________________________________________] 5.74% 8.38 MiB p/s ETA 13s9.77 MiB / 119.53 MiB [---->____________________________________________] 8.17% 8.38 MiB p/s ETA 13s11.27 MiB / 119.53 MiB [---->___________________________________________] 9.42% 8.49 MiB p/s ETA 12s13.36 MiB / 119.53 MiB [----->_________________________________________] 11.18% 8.49 MiB p/s ETA 12s15.23 MiB / 119.53 MiB [----->_________________________________________] 12.74% 8.49 MiB p/s ETA 12s17.05 MiB / 119.53 MiB [------>________________________________________] 14.26% 8.57 MiB p/s ETA 11s18.86 MiB / 119.53 MiB [------->_______________________________________] 15.78% 8.57 MiB p/s ETA 11s20.64 MiB / 119.53 MiB [-------->______________________________________] 17.27% 8.57 MiB p/s ETA 11s22.45 MiB / 119.53 MiB [-------->______________________________________] 18.78% 8.60 MiB p/s ETA 11s24.30 MiB / 119.53 MiB [--------->_____________________________________] 20.33% 8.60 MiB p/s ETA 11s26.05 MiB / 119.53 MiB [---------->____________________________________] 21.79% 8.60 MiB p/s ETA 10s27.92 MiB / 119.53 MiB [---------->____________________________________] 23.36% 8.63 MiB p/s ETA 10s30.02 MiB / 119.53 MiB [----------->___________________________________] 25.11% 8.63 MiB p/s ETA 10s32.08 MiB / 119.53 MiB [------------>__________________________________] 26.84% 8.63 MiB p/s ETA 10s33.80 MiB / 119.53 MiB [------------->__________________________________] 28.27% 8.70 MiB p/s ETA 9s35.55 MiB / 119.53 MiB [-------------->_________________________________] 29.74% 8.70 MiB p/s ETA 9s37.30 MiB / 119.53 MiB [-------------->_________________________________] 31.20% 8.70 MiB p/s ETA 9s39.08 MiB / 119.53 MiB [--------------->________________________________] 32.69% 8.71 MiB p/s ETA 9s40.77 MiB / 119.53 MiB [---------------->_______________________________] 34.10% 8.71 MiB p/s ETA 9s42.48 MiB / 119.53 MiB [----------------->______________________________] 35.54% 8.71 MiB p/s ETA 8s44.27 MiB / 119.53 MiB [----------------->______________________________] 37.03% 8.71 MiB p/s ETA 8s46.05 MiB / 119.53 MiB [------------------>_____________________________] 38.52% 8.71 MiB p/s ETA 8s47.77 MiB / 119.53 MiB [------------------->____________________________] 39.96% 8.71 MiB p/s ETA 8s49.52 MiB / 119.53 MiB [------------------->____________________________] 41.42% 8.71 MiB p/s ETA 8s51.27 MiB / 119.53 MiB [-------------------->___________________________] 42.89% 8.71 MiB p/s ETA 7s52.95 MiB / 119.53 MiB [--------------------->__________________________] 44.30% 8.71 MiB p/s ETA 7s55.02 MiB / 119.53 MiB [---------------------->_________________________] 46.03% 8.74 MiB p/s ETA 7s57.36 MiB / 119.53 MiB [----------------------->________________________] 47.99% 8.74 MiB p/s ETA 7s58.20 MiB / 119.53 MiB [----------------------->________________________] 48.69% 8.74 MiB p/s ETA 7s60.39 MiB / 119.53 MiB [------------------------>_______________________] 50.52% 8.75 MiB p/s ETA 6s61.58 MiB / 119.53 MiB [------------------------>_______________________] 51.52% 8.75 MiB p/s ETA 6s62.77 MiB / 119.53 MiB [------------------------->______________________] 52.51% 8.75 MiB p/s ETA 6s64.02 MiB / 119.53 MiB [------------------------->______________________] 53.55% 8.58 MiB p/s ETA 6s65.27 MiB / 119.53 MiB [-------------------------->_____________________] 54.60% 8.58 MiB p/s ETA 6s66.55 MiB / 119.53 MiB [-------------------------->_____________________] 55.67% 8.58 MiB p/s ETA 6s67.73 MiB / 119.53 MiB [--------------------------->____________________] 56.67% 8.42 MiB p/s ETA 6s68.92 MiB / 119.53 MiB [--------------------------->____________________] 57.66% 8.42 MiB p/s ETA 6s70.11 MiB / 119.53 MiB [---------------------------->___________________] 58.65% 8.42 MiB p/s ETA 5s71.36 MiB / 119.53 MiB [---------------------------->___________________] 59.70% 8.27 MiB p/s ETA 5s72.77 MiB / 119.53 MiB [----------------------------->__________________] 60.87% 8.27 MiB p/s ETA 5s74.55 MiB / 119.53 MiB [----------------------------->__________________] 62.36% 8.27 MiB p/s ETA 5s76.77 MiB / 119.53 MiB [------------------------------>_________________] 64.22% 8.32 MiB p/s ETA 5s78.67 MiB / 119.53 MiB [------------------------------->________________] 65.82% 8.32 MiB p/s ETA 4s79.45 MiB / 119.53 MiB [------------------------------->________________] 66.47% 8.32 MiB p/s ETA 4s82.08 MiB / 119.53 MiB [-------------------------------->_______________] 68.67% 8.35 MiB p/s ETA 4s84.11 MiB / 119.53 MiB [--------------------------------->______________] 70.36% 8.35 MiB p/s ETA 4s85.42 MiB / 119.53 MiB [---------------------------------->_____________] 71.46% 8.35 MiB p/s ETA 4s86.80 MiB / 119.53 MiB [---------------------------------->_____________] 72.61% 8.32 MiB p/s ETA 3s88.55 MiB / 119.53 MiB [----------------------------------->____________] 74.08% 8.32 MiB p/s ETA 3s90.23 MiB / 119.53 MiB [------------------------------------>___________] 75.49% 8.32 MiB p/s ETA 3s92.08 MiB / 119.53 MiB [------------------------------------>___________] 77.03% 8.35 MiB p/s ETA 3s93.58 MiB / 119.53 MiB [------------------------------------->__________] 78.29% 8.35 MiB p/s ETA 3s95.64 MiB / 119.53 MiB [-------------------------------------->_________] 80.01% 8.35 MiB p/s ETA 2s96.77 MiB / 119.53 MiB [-------------------------------------->_________] 80.95% 8.32 MiB p/s ETA 2s98.17 MiB / 119.53 MiB [--------------------------------------->________] 82.13% 8.32 MiB p/s ETA 2s99.86 MiB / 119.53 MiB [---------------------------------------->_______] 83.54% 8.32 MiB p/s ETA 2s101.89 MiB / 119.53 MiB [---------------------------------------->______] 85.24% 8.33 MiB p/s ETA 2s102.42 MiB / 119.53 MiB [---------------------------------------->______] 85.68% 8.33 MiB p/s ETA 2s104.42 MiB / 119.53 MiB [----------------------------------------->_____] 87.36% 8.33 MiB p/s ETA 1s106.70 MiB / 119.53 MiB [----------------------------------------->_____] 89.27% 8.31 MiB p/s ETA 1s108.61 MiB / 119.53 MiB [------------------------------------------>____] 90.86% 8.31 MiB p/s ETA 1s109.80 MiB / 119.53 MiB [------------------------------------------->___] 91.85% 8.31 MiB p/s ETA 1s110.92 MiB / 119.53 MiB [------------------------------------------->___] 92.80% 8.23 MiB p/s ETA 1s112.08 MiB / 119.53 MiB [-------------------------------------------->__] 93.76% 8.23 MiB p/s ETA 0s113.27 MiB / 119.53 MiB [-------------------------------------------->__] 94.76% 8.23 MiB p/s ETA 0s114.48 MiB / 119.53 MiB [--------------------------------------------->_] 95.78% 8.08 MiB p/s ETA 0s115.67 MiB / 119.53 MiB [--------------------------------------------->_] 96.77% 8.08 MiB p/s ETA 0s116.86 MiB / 119.53 MiB [--------------------------------------------->_] 97.76% 8.08 MiB p/s ETA 0s118.02 MiB / 119.53 MiB [---------------------------------------------->] 98.73% 7.94 MiB p/s ETA 0s119.16 MiB / 119.53 MiB [---------------------------------------------->] 99.68% 7.94 MiB p/s ETA 0s119.53 MiB / 119.53 MiB [--------------------------------------------->] 100.00% 7.94 MiB p/s ETA 0s119.53 MiB / 119.53 MiB [--------------------------------------------->] 100.00% 7.59 MiB p/s ETA 0s119.53 MiB / 119.53 MiB [--------------------------------------------->] 100.00% 7.59 MiB p/s ETA 0s119.53 MiB / 119.53 MiB [--------------------------------------------->] 100.00% 7.59 MiB p/s ETA 0s119.53 MiB / 119.53 MiB [--------------------------------------------->] 100.00% 7.10 MiB p/s ETA 0s119.53 MiB / 119.53 MiB [--------------------------------------------->] 100.00% 7.10 MiB p/s ETA 0s119.53 MiB / 119.53 MiB [--------------------------------------------->] 100.00% 7.10 MiB p/s ETA 0s119.53 MiB / 119.53 MiB [--------------------------------------------->] 100.00% 6.64 MiB p/s ETA 0s119.53 MiB / 119.53 MiB [--------------------------------------------->] 100.00% 6.64 MiB p/s ETA 0s119.53 MiB / 119.53 MiB [--------------------------------------------->] 100.00% 6.64 MiB p/s ETA 0s119.53 MiB / 119.53 MiB [--------------------------------------------->] 100.00% 6.21 MiB p/s ETA 0s119.53 MiB / 119.53 MiB [--------------------------------------------->] 100.00% 6.21 MiB p/s ETA 0s119.53 MiB / 119.53 MiB [--------------------------------------------->] 100.00% 6.21 MiB p/s ETA 0s119.53 MiB / 119.53 MiB [--------------------------------------------->] 100.00% 5.81 MiB p/s ETA 0s119.53 MiB / 119.53 MiB [--------------------------------------------->] 100.00% 5.81 MiB p/s ETA 0s119.53 MiB / 119.53 MiB [--------------------------------------------->] 100.00% 5.81 MiB p/s ETA 0s119.53 MiB / 119.53 MiB [--------------------------------------------->] 100.00% 5.44 MiB p/s ETA 0s119.53 MiB / 119.53 MiB [--------------------------------------------->] 100.00% 5.44 MiB p/s ETA 0s119.53 MiB / 119.53 MiB [--------------------------------------------->] 100.00% 5.44 MiB p/s ETA 0s119.53 MiB / 119.53 MiB [--------------------------------------------->] 100.00% 5.09 MiB p/s ETA 0s119.53 MiB / 119.53 MiB [--------------------------------------------->] 100.00% 5.09 MiB p/s ETA 0s119.53 MiB / 119.53 MiB [--------------------------------------------->] 100.00% 5.09 MiB p/s ETA 0s119.53 MiB / 119.53 MiB [--------------------------------------------->] 100.00% 4.76 MiB p/s ETA 0s119.53 MiB / 119.53 MiB [--------------------------------------------->] 100.00% 4.76 MiB p/s ETA 0s119.53 MiB / 119.53 MiB [--------------------------------------------->] 100.00% 4.76 MiB p/s ETA 0s119.53 MiB / 119.53 MiB [--------------------------------------------->] 100.00% 4.45 MiB p/s ETA 0s119.53 MiB / 119.53 MiB [--------------------------------------------->] 100.00% 4.45 MiB p/s ETA 0s119.53 MiB / 119.53 MiB [--------------------------------------------->] 100.00% 4.45 MiB p/s ETA 0s119.53 MiB / 119.53 MiB [--------------------------------------------->] 100.00% 4.17 MiB p/s ETA 0s119.53 MiB / 119.53 MiB [--------------------------------------------->] 100.00% 4.17 MiB p/s ETA 0s119.53 MiB / 119.53 MiB [--------------------------------------------->] 100.00% 4.17 MiB p/s ETA 0s119.53 MiB / 119.53 MiB [--------------------------------------------->] 100.00% 3.90 MiB p/s ETA 0s119.53 MiB / 119.53 MiB [--------------------------------------------->] 100.00% 3.90 MiB p/s ETA 0s119.53 MiB / 119.53 MiB [--------------------------------------------->] 100.00% 3.90 MiB p/s ETA 0s119.53 MiB / 119.53 MiB [--------------------------------------------->] 100.00% 3.65 MiB p/s ETA 0s119.53 MiB / 119.53 MiB [--------------------------------------------->] 100.00% 3.65 MiB p/s ETA 0s119.53 MiB / 119.53 MiB [--------------------------------------------->] 100.00% 3.65 MiB p/s ETA 0s119.53 MiB / 119.53 MiB [--------------------------------------------->] 100.00% 3.41 MiB p/s ETA 0s119.53 MiB / 119.53 MiB [--------------------------------------------->] 100.00% 3.41 MiB p/s ETA 0s119.53 MiB / 119.53 MiB [--------------------------------------------->] 100.00% 3.41 MiB p/s ETA 0s119.53 MiB / 119.53 MiB [--------------------------------------------->] 100.00% 3.19 MiB p/s ETA 0s119.53 MiB / 119.53 MiB [--------------------------------------------->] 100.00% 3.19 MiB p/s ETA 0s119.53 MiB / 119.53 MiB [--------------------------------------------->] 100.00% 3.19 MiB p/s ETA 0s119.53 MiB / 119.53 MiB [--------------------------------------------->] 100.00% 2.98 MiB p/s ETA 0s119.53 MiB / 119.53 MiB [--------------------------------------------->] 100.00% 2.98 MiB p/s ETA 0s119.53 MiB / 119.53 MiB [--------------------------------------------->] 100.00% 2.98 MiB p/s ETA 0s119.53 MiB / 119.53 MiB [--------------------------------------------->] 100.00% 2.79 MiB p/s ETA 0s119.53 MiB / 119.53 MiB [--------------------------------------------->] 100.00% 2.79 MiB p/s ETA 0s119.53 MiB / 119.53 MiB [--------------------------------------------->] 100.00% 2.79 MiB p/s ETA 0s119.53 MiB / 119.53 MiB [--------------------------------------------->] 100.00% 2.61 MiB p/s ETA 0s119.53 MiB / 119.53 MiB [--------------------------------------------->] 100.00% 2.61 MiB p/s ETA 0s119.53 MiB / 119.53 MiB [--------------------------------------------->] 100.00% 2.61 MiB p/s ETA 0s119.53 MiB / 119.53 MiB [--------------------------------------------->] 100.00% 2.44 MiB p/s ETA 0s119.53 MiB / 119.53 MiB [--------------------------------------------->] 100.00% 2.44 MiB p/s ETA 0s119.53 MiB / 119.53 MiB [--------------------------------------------->] 100.00% 2.44 MiB p/s ETA 0s119.53 MiB / 119.53 MiB [--------------------------------------------->] 100.00% 2.29 MiB p/s ETA 0s119.53 MiB / 119.53 MiB [--------------------------------------------->] 100.00% 2.29 MiB p/s ETA 0s119.53 MiB / 119.53 MiB [--------------------------------------------->] 100.00% 2.29 MiB p/s ETA 0s119.53 MiB / 119.53 MiB [--------------------------------------------->] 100.00% 2.14 MiB p/s ETA 0s119.53 MiB / 119.53 MiB [--------------------------------------------->] 100.00% 2.14 MiB p/s ETA 0s119.53 MiB / 119.53 MiB [--------------------------------------------->] 100.00% 2.14 MiB p/s ETA 0s119.53 MiB / 119.53 MiB [--------------------------------------------->] 100.00% 2.00 MiB p/s ETA 0s119.53 MiB / 119.53 MiB [--------------------------------------------->] 100.00% 2.00 MiB p/s ETA 0s119.53 MiB / 119.53 MiB [--------------------------------------------->] 100.00% 2.00 MiB p/s ETA 0s119.53 MiB / 119.53 MiB [--------------------------------------------->] 100.00% 1.87 MiB p/s ETA 0s119.53 MiB / 119.53 MiB [--------------------------------------------->] 100.00% 1.87 MiB p/s ETA 0s119.53 MiB / 119.53 MiB [--------------------------------------------->] 100.00% 1.87 MiB p/s ETA 0s119.53 MiB / 119.53 MiB [--------------------------------------------->] 100.00% 1.75 MiB p/s ETA 0s119.53 MiB / 119.53 MiB [--------------------------------------------->] 100.00% 1.75 MiB p/s ETA 0s119.53 MiB / 119.53 MiB [--------------------------------------------->] 100.00% 1.75 MiB p/s ETA 0s119.53 MiB / 119.53 MiB [--------------------------------------------->] 100.00% 1.64 MiB p/s ETA 0s119.53 MiB / 119.53 MiB [--------------------------------------------->] 100.00% 1.64 MiB p/s ETA 0s119.53 MiB / 119.53 MiB [--------------------------------------------->] 100.00% 1.64 MiB p/s ETA 0s119.53 MiB / 119.53 MiB [--------------------------------------------->] 100.00% 1.53 MiB p/s ETA 0s119.53 MiB / 119.53 MiB [--------------------------------------------->] 100.00% 1.53 MiB p/s ETA 0s119.53 MiB / 119.53 MiB [--------------------------------------------->] 100.00% 1.53 MiB p/s ETA 0s119.53 MiB / 119.53 MiB [--------------------------------------------->] 100.00% 1.43 MiB p/s ETA 0s119.53 MiB / 119.53 MiB [--------------------------------------------->] 100.00% 1.43 MiB p/s ETA 0s119.53 MiB / 119.53 MiB [--------------------------------------------->] 100.00% 1.43 MiB p/s ETA 0s119.53 MiB / 119.53 MiB [--------------------------------------------->] 100.00% 1.34 MiB p/s ETA 0s119.53 MiB / 119.53 MiB [--------------------------------------------->] 100.00% 1.34 MiB p/s ETA 0s119.53 MiB / 119.53 MiB [--------------------------------------------->] 100.00% 1.34 MiB p/s ETA 0s119.53 MiB / 119.53 MiB [--------------------------------------------->] 100.00% 1.25 MiB p/s ETA 0s119.53 MiB / 119.53 MiB [--------------------------------------------->] 100.00% 1.25 MiB p/s ETA 0s119.53 MiB / 119.53 MiB [--------------------------------------------->] 100.00% 1.25 MiB p/s ETA 0s119.53 MiB / 119.53 MiB [--------------------------------------------->] 100.00% 1.17 MiB p/s ETA 0s119.53 MiB / 119.53 MiB [--------------------------------------------->] 100.00% 1.17 MiB p/s ETA 0s119.53 MiB / 119.53 MiB [--------------------------------------------->] 100.00% 1.17 MiB p/s ETA 0s119.53 MiB / 119.53 MiB [--------------------------------------------->] 100.00% 1.10 MiB p/s ETA 0s119.53 MiB / 119.53 MiB [--------------------------------------------->] 100.00% 1.10 MiB p/s ETA 0s119.53 MiB / 119.53 MiB [--------------------------------------------->] 100.00% 1.10 MiB p/s ETA 0s119.53 MiB / 119.53 MiB [--------------------------------------------->] 100.00% 1.03 MiB p/s ETA 0s119.53 MiB / 119.53 MiB [--------------------------------------------->] 100.00% 1.03 MiB p/s ETA 0s119.53 MiB / 119.53 MiB [--------------------------------------------->] 100.00% 1.03 MiB p/s ETA 0s119.53 MiB / 119.53 MiB [------------------------------------------->] 100.00% 983.40 KiB p/s ETA 0s119.53 MiB / 119.53 MiB [------------------------------------------->] 100.00% 983.40 KiB p/s ETA 0s119.53 MiB / 119.53 MiB [------------------------------------------->] 100.00% 983.40 KiB p/s ETA 0s119.53 MiB / 119.53 MiB [------------------------------------------->] 100.00% 919.95 KiB p/s ETA 0s119.53 MiB / 119.53 MiB [------------------------------------------->] 100.00% 919.95 KiB p/s ETA 0s119.53 MiB / 119.53 MiB [------------------------------------------->] 100.00% 919.95 KiB p/s ETA 0s119.53 MiB / 119.53 MiB [------------------------------------------->] 100.00% 860.60 KiB p/s ETA 0s119.53 MiB / 119.53 MiB [------------------------------------------->] 100.00% 860.60 KiB p/s ETA 0s119.53 MiB / 119.53 MiB [------------------------------------------->] 100.00% 860.60 KiB p/s ETA 0s119.53 MiB / 119.53 MiB [------------------------------------------->] 100.00% 805.08 KiB p/s ETA 0s119.53 MiB / 119.53 MiB [------------------------------------------->] 100.00% 805.08 KiB p/s ETA 0s119.53 MiB / 119.53 MiB [------------------------------------------->] 100.00% 805.08 KiB p/s ETA 0s119.53 MiB / 119.53 MiB [------------------------------------------->] 100.00% 753.14 KiB p/s ETA 0s119.53 MiB / 119.53 MiB [------------------------------------------->] 100.00% 753.14 KiB p/s ETA 0s119.53 MiB / 119.53 MiB [------------------------------------------->] 100.00% 753.14 KiB p/s ETA 0s119.53 MiB / 119.53 MiB [------------------------------------------->] 100.00% 704.55 KiB p/s ETA 0s119.53 MiB / 119.53 MiB [------------------------------------------->] 100.00% 704.55 KiB p/s ETA 0s119.53 MiB / 119.53 MiB [------------------------------------------->] 100.00% 704.55 KiB p/s ETA 0s119.53 MiB / 119.53 MiB [------------------------------------------->] 100.00% 659.09 KiB p/s ETA 0s119.53 MiB / 119.53 MiB [------------------------------------------->] 100.00% 659.09 KiB p/s ETA 0s119.53 MiB / 119.53 MiB [------------------------------------------->] 100.00% 659.09 KiB p/s ETA 0s119.53 MiB / 119.53 MiB [------------------------------------------->] 100.00% 616.57 KiB p/s ETA 0s119.53 MiB / 119.53 MiB [------------------------------------------->] 100.00% 616.57 KiB p/s ETA 0s119.53 MiB / 119.53 MiB [------------------------------------------->] 100.00% 616.57 KiB p/s ETA 0s119.53 MiB / 119.53 MiB [------------------------------------------->] 100.00% 576.79 KiB p/s ETA 0s119.53 MiB / 119.53 MiB [------------------------------------------->] 100.00% 576.79 KiB p/s ETA 0s119.53 MiB / 119.53 MiB [------------------------------------------->] 100.00% 576.79 KiB p/s ETA 0s119.53 MiB / 119.53 MiB [------------------------------------------->] 100.00% 539.58 KiB p/s ETA 0s119.53 MiB / 119.53 MiB [------------------------------------------->] 100.00% 539.58 KiB p/s ETA 0s119.53 MiB / 119.53 MiB [------------------------------------------->] 100.00% 539.58 KiB p/s ETA 0s119.53 MiB / 119.53 MiB [------------------------------------------->] 100.00% 504.77 KiB p/s ETA 0s119.53 MiB / 119.53 MiB [------------------------------------------->] 100.00% 504.77 KiB p/s ETA 0s119.53 MiB / 119.53 MiB [------------------------------------------->] 100.00% 504.77 KiB p/s ETA 0s119.53 MiB / 119.53 MiB [------------------------------------------->] 100.00% 472.20 KiB p/s ETA 0s119.53 MiB / 119.53 MiB [------------------------------------------->] 100.00% 472.20 KiB p/s ETA 0s119.53 MiB / 119.53 MiB [------------------------------------------->] 100.00% 472.20 KiB p/s ETA 0s119.53 MiB / 119.53 MiB [------------------------------------------->] 100.00% 441.74 KiB p/s ETA 0s119.53 MiB / 119.53 MiB [------------------------------------------->] 100.00% 441.74 KiB p/s ETA 0s119.53 MiB / 119.53 MiB [------------------------------------------->] 100.00% 441.74 KiB p/s ETA 0s119.53 MiB / 119.53 MiB [------------------------------------------->] 100.00% 413.24 KiB p/s ETA 0s119.53 MiB / 119.53 MiB [------------------------------------------->] 100.00% 413.24 KiB p/s ETA 0s119.53 MiB / 119.53 MiB [------------------------------------------->] 100.00% 413.24 KiB p/s ETA 0s119.53 MiB / 119.53 MiB [------------------------------------------->] 100.00% 386.58 KiB p/s ETA 0s119.53 MiB / 119.53 MiB [------------------------------------------->] 100.00% 386.58 KiB p/s ETA 0s119.53 MiB / 119.53 MiB [------------------------------------------->] 100.00% 386.58 KiB p/s ETA 0s119.53 MiB / 119.53 MiB [------------------------------------------->] 100.00% 361.64 KiB p/s ETA 0s119.53 MiB / 119.53 MiB [------------------------------------------->] 100.00% 361.64 KiB p/s ETA 0s119.53 MiB / 119.53 MiB [------------------------------------------->] 100.00% 361.64 KiB p/s ETA 0s119.53 MiB / 119.53 MiB [------------------------------------------->] 100.00% 338.31 KiB p/s ETA 0s119.53 MiB / 119.53 MiB [------------------------------------------->] 100.00% 338.31 KiB p/s ETA 0s119.53 MiB / 119.53 MiB [------------------------------------------->] 100.00% 338.31 KiB p/s ETA 0s119.53 MiB / 119.53 MiB [------------------------------------------->] 100.00% 316.48 KiB p/s ETA 0s119.53 MiB / 119.53 MiB [------------------------------------------->] 100.00% 316.48 KiB p/s ETA 0s119.53 MiB / 119.53 MiB [------------------------------------------->] 100.00% 316.48 KiB p/s ETA 0s119.53 MiB / 119.53 MiB [------------------------------------------->] 100.00% 296.06 KiB p/s ETA 0s119.53 MiB / 119.53 MiB [------------------------------------------->] 100.00% 296.06 KiB p/s ETA 0s119.53 MiB / 119.53 MiB [------------------------------------------->] 100.00% 296.06 KiB p/s ETA 0s119.53 MiB / 119.53 MiB [------------------------------------------->] 100.00% 276.96 KiB p/s ETA 0s119.53 MiB / 119.53 MiB [------------------------------------------->] 100.00% 276.96 KiB p/s ETA 0s119.53 MiB / 119.53 MiB [------------------------------------------->] 100.00% 276.96 KiB p/s ETA 0s119.53 MiB / 119.53 MiB [------------------------------------------->] 100.00% 259.09 KiB p/s ETA 0s119.53 MiB / 119.53 MiB [------------------------------------------->] 100.00% 259.09 KiB p/s ETA 0s119.53 MiB / 119.53 MiB [------------------------------------------->] 100.00% 259.09 KiB p/s ETA 0s119.53 MiB / 119.53 MiB [------------------------------------------->] 100.00% 242.38 KiB p/s ETA 0s119.53 MiB / 119.53 MiB [------------------------------------------->] 100.00% 242.38 KiB p/s ETA 0s119.53 MiB / 119.53 MiB [------------------------------------------->] 100.00% 242.38 KiB p/s ETA 0s119.53 MiB / 119.53 MiB [------------------------------------------->] 100.00% 226.74 KiB p/s ETA 0s119.53 MiB / 119.53 MiB [------------------------------------------->] 100.00% 226.74 KiB p/s ETA 0s119.53 MiB / 119.53 MiB [------------------------------------------->] 100.00% 226.74 KiB p/s ETA 0s119.53 MiB / 119.53 MiB [-------------------------------------------------] 100.00% 2.53 MiB p/s 48s2026-10-07T18:11:13Z	INFO	[vulndb] Artifact successfully downloaded	repo="mirror.gcr.io/aquasec/trivy-db:2"
[Session 17 - DevSecOps Pipeline/4. SCA (pip-audit + Trivy fs)]   | 2026-10-07T18:11:13Z	INFO	[vuln] Vulnerability scanning is enabled
[Session 17 - DevSecOps Pipeline/4. SCA (pip-audit + Trivy fs)]   | 2026-10-07T18:11:13Z	INFO	[python] Licenses acquired from one or more METADATA files may be subject to additional terms. Use `--debug` flag to see all affected packages.
[Session 17 - DevSecOps Pipeline/4. SCA (pip-audit + Trivy fs)]   | 2026-10-07T18:11:13Z	INFO	Number of language-specific files	num=1
[Session 17 - DevSecOps Pipeline/4. SCA (pip-audit + Trivy fs)]   | 2026-10-07T18:11:13Z	INFO	[pip] Detecting vulnerabilities...
[Session 17 - DevSecOps Pipeline/4. SCA (pip-audit + Trivy fs)]   | 2026-10-07T18:11:13Z	INFO	Loaded	file_path="trivy.yaml"
[Session 17 - DevSecOps Pipeline/4. SCA (pip-audit + Trivy fs)]   | 2026-10-07T18:11:13Z	INFO	[vuln] Vulnerability scanning is enabled
[Session 17 - DevSecOps Pipeline/4. SCA (pip-audit + Trivy fs)]   | 2026-10-07T18:11:13Z	INFO	[python] Licenses acquired from one or more METADATA files may be subject to additional terms. Use `--debug` flag to see all affected packages.
[Session 17 - DevSecOps Pipeline/4. SCA (pip-audit + Trivy fs)]   | 2026-10-07T18:11:13Z	INFO	Number of language-specific files	num=1
[Session 17 - DevSecOps Pipeline/4. SCA (pip-audit + Trivy fs)]   | 2026-10-07T18:11:13Z	INFO	[pip] Detecting vulnerabilities...
[Session 17 - DevSecOps Pipeline/4. SCA (pip-audit + Trivy fs)]   | 
[Session 17 - DevSecOps Pipeline/4. SCA (pip-audit + Trivy fs)]   | Report Summary
[Session 17 - DevSecOps Pipeline/4. SCA (pip-audit + Trivy fs)]   | 
[Session 17 - DevSecOps Pipeline/4. SCA (pip-audit + Trivy fs)]   | ┌──────────────────┬──────┬─────────────────┐
[Session 17 - DevSecOps Pipeline/4. SCA (pip-audit + Trivy fs)]   | │      Target      │ Type │ Vulnerabilities │
[Session 17 - DevSecOps Pipeline/4. SCA (pip-audit + Trivy fs)]   | ├──────────────────┼──────┼─────────────────┤
[Session 17 - DevSecOps Pipeline/4. SCA (pip-audit + Trivy fs)]   | │ requirements.txt │ pip  │        0        │
[Session 17 - DevSecOps Pipeline/4. SCA (pip-audit + Trivy fs)]   | └──────────────────┴──────┴─────────────────┘
[Session 17 - DevSecOps Pipeline/4. SCA (pip-audit + Trivy fs)]   | Legend:
[Session 17 - DevSecOps Pipeline/4. SCA (pip-audit + Trivy fs)]   | - '-': Not scanned
[Session 17 - DevSecOps Pipeline/4. SCA (pip-audit + Trivy fs)]   | - '0': Clean (no security findings detected)
[Session 17 - DevSecOps Pipeline/4. SCA (pip-audit + Trivy fs)]   | 
[Session 17 - DevSecOps Pipeline/4. SCA (pip-audit + Trivy fs)]   ✅  Success - Main Trivy filesystem scan of dependency manifests [49.337204172s]
[Session 17 - DevSecOps Pipeline/4. SCA (pip-audit + Trivy fs)] ⭐ Run Main actions/upload-artifact@v4
[Session 17 - DevSecOps Pipeline/4. SCA (pip-audit + Trivy fs)]   🐳  docker cp src=/home/vansh/.cache/act/actions-upload-artifact@v4/ dst=/var/run/act/actions/actions-upload-artifact@v4/
[Session 17 - DevSecOps Pipeline/4. SCA (pip-audit + Trivy fs)]   🐳  docker exec cmd=[/opt/acttoolcache/node/24.19.0/x64/bin/node /var/run/act/actions/actions-upload-artifact@v4/dist/upload/index.js] user= workdir=
[Session 17 - DevSecOps Pipeline/4. SCA (pip-audit + Trivy fs)]   | (node:281) [DEP0040] DeprecationWarning: The `punycode` module is deprecated. Please use a userland alternative instead.
[Session 17 - DevSecOps Pipeline/4. SCA (pip-audit + Trivy fs)]   | (Use `node --trace-deprecation ...` to show where the warning was created)
[Session 17 - DevSecOps Pipeline/4. SCA (pip-audit + Trivy fs)]   | With the provided path, there will be 2 files uploaded
[Session 17 - DevSecOps Pipeline/4. SCA (pip-audit + Trivy fs)]   | Artifact name is valid!
[Session 17 - DevSecOps Pipeline/4. SCA (pip-audit + Trivy fs)]   | Root directory input is valid!
[Session 17 - DevSecOps Pipeline/4. SCA (pip-audit + Trivy fs)]   | Beginning upload of artifact content to blob storage
[Session 17 - DevSecOps Pipeline/4. SCA (pip-audit + Trivy fs)]   | (node:281) [DEP0169] DeprecationWarning: `url.parse()` behavior is not standardized and prone to errors that have security implications. Use the WHATWG URL API instead. CVEs are not issued for `url.parse()` vulnerabilities.
[Session 17 - DevSecOps Pipeline/4. SCA (pip-audit + Trivy fs)]   | Uploaded bytes 868
[Session 17 - DevSecOps Pipeline/4. SCA (pip-audit + Trivy fs)]   | Finished uploading artifact content to blob storage!
[Session 17 - DevSecOps Pipeline/4. SCA (pip-audit + Trivy fs)]   | SHA256 digest of uploaded artifact zip is 00eb661062738438d5190afc1ac266adc564d4226e8c85c316ffde5811f108f9
[Session 17 - DevSecOps Pipeline/4. SCA (pip-audit + Trivy fs)]   | Finalizing artifact upload
[Session 17 - DevSecOps Pipeline/4. SCA (pip-audit + Trivy fs)]   | Artifact sca-reports.zip successfully finalized. Artifact ID 690153812
[Session 17 - DevSecOps Pipeline/4. SCA (pip-audit + Trivy fs)]   | Artifact sca-reports has been successfully uploaded! Final size is 868 bytes. Artifact ID is 690153812
[Session 17 - DevSecOps Pipeline/4. SCA (pip-audit + Trivy fs)]   | Artifact download URL: https://github.com/v4xsh/devops-homework/actions/runs/1/artifacts/690153812
[Session 17 - DevSecOps Pipeline/4. SCA (pip-audit + Trivy fs)]   ✅  Success - Main actions/upload-artifact@v4 [1.192854834s]
[Session 17 - DevSecOps Pipeline/4. SCA (pip-audit + Trivy fs)]   ⚙  ::set-output:: artifact-id=690153812
[Session 17 - DevSecOps Pipeline/4. SCA (pip-audit + Trivy fs)]   ⚙  ::set-output:: artifact-digest=00eb661062738438d5190afc1ac266adc564d4226e8c85c316ffde5811f108f9
[Session 17 - DevSecOps Pipeline/4. SCA (pip-audit + Trivy fs)]   ⚙  ::set-output:: artifact-url=https://github.com/v4xsh/devops-homework/actions/runs/1/artifacts/690153812
[Session 17 - DevSecOps Pipeline/4. SCA (pip-audit + Trivy fs)] ⭐ Run Post actions/setup-python@v5
[Session 17 - DevSecOps Pipeline/4. SCA (pip-audit + Trivy fs)]   🐳  docker exec cmd=[/opt/acttoolcache/node/24.19.0/x64/bin/node /var/run/act/actions/actions-setup-python@v5/dist/cache-save/index.js] user= workdir=
[Session 17 - DevSecOps Pipeline/4. SCA (pip-audit + Trivy fs)]   | (node:298) [DEP0040] DeprecationWarning: The `punycode` module is deprecated. Please use a userland alternative instead.
[Session 17 - DevSecOps Pipeline/4. SCA (pip-audit + Trivy fs)]   | (Use `node --trace-deprecation ...` to show where the warning was created)
[Session 17 - DevSecOps Pipeline/4. SCA (pip-audit + Trivy fs)]   ✅  Success - Post actions/setup-python@v5 [273.556797ms]
[Session 17 - DevSecOps Pipeline/4. SCA (pip-audit + Trivy fs)] ⭐ Run Complete job
[Session 17 - DevSecOps Pipeline/4. SCA (pip-audit + Trivy fs)] Cleaning up container for job 4. SCA (pip-audit + Trivy fs)
[Session 17 - DevSecOps Pipeline/4. SCA (pip-audit + Trivy fs)]   ✅  Success - Complete job
[Session 17 - DevSecOps Pipeline/4. SCA (pip-audit + Trivy fs)] 🏁  Job succeeded
[Session 17 - DevSecOps Pipeline/5. Secret Scan (Gitleaks)    ] ⭐ Run Set up job
[Session 17 - DevSecOps Pipeline/5. Secret Scan (Gitleaks)    ] 🚀  Start image=catthehacker/ubuntu:act-latest
[Session 17 - DevSecOps Pipeline/5. Secret Scan (Gitleaks)    ]   🐳  docker pull image=catthehacker/ubuntu:act-latest platform=linux/amd64 username= forcePull=false
[Session 17 - DevSecOps Pipeline/5. Secret Scan (Gitleaks)    ]   🐳  docker create image=catthehacker/ubuntu:act-latest platform=linux/amd64 entrypoint=["tail" "-f" "/dev/null"] cmd=[] network="minikube"
[Session 17 - DevSecOps Pipeline/5. Secret Scan (Gitleaks)    ]   🐳  docker run image=catthehacker/ubuntu:act-latest platform=linux/amd64 entrypoint=["tail" "-f" "/dev/null"] cmd=[] network="minikube"
[Session 17 - DevSecOps Pipeline/5. Secret Scan (Gitleaks)    ]   🐳  docker exec cmd=[node --no-warnings -e console.log(process.execPath)] user= workdir=
[Session 17 - DevSecOps Pipeline/5. Secret Scan (Gitleaks)    ]   ✅  Success - Set up job
[Session 17 - DevSecOps Pipeline/5. Secret Scan (Gitleaks)    ]   ☁  git clone 'https://github.com/actions/upload-artifact' # ref=v4
[Session 17 - DevSecOps Pipeline/5. Secret Scan (Gitleaks)    ] ⭐ Run Main actions/checkout@v4
[Session 17 - DevSecOps Pipeline/5. Secret Scan (Gitleaks)    ]   🐳  docker cp src=/home/vansh/act-stage/session-17-devsecops/devops-homework/. dst=/home/vansh/act-stage/session-17-devsecops/devops-homework
[Session 17 - DevSecOps Pipeline/5. Secret Scan (Gitleaks)    ]   ✅  Success - Main actions/checkout@v4 [53.935822ms]
[Session 17 - DevSecOps Pipeline/5. Secret Scan (Gitleaks)    ] ⭐ Run Main Install Gitleaks
[Session 17 - DevSecOps Pipeline/5. Secret Scan (Gitleaks)    ]   🐳  docker exec cmd=[bash --noprofile --norc -e -o pipefail /var/run/act/workflow/1.sh] user= workdir=session-17-devsecops
[Session 17 - DevSecOps Pipeline/5. Secret Scan (Gitleaks)    ]   | 8.21.2
[Session 17 - DevSecOps Pipeline/5. Secret Scan (Gitleaks)    ]   ✅  Success - Main Install Gitleaks [849.448303ms]
[Session 17 - DevSecOps Pipeline/5. Secret Scan (Gitleaks)    ]   ⚙  ::add-path:: /root/.local/bin
[Session 17 - DevSecOps Pipeline/5. Secret Scan (Gitleaks)    ] ⭐ Run Main Scan git history and working tree (fails the pipeline on any leak)
[Session 17 - DevSecOps Pipeline/5. Secret Scan (Gitleaks)    ]   🐳  docker exec cmd=[bash --noprofile --norc -e -o pipefail /var/run/act/workflow/2.sh] user= workdir=session-17-devsecops
[Session 17 - DevSecOps Pipeline/5. Secret Scan (Gitleaks)    ]   | 
[Session 17 - DevSecOps Pipeline/5. Secret Scan (Gitleaks)    ]   |     ○
[Session 17 - DevSecOps Pipeline/5. Secret Scan (Gitleaks)    ]   |     │╲
[Session 17 - DevSecOps Pipeline/5. Secret Scan (Gitleaks)    ]   |     │ ○
[Session 17 - DevSecOps Pipeline/5. Secret Scan (Gitleaks)    ]   |     ○ ░
[Session 17 - DevSecOps Pipeline/5. Secret Scan (Gitleaks)    ]   |     ░    gitleaks
[Session 17 - DevSecOps Pipeline/5. Secret Scan (Gitleaks)    ]   | 
[Session 17 - DevSecOps Pipeline/5. Secret Scan (Gitleaks)    ]   | Finding:     AWS_SECRET_ACCESS_KEY = "REDACTED"
[Session 17 - DevSecOps Pipeline/5. Secret Scan (Gitleaks)    ]   | Secret:      REDACTED
[Session 17 - DevSecOps Pipeline/5. Secret Scan (Gitleaks)    ]   | RuleID:      generic-api-key
[Session 17 - DevSecOps Pipeline/5. Secret Scan (Gitleaks)    ]   | Entropy:     4.653056
[Session 17 - DevSecOps Pipeline/5. Secret Scan (Gitleaks)    ]   | File:        session-17-devsecops/tests/fixtures/legacy_settings.py
[Session 17 - DevSecOps Pipeline/5. Secret Scan (Gitleaks)    ]   | Line:        4
[Session 17 - DevSecOps Pipeline/5. Secret Scan (Gitleaks)    ]   | Commit:      fcd4cb2b56d93f519bc9da23571cfeb084a0babc
[Session 17 - DevSecOps Pipeline/5. Secret Scan (Gitleaks)    ]   | Author:      Vansh Dobhal
[Session 17 - DevSecOps Pipeline/5. Secret Scan (Gitleaks)    ]   | Email:       vanshdobhal11@gmail.com
[Session 17 - DevSecOps Pipeline/5. Secret Scan (Gitleaks)    ]   | Date:        2026-10-07T18:08:44Z
[Session 17 - DevSecOps Pipeline/5. Secret Scan (Gitleaks)    ]   | Fingerprint: fcd4cb2b56d93f519bc9da23571cfeb084a0babc:session-17-devsecops/tests/fixtures/legacy_settings.py:generic-api-key:4
[Session 17 - DevSecOps Pipeline/5. Secret Scan (Gitleaks)    ]   | 
[Session 17 - DevSecOps Pipeline/5. Secret Scan (Gitleaks)    ]   | Finding:     S17_API_TOKEN = "REDACTED
[Session 17 - DevSecOps Pipeline/5. Secret Scan (Gitleaks)    ]   | Secret:      REDACTED
[Session 17 - DevSecOps Pipeline/5. Secret Scan (Gitleaks)    ]   | RuleID:      s17-internal-api-token
[Session 17 - DevSecOps Pipeline/5. Secret Scan (Gitleaks)    ]   | Entropy:     4.772582
[Session 17 - DevSecOps Pipeline/5. Secret Scan (Gitleaks)    ]   | File:        session-17-devsecops/tests/fixtures/legacy_settings.py
[Session 17 - DevSecOps Pipeline/5. Secret Scan (Gitleaks)    ]   | Line:        5
[Session 17 - DevSecOps Pipeline/5. Secret Scan (Gitleaks)    ]   | Commit:      fcd4cb2b56d93f519bc9da23571cfeb084a0babc
[Session 17 - DevSecOps Pipeline/5. Secret Scan (Gitleaks)    ]   | Author:      Vansh Dobhal
[Session 17 - DevSecOps Pipeline/5. Secret Scan (Gitleaks)    ]   | Email:       vanshdobhal11@gmail.com
[Session 17 - DevSecOps Pipeline/5. Secret Scan (Gitleaks)    ]   | Date:        2026-10-07T18:08:44Z
[Session 17 - DevSecOps Pipeline/5. Secret Scan (Gitleaks)    ]   | Fingerprint: fcd4cb2b56d93f519bc9da23571cfeb084a0babc:session-17-devsecops/tests/fixtures/legacy_settings.py:s17-internal-api-token:5
[Session 17 - DevSecOps Pipeline/5. Secret Scan (Gitleaks)    ]   | 
[Session 17 - DevSecOps Pipeline/5. Secret Scan (Gitleaks)    ]   | Finding:     ...WS_ACCESS_KEY_ID = "REDACTED"
[Session 17 - DevSecOps Pipeline/5. Secret Scan (Gitleaks)    ]   | Secret:      REDACTED
[Session 17 - DevSecOps Pipeline/5. Secret Scan (Gitleaks)    ]   | RuleID:      aws-access-token
[Session 17 - DevSecOps Pipeline/5. Secret Scan (Gitleaks)    ]   | Entropy:     3.146439
[Session 17 - DevSecOps Pipeline/5. Secret Scan (Gitleaks)    ]   | File:        session-17-devsecops/tests/fixtures/legacy_settings.py
[Session 17 - DevSecOps Pipeline/5. Secret Scan (Gitleaks)    ]   | Line:        3
[Session 17 - DevSecOps Pipeline/5. Secret Scan (Gitleaks)    ]   | Commit:      fcd4cb2b56d93f519bc9da23571cfeb084a0babc
[Session 17 - DevSecOps Pipeline/5. Secret Scan (Gitleaks)    ]   | Author:      Vansh Dobhal
[Session 17 - DevSecOps Pipeline/5. Secret Scan (Gitleaks)    ]   | Email:       vanshdobhal11@gmail.com
[Session 17 - DevSecOps Pipeline/5. Secret Scan (Gitleaks)    ]   | Date:        2026-10-07T18:08:44Z
[Session 17 - DevSecOps Pipeline/5. Secret Scan (Gitleaks)    ]   | Fingerprint: fcd4cb2b56d93f519bc9da23571cfeb084a0babc:session-17-devsecops/tests/fixtures/legacy_settings.py:aws-access-token:3
[Session 17 - DevSecOps Pipeline/5. Secret Scan (Gitleaks)    ]   | 
[Session 17 - DevSecOps Pipeline/5. Secret Scan (Gitleaks)    ]   | 6:11PM INF 2 commits scanned.
[Session 17 - DevSecOps Pipeline/5. Secret Scan (Gitleaks)    ]   | 6:11PM INF scan completed in 56.5ms
[Session 17 - DevSecOps Pipeline/5. Secret Scan (Gitleaks)    ]   | 6:11PM WRN leaks found: 3
[Session 17 - DevSecOps Pipeline/5. Secret Scan (Gitleaks)    ]   ❌  Failure - Main Scan git history and working tree (fails the pipeline on any leak) [212.708177ms]
[Session 17 - DevSecOps Pipeline/5. Secret Scan (Gitleaks)    ] exitcode '1': failure
[Session 17 - DevSecOps Pipeline/5. Secret Scan (Gitleaks)    ] ⭐ Run Main actions/upload-artifact@v4
[Session 17 - DevSecOps Pipeline/5. Secret Scan (Gitleaks)    ]   🐳  docker cp src=/home/vansh/.cache/act/actions-upload-artifact@v4/ dst=/var/run/act/actions/actions-upload-artifact@v4/
[Session 17 - DevSecOps Pipeline/5. Secret Scan (Gitleaks)    ]   🐳  docker exec cmd=[/opt/acttoolcache/node/24.19.0/x64/bin/node /var/run/act/actions/actions-upload-artifact@v4/dist/upload/index.js] user= workdir=
[Session 17 - DevSecOps Pipeline/5. Secret Scan (Gitleaks)    ]   | (node:75) [DEP0040] DeprecationWarning: The `punycode` module is deprecated. Please use a userland alternative instead.
[Session 17 - DevSecOps Pipeline/5. Secret Scan (Gitleaks)    ]   | (Use `node --trace-deprecation ...` to show where the warning was created)
[Session 17 - DevSecOps Pipeline/5. Secret Scan (Gitleaks)    ]   | With the provided path, there will be 1 file uploaded
[Session 17 - DevSecOps Pipeline/5. Secret Scan (Gitleaks)    ]   | Artifact name is valid!
[Session 17 - DevSecOps Pipeline/5. Secret Scan (Gitleaks)    ]   | Root directory input is valid!
[Session 17 - DevSecOps Pipeline/5. Secret Scan (Gitleaks)    ]   | Beginning upload of artifact content to blob storage
[Session 17 - DevSecOps Pipeline/5. Secret Scan (Gitleaks)    ]   | (node:75) [DEP0169] DeprecationWarning: `url.parse()` behavior is not standardized and prone to errors that have security implications. Use the WHATWG URL API instead. CVEs are not issued for `url.parse()` vulnerabilities.
[Session 17 - DevSecOps Pipeline/5. Secret Scan (Gitleaks)    ]   | Uploaded bytes 790
[Session 17 - DevSecOps Pipeline/5. Secret Scan (Gitleaks)    ]   | Finished uploading artifact content to blob storage!
[Session 17 - DevSecOps Pipeline/5. Secret Scan (Gitleaks)    ]   | SHA256 digest of uploaded artifact zip is 918469860a3a798dc55d07a3d41994ab6946dcf4e46f8f098ea2b14f5ee5de3f
[Session 17 - DevSecOps Pipeline/5. Secret Scan (Gitleaks)    ]   | Finalizing artifact upload
[Session 17 - DevSecOps Pipeline/5. Secret Scan (Gitleaks)    ]   | Artifact secret-scan-reports.zip successfully finalized. Artifact ID 2775750947
[Session 17 - DevSecOps Pipeline/5. Secret Scan (Gitleaks)    ]   | Artifact secret-scan-reports has been successfully uploaded! Final size is 790 bytes. Artifact ID is 2775750947
[Session 17 - DevSecOps Pipeline/5. Secret Scan (Gitleaks)    ]   | Artifact download URL: https://github.com/v4xsh/devops-homework/actions/runs/1/artifacts/2775750947
[Session 17 - DevSecOps Pipeline/5. Secret Scan (Gitleaks)    ]   ✅  Success - Main actions/upload-artifact@v4 [812.495297ms]
[Session 17 - DevSecOps Pipeline/5. Secret Scan (Gitleaks)    ]   ⚙  ::set-output:: artifact-id=2775750947
[Session 17 - DevSecOps Pipeline/5. Secret Scan (Gitleaks)    ]   ⚙  ::set-output:: artifact-digest=918469860a3a798dc55d07a3d41994ab6946dcf4e46f8f098ea2b14f5ee5de3f
[Session 17 - DevSecOps Pipeline/5. Secret Scan (Gitleaks)    ]   ⚙  ::set-output:: artifact-url=https://github.com/v4xsh/devops-homework/actions/runs/1/artifacts/2775750947
[Session 17 - DevSecOps Pipeline/5. Secret Scan (Gitleaks)    ] ⭐ Run Complete job
[Session 17 - DevSecOps Pipeline/5. Secret Scan (Gitleaks)    ]   ✅  Success - Complete job
[Session 17 - DevSecOps Pipeline/5. Secret Scan (Gitleaks)    ] 🏁  Job failed
Error: Job '5. Secret Scan (Gitleaks)' failed
